episode,policy,reward_mean,reward_total,vehicle_sr,task_sr,subtask_sr,v2v_subtask_sr,ratio_local,ratio_rsu,ratio_v2v,decision_frac_local,decision_frac_rsu,decision_frac_v2v,avg_power,power_ratio_mean,power_ratio_p95,episode_time_seconds,mean_cft_est,mean_cft_completed,task_duration_mean,task_duration_p95,deadline_miss_rate,time_limit_rate,illegal_action_rate,no_task_rate,unified_illegal_trigger_rate,I_total_mean,I_total_p50,I_total_p95,I_caused_mean,I_caused_p95,rho_selected_mean,rho_selected_p10,risk_penalty_mean,rho_selected_p50,rho_selected_p95,rho_selected_lt_0p6_rate,rho_selected_lt_0p7_rate,uncertainty_selected_mean,uncertainty_selected_p90,chain_tx_total,chain_p95_mean,chain_pfail_mean,chain_risk_cost_total,trust_attempts,trust_failures,trust_failure_rate,trust_retry_count,avg_queue_len,avg_rsu_queue
1,CP-EFT,-5.349614320114581,-1069.9228640229162,0.3,0.3,0.6153846153846154,0.8082191780821918,0.93925,0.04,0.02075,0.93925,0.04,0.02075,0.007779453357694981,0.12805684539415607,0.9734379680822216,20.000000000000014,23.19406843185425,8.066666666666654,8.066666666666654,10.32499999999998,0.7,1.0,0.0,0.92075,0.0,5.926720859861234e-06,3.0553760476531577e-12,1.85098407712303e-08,5.926720859861234e-06,1.85098407712303e-08,0.7144201397895813,0.5,0.08474930375814438,,,,,0.16774919629096985,0.5,243,0.0,0.0,0.0,228,42,0.18421052631578946,42,0.1315,1.715
2,CP-EFT,-2.273972310110041,-454.79446202200813,0.4,0.4,0.6627634660421545,0.7941176470588235,0.939,0.04025,0.02075,0.939,0.04025,0.02075,0.011858879383706862,0.19440785874929284,1.0,20.000000000000014,22.575051498413092,8.737499999999985,8.737499999999985,12.294999999999972,0.6,1.0,0.0,0.91725,0.0,1.8439649238644051e-06,0.0,1.1764626772770015e-10,1.8439649238644051e-06,1.1764626772770015e-10,0.7560663819313049,0.5,0.06867089867591858,,,,,0.15988312661647797,0.5,243,0.0,0.0,0.0,229,32,0.13973799126637554,32,0.1135,1.77
3,CP-EFT,-4.319009385862106,-863.8018771724213,0.25,0.25,0.5799522673031027,0.7894736842105263,0.95325,0.031,0.01575,0.95325,0.031,0.01575,0.00441585245689562,0.09445673704589559,1.0,20.000000000000014,23.31527557373047,6.459999999999992,6.459999999999992,9.67999999999998,0.75,1.0,0.0,0.93125,0.0,6.6299735408392735e-06,0.0,3.2838245260791155e-06,6.6299735408392735e-06,3.2838245260791155e-06,0.7658374905586243,0.5,0.06762893497943878,,,,,0.19739387929439545,0.5,187,0.0,0.0,0.0,175,15,0.08571428571428572,15,0.105,1.4
4,CP-EFT,-8.20913917263571,-1641.8278345271422,0.1,0.1,0.49875311720698257,0.7377049180327869,0.9565,0.02525,0.01825,0.9565,0.02525,0.01825,0.006792038574882535,0.15613881781339164,1.0,20.000000000000014,24.13521327972412,7.899999999999988,7.899999999999988,8.259999999999987,0.9,1.0,0.0,0.93875,0.0,1.0392546755610965e-05,0.0,0.00019952624279540032,1.0392546755610965e-05,0.00019952624279540032,0.7078068256378174,0.5,0.08641481399536133,,,,,0.21656900644302368,0.5,172,0.0,0.0,0.0,156,22,0.14102564102564102,22,0.10925,1.35
5,CP-EFT,-3.486079389013865,-697.215877802773,0.3,0.3,0.5687203791469194,0.8,0.9385,0.03475,0.02675,0.9385,0.03475,0.02675,0.01222944819227311,0.19885281613452208,1.0,20.000000000000014,23.648737525939946,7.266666666666656,7.266666666666656,8.149999999999988,0.7,1.0,0.0,0.92125,0.0,1.690380486252252e-06,0.0,2.3234800194948946e-10,1.690380486252252e-06,2.3234800194948946e-10,0.6800035238265991,0.34333959221839905,0.10761983692646027,,,,,0.1791819930076599,0.5,245,0.0,0.0,0.0,228,53,0.2324561403508772,53,0.1255,1.725
6,CP-EFT,-6.424611241264211,-1284.922248252842,0.15,0.15,0.5253012048192771,0.7068965517241379,0.9495,0.03075,0.01975,0.9495,0.03075,0.01975,0.008573913159665925,0.16978045860724603,1.0,20.000000000000014,23.627263641357423,7.133333333333323,7.133333333333323,9.049999999999983,0.85,1.0,0.0,0.92675,0.0,6.200817097123945e-06,0.0,1.1672743767121574e-06,6.200817097123945e-06,1.1672743767121574e-06,0.6318626999855042,0.4724999964237213,0.11987323313951492,,,,,0.19051212072372437,0.5,202,0.0,0.0,0.0,183,53,0.2896174863387978,53,0.1165,1.505
7,CP-EFT,-2.290442516879234,-458.0885033758468,0.35,0.35,0.5777262180974478,0.7115384615384616,0.944,0.03875,0.01725,0.944,0.03875,0.01725,0.006528973821657496,0.11658881824388387,1.0,20.000000000000014,23.56865911483765,7.84285714285713,7.84285714285713,11.109999999999976,0.65,1.0,0.0,0.92275,0.0,4.1908269849955104e-06,0.0,1.2050955788822648e-09,4.1908269849955104e-06,1.2050955788822648e-09,0.7166724801063538,0.5,0.08295875042676926,,,,,0.16768060624599457,0.5,222,0.0,0.0,0.0,207,43,0.20772946859903382,43,0.12125,1.66
8,CP-EFT,-2.6489067620820155,-529.7813524164031,0.1,0.1,0.46731234866828086,0.6727272727272727,0.9515,0.0315,0.017,0.9515,0.0315,0.017,0.007751245474150766,0.1598194943123869,1.0,20.000000000000014,24.30997724533081,5.299999999999997,5.299999999999997,6.109999999999994,0.9,1.0,0.0,0.93325,0.0,1.394393848386244e-06,0.0,3.478019294789192e-08,1.394393848386244e-06,3.478019294789192e-08,0.6384933590888977,0.5,0.11444168537855148,,,,,0.20490215718746185,0.5,194,0.0,0.0,0.0,175,49,0.28,49,0.107,1.595
9,CP-EFT,-3.8887592719276274,-777.7518543855255,0.3,0.3,0.5807962529274004,0.8333333333333334,0.93875,0.034,0.02725,0.93875,0.034,0.02725,0.005663588454218788,0.0924667502729598,0.9226399254264241,20.000000000000014,22.534720230102543,8.583333333333318,8.583333333333318,9.599999999999982,0.7,1.0,0.0,0.91775,0.0,9.259421858587302e-06,0.0,5.043424152972875e-06,9.259421858587302e-06,5.043424152972875e-06,0.6455144286155701,0.5,0.11145072430372238,,,,,0.1566130369901657,0.5,244,0.0,0.0,0.0,231,64,0.27705627705627706,64,0.1335,1.56
10,CP-EFT,-2.115520053552641,-423.1040107105282,0.25,0.25,0.667458432304038,0.8072289156626506,0.927,0.04175,0.03125,0.927,0.04175,0.03125,0.01248579833392119,0.1710383333413862,1.0,20.000000000000014,23.508763027191165,6.999999999999991,6.999999999999991,8.119999999999987,0.75,1.0,0.0,0.90675,0.0,1.0756801884781453e-06,0.0,1.4627852262805163e-09,1.0756801884781453e-06,1.4627852262805163e-09,0.6643757224082947,0.5,0.10763242095708847,,,,,0.16628430783748627,0.5,291,0.0,0.0,0.0,275,71,0.2581818181818182,71,0.213,2.32
11,CP-EFT,-5.010473095351365,-1002.094619070273,0.2,0.2,0.5776699029126213,0.6851851851851852,0.9475,0.03475,0.01775,0.9475,0.03475,0.01775,0.0062128621350965516,0.11834023114469623,1.0,20.000000000000014,22.91160173416138,5.649999999999995,5.649999999999995,6.354999999999993,0.8,1.0,0.0,0.92675,0.0,4.863286449108273e-06,0.0,2.23595737480764e-08,4.863286449108273e-06,2.23595737480764e-08,0.7183452844619751,0.5,0.08664706349372864,,,,,0.17457282543182373,0.5,210,0.0,0.0,0.0,192,34,0.17708333333333334,34,0.1,1.4
12,CP-EFT,-1.954117797502881,-390.8235595005762,0.3,0.3,0.6039119804400978,0.8285714285714286,0.946,0.0325,0.0215,0.946,0.0325,0.0215,0.00798378641320081,0.14784789654075578,0.9287509312061815,20.000000000000014,23.28146772384644,6.966666666666659,6.966666666666659,9.64999999999998,0.7,1.0,0.0,0.923,0.0,2.1661694518115837e-06,0.0,1.446409103600388e-10,2.1661694518115837e-06,1.446409103600388e-10,0.6609966158866882,0.5,0.10699547082185745,,,,,0.18480822443962097,0.5,216,0.0,0.0,0.0,204,46,0.22549019607843138,46,0.12725,1.465
13,CP-EFT,-3.4198716343244464,-533.4999749546137,0.1,0.1,0.6238317757009346,0.8555555555555555,0.9134615384615384,0.05032051282051282,0.03621794871794872,0.9134615384615384,0.05032051282051282,0.03621794871794872,0.00838018582967666,0.0968377029207081,1.0,15.59999999999996,18.964147100448606,7.39999999999999,7.39999999999999,8.119999999999987,0.9,0.0,0.0,0.882051282051282,0.0,2.0701754692709073e-06,0.0,2.358085060549797e-09,2.0701754692709073e-06,2.358085060549797e-09,0.6306578516960144,0.4164634048938751,0.11943123489618301,,,,,0.16047561168670654,0.5,270,0.0,0.0,0.0,255,82,0.3215686274509804,82,0.1996794871794872,2.7115384615384617
14,CP-EFT,-1.6691975816117506,-333.8395163223501,0.1,0.1,0.4812206572769953,0.7682926829268293,0.94425,0.03275,0.023,0.94425,0.03275,0.023,0.009414074332835845,0.16886231987149494,1.0,20.000000000000014,23.78674945831299,5.899999999999995,5.899999999999995,5.899999999999995,0.9,1.0,0.0,0.92875,0.0,5.07644790559425e-06,0.0,5.794918017665296e-11,5.07644790559425e-06,5.794918017665296e-11,0.6617808938026428,0.48730456829071045,0.10531347990036011,,,,,0.18639890849590302,0.5,223,0.0,0.0,0.0,202,55,0.2722772277227723,55,0.1135,1.42
15,CP-EFT,-1.8195799113516709,-363.91598227033415,0.45,0.45,0.6833333333333333,0.8181818181818182,0.94175,0.038,0.02025,0.94175,0.038,0.02025,0.0074117041782128705,0.1272395567075171,1.0,20.000000000000014,21.824365139007575,7.133333333333324,7.133333333333324,10.519999999999978,0.55,1.0,0.0,0.91425,0.0,3.142606828987482e-06,0.0,1.8979097460292138e-10,3.142606828987482e-06,1.8979097460292138e-10,0.728421688079834,0.5,0.07761313766241074,,,,,0.16395482420921326,0.5,233,0.0,0.0,0.0,220,38,0.17272727272727273,38,0.124,1.81
16,CP-EFT,-1.7911174339414424,-358.2234867882885,0.35,0.35,0.7493975903614458,0.8938053097345132,0.9135,0.0515,0.035,0.9135,0.0515,0.035,0.012706750315758436,0.1468988475810224,1.0,20.000000000000014,21.812152862548835,10.537499999999978,10.537499999999978,14.454999999999965,0.65,1.0,0.0,0.89225,0.0,1.7471606952312868e-06,0.0,1.2195183751728678e-10,1.7471606952312868e-06,1.2195183751728678e-10,0.6290895342826843,0.3658536672592163,0.12142892926931381,,,,,0.13388818502426147,0.5,341,0.0,0.0,0.0,325,100,0.3076923076923077,100,0.20325,2.55
17,CP-EFT,-2.632375440224851,-526.4750880449702,0.15,0.15,0.5550239234449761,0.7631578947368421,0.94825,0.03025,0.0215,0.94825,0.03025,0.0215,0.007786335194067386,0.15046058346023933,1.0,20.000000000000014,24.08951711654663,7.066666666666658,7.066666666666658,8.649999999999984,0.85,1.0,0.0,0.9285,0.0,2.7944595331064193e-06,0.0,5.303634753595077e-10,2.7944595331064193e-06,5.303634753595077e-10,0.6746892929077148,0.5,0.10098197311162949,,,,,0.20383068919181824,0.5,206,0.0,0.0,0.0,188,32,0.1702127659574468,32,0.133,1.46
18,CP-EFT,-2.0258352547235363,-405.1670509447072,0.2,0.2,0.5109489051094891,0.6666666666666666,0.94825,0.03525,0.0165,0.94825,0.03525,0.0165,0.006195714780470413,0.11972395711053933,0.9157844136824367,20.000000000000014,23.83615598678589,8.049999999999986,8.049999999999986,9.95499999999998,0.8,1.0,0.0,0.9275,0.0,2.909084514612914e-06,0.0,9.049570537378315e-10,2.909084514612914e-06,9.049570537378315e-10,0.6241907477378845,0.33000001311302185,0.12760530412197113,,,,,0.17160829901695251,0.5,207,0.0,0.0,0.0,187,56,0.2994652406417112,56,0.09725,1.48
19,CP-EFT,-3.7098562866201017,-545.3488741331549,0.3,0.3,0.7747524752475248,0.9047619047619048,0.9078231292517007,0.06190476190476191,0.030272108843537416,0.9078231292517007,0.06190476190476191,0.030272108843537416,0.010724412978099616,0.11634603009451243,1.0,14.699999999999964,16.048176202774037,8.899999999999984,8.899999999999984,11.724999999999975,0.7,0.0,0.0,0.8751700680272109,0.0,3.8129230688355165e-06,0.0,4.043428092348478e-10,3.8129230688355165e-06,4.043428092348478e-10,0.7580661177635193,0.5,0.07347896695137024,,,,,0.1519797146320343,0.5,271,0.0,0.0,0.0,262,43,0.16412213740458015,43,0.1707482993197279,2.795918367346939
20,CP-EFT,-2.4970826702211784,-354.58573917140734,0.4,0.4,0.815347721822542,0.935064935064935,0.903169014084507,0.059154929577464786,0.03767605633802817,0.903169014084507,0.059154929577464786,0.03767605633802817,0.014972505254962899,0.15462514517852594,1.0,14.199999999999966,16.152974348068227,7.887499999999989,7.887499999999989,11.059999999999976,0.6,0.0,0.0,0.8584507042253521,0.0,1.870020128080796e-06,0.0,1.1383408660137206e-09,1.870020128080796e-06,1.1383408660137206e-09,0.748926043510437,0.5,0.07274409383535385,,,,,0.14344140887260437,0.5,273,0.0,0.0,0.0,263,48,0.18250950570342206,48,0.24753521126760564,2.507042253521127
21,CP-EFT,-2.4976927958193897,-499.53855916387795,0.25,0.25,0.5361305361305362,0.782608695652174,0.94625,0.03375,0.02,0.94625,0.03375,0.02,0.006334256560882713,0.11784663369084117,1.0,20.000000000000014,22.743992519378665,7.099999999999992,7.099999999999992,10.659999999999977,0.75,1.0,0.0,0.9265,0.0,1.6346895392871374e-07,0.0,1.6756482312807464e-10,1.6346895392871374e-07,1.6756482312807464e-10,0.6768624782562256,0.47865384817123413,0.10181635618209839,,,,,0.18704897165298462,0.5,214,0.0,0.0,0.0,198,43,0.21717171717171718,43,0.121,1.525
22,CP-EFT,-2.4728144965942174,-494.5628993188435,0.35,0.35,0.5536585365853659,0.7384615384615385,0.94225,0.03375,0.024,0.94225,0.03375,0.024,0.008150194961403795,0.14112891708058517,1.0,20.000000000000014,22.938667392730714,7.785714285714273,7.785714285714273,10.849999999999977,0.65,1.0,0.0,0.92325,0.0,4.240239377395483e-06,0.0,2.874102622563157e-10,4.240239377395483e-06,2.874102622563157e-10,0.6308400630950928,0.42619049549102783,0.12117279320955276,,,,,0.18750518560409546,0.5,229,0.0,0.0,0.0,212,60,0.2830188679245283,60,0.1335,1.52
23,CP-EFT,-3.050531004378261,-610.1062008756522,0.2,0.2,0.5201900237529691,0.7068965517241379,0.952,0.03075,0.01725,0.952,0.03075,0.01725,0.004194786948918436,0.0873913947691341,0.6959019219621297,20.000000000000014,23.183786487579347,7.074999999999991,7.074999999999991,9.69999999999998,0.8,1.0,0.0,0.92975,0.0,3.4044153380818898e-06,0.0,3.4047362706957074e-09,3.4044153380818898e-06,3.4047362706957074e-09,0.6311586499214172,0.4583333432674408,0.12240514159202576,,,,,0.20248672366142273,0.5,190,0.0,0.0,0.0,172,39,0.22674418604651161,39,0.12975,1.73
24,CP-EFT,-1.0377141656697637,-207.54283313395274,0.15,0.15,0.4587378640776699,0.6206896551724138,0.95825,0.025,0.01675,0.95825,0.025,0.01675,0.005400105568118669,0.1293438459429621,1.0,20.000000000000014,24.020021057128908,5.533333333333329,5.533333333333329,6.279999999999993,0.85,1.0,0.0,0.93875,0.0,2.0797895103896735e-06,0.0,3.77264122719545e-11,2.0797895103896735e-06,3.77264122719545e-11,0.6654330492019653,0.4690196216106415,0.10776124894618988,,,,,0.2162366360425949,0.5,167,0.0,0.0,0.0,145,28,0.19310344827586207,28,0.09725,1.155
25,CP-EFT,-2.5069111467783465,-501.3822293556693,0.15,0.15,0.47417840375586856,0.7142857142857143,0.957,0.0245,0.0185,0.957,0.0245,0.0185,0.009708205536243873,0.22577222177311335,1.0,20.000000000000014,23.022208309173585,7.733333333333323,7.733333333333323,12.069999999999972,0.85,1.0,0.0,0.9375,0.0,4.9703057811711915e-06,0.0,2.2641077901397466e-09,4.9703057811711915e-06,2.2641077901397466e-09,0.7214468717575073,0.5,0.0811719298362732,,,,,0.2188687026500702,0.5,170,0.0,0.0,0.0,151,21,0.1390728476821192,21,0.1015,1.02
26,CP-EFT,-1.239017718298997,-225.50122473041745,0.4,0.4,0.634090909090909,0.8620689655172413,0.9324175824175824,0.03983516483516483,0.027747252747252746,0.9324175824175824,0.03983516483516483,0.027747252747252746,0.006797587043405477,0.10058218226827619,0.8493840083587445,18.19999999999999,21.56552665710449,8.124999999999986,8.124999999999986,12.244999999999969,0.6,0.0,0.0,0.9126373626373626,0.0,8.847330263961339e-07,0.0,4.370043216184172e-11,8.847330263961339e-07,4.370043216184172e-11,0.7780241966247559,0.5,0.06347798556089401,,,,,0.1746344119310379,0.5,246,0.0,0.0,0.0,234,23,0.09829059829059829,23,0.14862637362637363,1.7417582417582418
27,CP-EFT,-3.2275685000026395,-645.5137000005279,0.2,0.2,0.5047169811320755,0.7183098591549296,0.9485,0.0305,0.021,0.9485,0.0305,0.021,0.005867081800821908,0.11392391846256131,0.898054956107513,20.000000000000014,23.51070671081543,8.099999999999987,8.099999999999987,11.439999999999975,0.8,1.0,0.0,0.932,0.0,3.8332877920765895e-06,0.0,6.77527811632217e-09,3.8332877920765895e-06,6.77527811632217e-09,0.7294555902481079,0.5,0.08140421658754349,,,,,0.1951397955417633,0.5,206,0.0,0.0,0.0,185,29,0.15675675675675677,29,0.113,1.325
28,CP-EFT,-1.485123594900491,-206.43217969116824,0.3,0.3,0.7481296758104738,0.900990099009901,0.887410071942446,0.0683453237410072,0.04424460431654676,0.887410071942446,0.0683453237410072,0.04424460431654676,0.016202966583174123,0.14391133259177016,1.0,13.899999999999967,15.937706079483021,8.171428571428558,8.171428571428558,10.259999999999978,0.7,0.0,0.0,0.8607913669064748,0.0,1.5312153891500202e-06,0.0,4.9778344640705185e-11,1.5312153891500202e-06,4.9778344640705185e-11,0.6838050484657288,0.5,0.09808418899774551,,,,,0.15535739064216614,0.5,309,0.0,0.0,0.0,296,72,0.24324324324324326,72,0.25755395683453236,2.856115107913669
29,CP-EFT,-3.506466303575477,-522.4634792327461,0.5,0.5,0.7584541062801933,0.8888888888888888,0.9067114093959732,0.056375838926174496,0.03691275167785235,0.9067114093959732,0.056375838926174496,0.03691275167785235,0.011130170838743386,0.11930902553760897,1.0,14.899999999999963,16.72925024032591,8.439999999999985,8.439999999999985,11.369999999999974,0.5,0.0,0.0,0.8751677852348994,0.0,1.9280753349448787e-06,0.0,1.2909750601863834e-08,1.9280753349448787e-06,1.2909750601863834e-08,0.7252903580665588,0.5,0.07898824661970139,,,,,0.15785399079322815,0.5,277,0.0,0.0,0.0,267,46,0.17228464419475656,46,0.22046979865771812,2.523489932885906
30,CP-EFT,-6.201043990431156,-1240.2087980862311,0.2,0.2,0.4964871194379391,0.6896551724137931,0.95075,0.03175,0.0175,0.95075,0.03175,0.0175,0.005492348841373338,0.11151977342890028,1.0,20.000000000000014,24.226074314117433,7.799999999999988,7.799999999999988,11.244999999999976,0.8,1.0,0.0,0.932,0.0,5.001441422791686e-06,0.0,2.1784124726309528e-08,5.001441422791686e-06,2.1784124726309528e-08,0.6889684796333313,0.5,0.09461292624473572,,,,,0.20358210802078247,0.5,194,0.0,0.0,0.0,174,33,0.1896551724137931,33,0.105,1.48
31,CP-EFT,-3.999456285193411,-799.8912570386822,0.2,0.2,0.5755395683453237,0.7659574468085106,0.93375,0.0345,0.03175,0.93375,0.0345,0.03175,0.012366508875307913,0.18666428491030812,1.0,20.000000000000014,22.97526321411133,7.6249999999999885,7.6249999999999885,8.594999999999985,0.8,1.0,0.0,0.916,0.0,9.15346299734665e-06,0.0,2.221906747479352e-08,9.15346299734665e-06,2.221906747479352e-08,0.6484660506248474,0.3100000023841858,0.11904642730951309,,,,,0.1652219593524933,0.5,264,0.0,0.0,0.0,241,70,0.29045643153526973,70,0.14625,1.705
32,CP-EFT,-1.9875438708864819,-391.5461425646369,0.4,0.4,0.7596153846153846,0.9191919191919192,0.9205583756345178,0.04467005076142132,0.03477157360406091,0.9205583756345178,0.04467005076142132,0.03477157360406091,0.007202129503308869,0.09065939374772186,0.989172375308592,19.70000000000001,21.845064239501955,7.36249999999999,7.36249999999999,8.829999999999984,0.6,0.0,0.0,0.900253807106599,0.0,1.3035835308983224e-06,0.0,2.2015245182416265e-10,1.3035835308983224e-06,2.2015245182416265e-10,0.6890338063240051,0.5,0.0981280729174614,,,,,0.16177493333816528,0.5,311,0.0,0.0,0.0,300,62,0.20666666666666667,62,0.18959390862944162,2.2436548223350252
33,CP-EFT,-2.323808026069467,-464.7616052138934,0.45,0.45,0.7089201877934272,0.8735632183908046,0.9355,0.038,0.0265,0.9355,0.038,0.0265,0.011308239916884857,0.17532154909899006,1.0,20.000000000000014,21.847939300537114,9.05555555555554,9.05555555555554,11.859999999999973,0.55,1.0,0.0,0.914,0.0,3.568660531527712e-06,0.0,9.884202345489257e-10,3.568660531527712e-06,9.884202345489257e-10,0.7793990969657898,0.5,0.06267532706260681,,,,,0.16268067061901093,0.5,255,0.0,0.0,0.0,243,28,0.11522633744855967,28,0.1585,1.855
34,CP-EFT,-2.342739773028601,-468.5479546057202,0.35,0.35,0.6650485436893204,0.8666666666666667,0.9175,0.049,0.0335,0.9175,0.049,0.0335,0.010427332297613917,0.12639190663774444,1.0,20.000000000000014,22.454978847503668,9.757142857142838,9.757142857142838,12.219999999999972,0.65,1.0,0.0,0.8975,0.0,3.695959549077088e-06,0.0,2.2544129063550855e-10,3.695959549077088e-06,2.2544129063550855e-10,0.610870361328125,0.3547042906284332,0.1345183253288269,,,,,0.14123065769672394,0.5,329,0.0,0.0,0.0,315,119,0.37777777777777777,119,0.1945,2.47
35,CP-EFT,-1.9036314291434917,-380.72628582869834,0.3,0.3,0.6294536817102138,0.8470588235294118,0.9375,0.0375,0.025,0.9375,0.0375,0.025,0.004884701158827008,0.07815521854123213,1.0,20.000000000000014,23.15510044097901,8.799999999999985,8.799999999999985,12.299999999999972,0.7,1.0,0.0,0.91725,0.0,3.999146883870708e-06,0.0,9.378204463006412e-11,3.999146883870708e-06,9.378204463006412e-11,0.6908244490623474,0.5,0.09731349349021912,,,,,0.16437062621116638,0.5,250,0.0,0.0,0.0,237,48,0.20253164556962025,48,0.1365,1.715
36,CP-EFT,-3.51944429683353,-703.888859366706,0.25,0.25,0.5071428571428571,0.7352941176470589,0.94925,0.0315,0.01925,0.94925,0.0315,0.01925,0.010014302352395464,0.19732615472700424,1.0,20.000000000000014,22.96419725418091,8.759999999999984,8.759999999999984,12.779999999999971,0.75,1.0,0.0,0.93125,0.0,1.8523353446653346e-06,0.0,4.4728182269082595e-10,1.8523353446653346e-06,4.4728182269082595e-10,0.7049212455749512,0.32380953431129456,0.10018979758024216,,,,,0.1745055764913559,0.5,203,0.0,0.0,0.0,183,37,0.20218579234972678,37,0.09525,1.555
37,CP-EFT,-2.836813319540306,-567.3626639080612,0.15,0.15,0.6276346604215457,0.8289473684210527,0.93975,0.0385,0.02175,0.93975,0.0385,0.02175,0.00892065252295058,0.1480606227875615,1.0,20.000000000000014,23.299605369567875,10.774999999999977,10.774999999999977,13.434999999999969,0.85,1.0,0.0,0.919,0.0,4.548782726487843e-06,0.0,1.5834109579060396e-09,4.548782726487843e-06,1.5834109579060396e-09,0.70305997133255,0.5,0.09372799843549728,,,,,0.16506609320640564,0.5,241,0.0,0.0,0.0,226,37,0.16371681415929204,37,0.13475,1.865
38,CP-EFT,-4.187802479153058,-837.5604958306117,0.2,0.2,0.5467625899280576,0.7323943661971831,0.94625,0.03025,0.0235,0.94625,0.03025,0.0235,0.01267492044582335,0.23581247341066697,1.0,20.000000000000014,22.349200916290286,9.374999999999982,9.374999999999982,10.704999999999977,0.8,1.0,0.0,0.92725,0.0,3.733905941771809e-06,0.0,5.405651481993345e-10,3.733905941771809e-06,5.405651481993345e-10,0.6764342188835144,0.5,0.10096263140439987,,,,,0.19840092957019806,0.5,214,0.0,0.0,0.0,195,40,0.20512820512820512,40,0.12075,1.69
39,CP-EFT,-2.8264901869854424,-565.2980373970885,0.2,0.2,0.5320665083135392,0.8026315789473685,0.94375,0.03325,0.023,0.94375,0.03325,0.023,0.010366373891440581,0.18429109140338815,1.0,20.000000000000014,24.016611671447755,7.39999999999999,7.39999999999999,9.654999999999982,0.8,1.0,0.0,0.926,0.0,7.534823907917598e-06,0.0,6.609830194292954e-08,7.534823907917598e-06,6.609830194292954e-08,0.6838402152061462,0.5,0.09711456298828125,,,,,0.1801464706659317,0.5,224,0.0,0.0,0.0,207,50,0.24154589371980675,50,0.1155,1.54
40,CP-EFT,-1.983866780004072,-396.7733560008144,0.5,0.5,0.6863207547169812,0.8518518518518519,0.93375,0.0415,0.02475,0.93375,0.0415,0.02475,0.010726449498714775,0.1619086716787136,1.0,20.000000000000014,23.424272823333744,8.419999999999984,8.419999999999984,10.229999999999979,0.5,1.0,0.0,0.91575,0.0,5.197786322241882e-06,0.0,1.5804310637967944e-10,5.197786322241882e-06,1.5804310637967944e-10,0.7473793029785156,0.5,0.07395795732736588,,,,,0.1672762632369995,0.5,265,0.0,0.0,0.0,253,32,0.12648221343873517,32,0.12975,1.875
41,CP-EFT,-4.279380535954279,-855.8761071908558,0.2,0.2,0.5821256038647343,0.7534246575342466,0.947,0.03,0.023,0.947,0.03,0.023,0.007984925282320776,0.15065896759095807,1.0,20.000000000000014,22.794609451293947,8.074999999999987,8.074999999999987,10.569999999999979,0.8,1.0,0.0,0.92625,0.0,6.490419082183507e-07,0.0,7.691776660045946e-10,6.490419082183507e-07,7.691776660045946e-10,0.7461353540420532,0.5,0.07111024856567383,,,,,0.17332036793231964,0.5,206,0.0,0.0,0.0,187,32,0.1711229946524064,32,0.123,1.66
42,CP-EFT,-1.5872515781777898,-317.45031563555796,0.35,0.35,0.568075117370892,0.7948717948717948,0.94825,0.02875,0.023,0.94825,0.02875,0.023,0.007744871922279368,0.14965936081699263,1.0,20.000000000000014,23.424069499969487,5.771428571428567,5.771428571428567,6.87999999999999,0.65,1.0,0.0,0.9295,0.0,7.58581109039369e-07,0.0,7.843403010410199e-11,7.58581109039369e-07,7.843403010410199e-11,0.7279435396194458,0.5,0.08136381953954697,,,,,0.21494744718074799,0.5,206,0.0,0.0,0.0,190,21,0.11052631578947368,21,0.12925,1.575
43,CP-EFT,-0.8328780132606624,-166.57560265213246,0.1,0.1,0.468384074941452,0.7090909090909091,0.9545,0.02825,0.01725,0.9545,0.02825,0.01725,0.007367986732071872,0.16193377433124992,1.0,20.000000000000014,24.03226795196533,6.849999999999992,6.849999999999992,7.25499999999999,0.9,1.0,0.0,0.93525,0.0,1.4987226393259334e-07,0.0,2.1363754515446587e-11,1.4987226393259334e-07,2.1363754515446587e-11,0.6992238163948059,0.5,0.08949065953493118,,,,,0.2021641731262207,0.5,182,0.0,0.0,0.0,164,36,0.21951219512195122,36,0.1055,1.28
44,CP-EFT,-3.709508783449565,-741.901756689913,0.1,0.1,0.4855769230769231,0.7068965517241379,0.957,0.027,0.016,0.957,0.027,0.016,0.007282595786921897,0.1693626927191139,1.0,20.000000000000014,23.895798015594483,8.799999999999985,8.799999999999985,9.879999999999981,0.9,1.0,0.0,0.9365,0.0,2.3741899894957896e-06,0.0,3.1874358707995043e-10,2.3741899894957896e-06,3.1874358707995043e-10,0.6586257815361023,0.5,0.10659916698932648,,,,,0.20626753568649292,0.5,172,0.0,0.0,0.0,154,29,0.18831168831168832,29,0.0825,1.175
45,CP-EFT,-3.678175071455512,-588.508011432882,0.4,0.4,0.7128953771289538,0.8863636363636364,0.910625,0.049375,0.04,0.910625,0.049375,0.04,0.012569763708447125,0.14064071282178603,1.0,15.99999999999996,18.10945911407469,9.262499999999983,9.262499999999983,14.249999999999963,0.6,0.0,0.0,0.880625,0.0,3.2575765089859487e-06,0.0,6.007038755306837e-10,3.2575765089859487e-06,6.007038755306837e-10,0.6865744590759277,0.5,0.09735015779733658,,,,,0.16998112201690674,0.5,286,0.0,0.0,0.0,276,76,0.2753623188405797,76,0.255625,2.33125
46,CP-EFT,-4.811457484981854,-962.2914969963707,0.35,0.35,0.6208530805687204,0.7464788732394366,0.9415,0.036,0.0225,0.9415,0.036,0.0225,0.008551659306080856,0.14618221036035647,1.0,20.000000000000014,22.594260406494147,8.699999999999985,8.699999999999985,12.199999999999973,0.65,1.0,0.0,0.9145,0.0,8.082090062089264e-06,1.0603568804251617e-12,3.132358017410297e-07,8.082090062089264e-06,3.132358017410297e-07,0.6368334889411926,0.5,0.11592239141464233,,,,,0.16837038099765778,0.5,234,0.0,0.0,0.0,215,60,0.27906976744186046,60,0.13925,1.615
47,CP-EFT,-2.0042560802208396,-400.85121604416787,0.35,0.35,0.6196172248803827,0.8,0.93575,0.03775,0.0265,0.93575,0.03775,0.0265,0.01065353031570742,0.16581370141178867,1.0,20.000000000000014,23.14355087280274,6.99999999999999,6.99999999999999,8.439999999999985,0.65,1.0,0.0,0.919,0.0,1.533194108560565e-06,0.0,2.473653781809304e-10,1.533194108560565e-06,2.473653781809304e-10,0.6786982417106628,0.3888888955116272,0.10565447062253952,,,,,0.1751561462879181,0.5,254,0.0,0.0,0.0,239,48,0.200836820083682,48,0.154,1.885
48,CP-EFT,-3.8484303397136133,-769.6860679427226,0.25,0.25,0.6487804878048781,0.8333333333333334,0.93675,0.0365,0.02675,0.93675,0.0365,0.02675,0.008958644983589371,0.14163865586702562,0.9974065135109824,20.000000000000014,22.31849622726441,8.739999999999984,8.739999999999984,11.879999999999974,0.75,1.0,0.0,0.91825,0.0,9.18307250685757e-06,0.0,1.5875352232797013e-07,9.18307250685757e-06,1.5875352232797013e-07,0.7128240466117859,0.5,0.0880255252122879,,,,,0.1727277934551239,0.5,251,0.0,0.0,0.0,234,42,0.1794871794871795,42,0.11625,1.835
49,CP-EFT,-2.7065617887617863,-378.91865042665006,0.45,0.45,0.7639902676399026,0.9347826086956522,0.8860714285714286,0.07321428571428572,0.04071428571428572,0.8860714285714286,0.07321428571428572,0.04071428571428572,0.018149788187042402,0.15930848565429065,1.0,13.999999999999966,15.378845310211165,10.055555555555536,10.055555555555536,12.359999999999971,0.55,0.0,0.0,0.8514285714285714,0.0,3.2731331884860992e-06,0.0,4.1015174589986714e-10,3.2731331884860992e-06,4.1015174589986714e-10,0.6418153643608093,0.3695652186870575,0.11799073964357376,,,,,0.12067124247550964,0.5,319,0.0,0.0,0.0,312,91,0.2916666666666667,91,0.22428571428571428,3.392857142857143
50,CP-EFT,-2.0210166277215382,-404.20332554430763,0.3,0.3,0.6298850574712643,0.8,0.9445,0.0345,0.021,0.9445,0.0345,0.021,0.005340045387531808,0.09621703400958213,1.0,20.000000000000014,23.36930780410767,9.41666666666665,9.41666666666665,11.674999999999974,0.7,1.0,0.0,0.92025,0.0,1.2080075748599484e-06,0.0,1.399523691381077e-10,1.2080075748599484e-06,1.399523691381077e-10,0.7293825149536133,0.5,0.08060825616121292,,,,,0.19231939315795898,0.5,218,0.0,0.0,0.0,205,27,0.13170731707317074,27,0.134,1.59
51,CP-EFT,-2.9230404764397373,-584.6080952879474,0.15,0.15,0.4541176470588235,0.6885245901639344,0.94575,0.03375,0.0205,0.94575,0.03375,0.0205,0.008650953030098364,0.15946457198338004,1.0,20.000000000000014,23.71158285140991,6.8999999999999915,6.8999999999999915,7.26999999999999,0.85,1.0,0.0,0.928,0.0,1.5050425190565875e-06,0.0,1.5890375126836886e-10,1.5050425190565875e-06,1.5890375126836886e-10,0.5414203405380249,0.4000000059604645,0.158046692609787,,,,,0.1818370223045349,0.5,215,0.0,0.0,0.0,196,74,0.37755102040816324,74,0.1295,1.705
52,CP-EFT,-4.5263428410617275,-905.2685682123455,0.05,0.05,0.36778846153846156,0.4489795918367347,0.96925,0.01775,0.013,0.96925,0.01775,0.013,0.006096644793259862,0.19826487132552403,1.0,20.000000000000014,24.923608779907227,4.4,4.4,4.4,0.95,1.0,0.0,0.95225,0.0,9.753647645993624e-06,9.152852087357388e-12,2.709759064600803e-05,9.753647645993624e-06,2.709759064600803e-05,0.6603794693946838,0.5,0.10747549682855606,,,,,0.27059903740882874,0.5,123,0.0,0.0,0.0,96,9,0.09375,9,0.0825,0.85
53,CP-EFT,-2.0175362084913284,-403.5072416982657,0.25,0.25,0.6162790697674418,0.8157894736842105,0.9305,0.0415,0.028,0.9305,0.0415,0.028,0.007879640097219988,0.11337611650676242,1.0,20.000000000000014,23.10193777084351,6.559999999999993,6.559999999999993,8.839999999999984,0.75,1.0,0.0,0.912,0.0,3.0668732051708503e-06,0.0,2.2067132843250903e-10,3.0668732051708503e-06,2.2067132843250903e-10,0.6506204009056091,0.4285714328289032,0.1140984445810318,,,,,0.17190469801425934,0.5,278,0.0,0.0,0.0,264,69,0.26136363636363635,69,0.18,2.275
54,CP-EFT,-4.619229848998284,-923.8459697996568,0.2,0.2,0.5317073170731708,0.7169811320754716,0.95275,0.0285,0.01875,0.95275,0.0285,0.01875,0.0054615170283810145,0.11558766197631777,0.9738264877434668,20.000000000000014,22.54083671569824,6.999999999999991,6.999999999999991,11.069999999999974,0.8,1.0,0.0,0.92875,0.0,1.259186092283926e-06,0.0,4.054698354849506e-09,1.259186092283926e-06,4.054698354849506e-09,0.6407413482666016,0.5,0.1140778586268425,,,,,0.20326228439807892,0.5,189,0.0,0.0,0.0,171,48,0.2807017543859649,48,0.11475,1.36
55,CP-EFT,-3.2519275577104647,-650.3855115420929,0.25,0.25,0.5391923990498813,0.782051282051282,0.9485,0.02925,0.02225,0.9485,0.02925,0.02225,0.006682408990607055,0.1297555143807195,0.9744454984881464,20.000000000000014,22.82470445632935,6.799999999999992,6.799999999999992,9.219999999999983,0.75,1.0,0.0,0.92725,0.0,5.197866812522989e-06,0.0,3.070459797527292e-08,5.197866812522989e-06,3.070459797527292e-08,0.666516125202179,0.5,0.10336172580718994,,,,,0.20392347872257233,0.5,206,0.0,0.0,0.0,189,42,0.2222222222222222,42,0.135,1.415
56,CP-EFT,-3.914348257930863,-782.8696515861726,0.5,0.5,0.7793427230046949,0.8902439024390244,0.925,0.04325,0.03175,0.925,0.04325,0.03175,0.010058545111479772,0.1341139348197303,1.0,20.000000000000014,22.046807289123542,7.629999999999988,7.629999999999988,10.199999999999978,0.5,1.0,0.0,0.90175,0.0,1.8074427998726605e-06,0.0,4.447235635307578e-10,1.8074427998726605e-06,4.447235635307578e-10,0.740420401096344,0.5,0.08123031258583069,,,,,0.1484222710132599,0.5,300,0.0,0.0,0.0,291,49,0.16838487972508592,49,0.1615,2.18
57,CP-EFT,-2.8129592215327057,-562.5918443065411,0.3,0.3,0.6199095022624435,0.8089887640449438,0.9425,0.03225,0.02525,0.9425,0.03225,0.02525,0.008508926736659074,0.1479813345505926,1.0,20.000000000000014,23.860858154296878,8.483333333333318,8.483333333333318,10.749999999999979,0.7,1.0,0.0,0.91825,0.0,1.8795398091242532e-06,0.0,1.0853828058543513e-07,1.8795398091242532e-06,1.0853828058543513e-07,0.7195717096328735,0.5,0.08351735025644302,,,,,0.18814915418624878,0.5,229,0.0,0.0,0.0,212,33,0.15566037735849056,33,0.15225,1.72
58,CP-EFT,-2.160180427757814,-432.0360855515628,0.15,0.15,0.5588235294117647,0.7555555555555555,0.9385,0.035,0.0265,0.9385,0.035,0.0265,0.011605272381376338,0.18870361595733884,1.0,20.000000000000014,24.06040315628052,6.633333333333326,6.633333333333326,8.019999999999987,0.85,1.0,0.0,0.92,0.0,1.1688963468259317e-06,0.0,2.60325289103136e-10,1.1688963468259317e-06,2.60325289103136e-10,0.6366145014762878,0.3448275923728943,0.12171871960163116,,,,,0.18000298738479614,0.5,245,0.0,0.0,0.0,223,67,0.3004484304932735,67,0.168,1.645
59,CP-EFT,-4.6246828140617895,-924.9365628123579,0.35,0.35,0.6276849642004774,0.8024691358024691,0.9335,0.04125,0.02525,0.9335,0.04125,0.02525,0.013039373414780389,0.19608080322978022,1.0,20.000000000000014,22.56124124526978,8.971428571428557,8.971428571428557,13.919999999999966,0.65,1.0,0.0,0.916,0.0,8.71649262990104e-06,0.0,7.473256573575782e-07,8.71649262990104e-06,7.473256573575782e-07,0.7038583159446716,0.5,0.09157606959342957,,,,,0.16494014859199524,0.5,265,0.0,0.0,0.0,246,53,0.21544715447154472,53,0.12925,1.85
60,CP-EFT,-3.4765643906388517,-695.3128781277703,0.25,0.25,0.5767326732673267,0.8472222222222222,0.94725,0.0315,0.02125,0.94725,0.0315,0.02125,0.007013842354472147,0.13296383610373738,1.0,20.000000000000014,22.947524642944337,9.979999999999979,9.979999999999979,11.999999999999973,0.75,1.0,0.0,0.92675,0.0,4.1819271245913114e-06,0.0,4.701523614869529e-09,4.1819271245913114e-06,4.701523614869529e-09,0.689953088760376,0.5,0.09676147252321243,,,,,0.1816100776195526,0.5,209,0.0,0.0,0.0,196,41,0.20918367346938777,41,0.124,1.445
61,CP-EFT,-3.719326347959759,-743.8652695919518,0.15,0.15,0.4963680387409201,0.6923076923076923,0.9505,0.0285,0.021,0.9505,0.0285,0.021,0.007076220628513227,0.14295395209117626,0.9612242310911617,20.000000000000014,23.843622589111327,5.533333333333329,5.533333333333329,5.979999999999995,0.85,1.0,0.0,0.9285,0.0,4.101333615835756e-06,0.0,3.760874633940148e-08,4.101333615835756e-06,3.760874633940148e-08,0.5927757620811462,0.3333333432674408,0.14051133394241333,,,,,0.20889294147491455,0.5,198,0.0,0.0,0.0,178,53,0.29775280898876405,53,0.12575,1.75
62,CP-EFT,-0.9468742183857178,-189.37484367714356,0.45,0.45,0.6778846153846154,0.8235294117647058,0.934,0.03875,0.02725,0.934,0.03875,0.02725,0.010497252626398992,0.1590492822181666,1.0,20.000000000000014,22.550757312774664,7.411111111111101,7.411111111111101,10.37999999999998,0.55,1.0,0.0,0.90925,0.0,2.999065600306494e-07,0.0,2.944500893109492e-11,2.999065600306494e-07,2.944500893109492e-11,0.6482569575309753,0.5,0.11134222894906998,,,,,0.16143426299095154,0.5,261,0.0,0.0,0.0,248,66,0.2661290322580645,66,0.18075,1.9
63,CP-EFT,-5.24988242668108,-1049.976485336216,0.05,0.05,0.42892156862745096,0.6037735849056604,0.9635,0.02,0.0165,0.9635,0.02,0.0165,0.00811677600395128,0.22237742476578853,1.0,20.000000000000014,24.320874404907226,5.999999999999995,5.999999999999995,5.999999999999995,0.95,1.0,0.0,0.9435,0.0,9.024805876833852e-06,4.1546930826252826e-12,1.125762537412811e-06,9.024805876833852e-06,1.125762537412811e-06,0.6200166940689087,0.3333333432674408,0.12520669400691986,,,,,0.24822303652763367,0.5,145,0.0,0.0,0.0,124,26,0.20967741935483872,26,0.0975,1.04
64,CP-EFT,-1.7142514351222657,-274.28022961956253,0.5,0.5,0.83451536643026,0.912621359223301,0.8934375,0.0628125,0.04375,0.8934375,0.0628125,0.04375,0.012034995023969892,0.1129383697264037,1.0,15.99999999999996,18.049973392486546,8.409999999999986,8.409999999999986,11.999999999999973,0.5,0.0,0.0,0.86875,0.0,8.432944582636992e-07,0.0,7.939560814351765e-11,8.432944582636992e-07,7.939560814351765e-11,0.729391872882843,0.5,0.08216214179992676,,,,,0.14312894642353058,0.5,335,0.0,0.0,0.0,324,55,0.1697530864197531,55,0.259375,3.175
65,CP-EFT,-3.52884575170308,-705.769150340616,0.2,0.2,0.606280193236715,0.85,0.93425,0.0425,0.02325,0.93425,0.0425,0.02325,0.0087371750078149,0.1328847909933825,1.0,20.000000000000014,23.368967056274418,7.224999999999991,7.224999999999991,10.254999999999978,0.8,1.0,0.0,0.91375,0.0,5.7244551499024965e-06,0.0,1.509750213735117e-09,5.7244551499024965e-06,1.509750213735117e-09,0.6230716109275818,0.5,0.1195494532585144,,,,,0.16930647194385529,0.5,263,0.0,0.0,0.0,251,77,0.30677290836653387,77,0.12875,1.825
66,CP-EFT,-1.7685345498092544,-353.7069099618509,0.4,0.4,0.6174334140435835,0.8378378378378378,0.9335,0.042,0.0245,0.9335,0.042,0.0245,0.00964388070092982,0.14502076241999728,1.0,20.000000000000014,23.296479797363286,7.38749999999999,7.38749999999999,11.294999999999975,0.6,1.0,0.0,0.91725,0.0,1.1074691883550258e-06,0.0,1.0018975926673335e-10,1.1074691883550258e-06,1.0018975926673335e-10,0.6947816610336304,0.4000000059604645,0.10097608715295792,,,,,0.17022374272346497,0.5,265,0.0,0.0,0.0,251,58,0.23107569721115537,58,0.1395,1.715
67,CP-EFT,-2.021639627103418,-404.32792542068364,0.5,0.5,0.745920745920746,0.92,0.92775,0.04375,0.0285,0.92775,0.04375,0.0285,0.004168923289418177,0.057701360407171984,0.588935469420152,20.000000000000014,21.815160465240485,7.999999999999988,7.999999999999988,10.514999999999977,0.5,1.0,0.0,0.90875,0.0,1.0884610901484848e-06,0.0,4.3014342088198987e-10,1.0884610901484848e-06,4.3014342088198987e-10,0.772311806678772,0.5,0.06473300606012344,,,,,0.15296219289302826,0.5,287,0.0,0.0,0.0,277,33,0.11913357400722022,33,0.1515,2.165
68,CP-EFT,-5.671866215119285,-1134.373243023857,0.15,0.15,0.6193853427895981,0.7752808988764045,0.9445,0.03275,0.02275,0.9445,0.03275,0.02275,0.00870454331746209,0.15683861833265025,1.0,20.000000000000014,23.611235904693604,8.933333333333318,8.933333333333318,11.089999999999977,0.85,1.0,0.0,0.922,0.0,8.380321560252924e-06,0.0,4.270306774856181e-09,8.380321560252924e-06,4.270306774856181e-09,0.7120159268379211,0.5,0.08932296931743622,,,,,0.1909342110157013,0.5,222,0.0,0.0,0.0,199,23,0.11557788944723618,23,0.12625,1.525
69,CP-EFT,-2.0655813073548894,-413.11626147097786,0.2,0.2,0.6537530266343826,0.8351648351648352,0.94225,0.033,0.02475,0.94225,0.033,0.02475,0.010047264147963166,0.17397859996473017,1.0,20.000000000000014,23.55293474197388,6.274999999999993,6.274999999999993,8.189999999999987,0.8,1.0,0.0,0.92175,0.0,4.917550540994853e-06,0.0,4.077945481295586e-10,4.917550540994853e-06,4.077945481295586e-10,0.7546738982200623,0.5,0.06988178938627243,,,,,0.18220631778240204,0.5,231,0.0,0.0,0.0,213,23,0.107981220657277,23,0.14975,1.71
70,CP-EFT,-1.3695228778459432,-273.90457556918864,0.6,0.6,0.819047619047619,0.9186046511627907,0.92875,0.048,0.02325,0.92875,0.048,0.02325,0.011026793071425787,0.15476200802001108,1.0,20.000000000000014,21.566434764862066,9.39166666666665,9.39166666666665,12.069999999999972,0.4,1.0,0.0,0.90475,0.0,8.982234476206941e-07,0.0,5.1699099862245745e-11,8.982234476206941e-07,5.1699099862245745e-11,0.7721673250198364,0.5,0.061993300914764404,,,,,0.1487930417060852,0.5,285,0.0,0.0,0.0,277,27,0.09747292418772563,27,0.14,2.2
71,CP-EFT,-4.274069624422568,-854.8139248845135,0.35,0.35,0.5566502463054187,0.75,0.94675,0.033,0.02025,0.94675,0.033,0.02025,0.009386307296204897,0.17626868161887135,1.0,20.000000000000014,23.243222618103033,7.242857142857133,7.242857142857133,11.369999999999974,0.65,1.0,0.0,0.929,0.0,4.9408668019168545e-06,0.0,6.286987819237311e-09,4.9408668019168545e-06,6.286987819237311e-09,0.7009340524673462,0.5,0.08812516927719116,,,,,0.17807051539421082,0.5,212,0.0,0.0,0.0,196,40,0.20408163265306123,40,0.11,1.39
72,CP-EFT,-3.264054042119988,-652.8108084239976,0.2,0.2,0.5011820330969267,0.6274509803921569,0.96225,0.0245,0.01325,0.96225,0.0245,0.01325,0.004521293790853767,0.11976937194314613,1.0,20.000000000000014,23.641391563415528,6.274999999999993,6.274999999999993,7.524999999999989,0.8,1.0,0.0,0.93775,0.0,1.1689297707562218e-06,1.232247810734055e-12,2.0587806459637648e-10,1.1689297707562218e-06,2.0587806459637648e-10,0.6609339714050293,0.4444444477558136,0.10756552219390869,,,,,0.21413061022758484,0.5,151,0.0,0.0,0.0,131,12,0.0916030534351145,12,0.09825,1.265
73,CP-EFT,-1.7381251522526182,-347.62503045052364,0.25,0.25,0.5710900473933649,0.746268656716418,0.95075,0.0305,0.01875,0.95075,0.0305,0.01875,0.008576304453144506,0.17413816148516761,1.0,20.000000000000014,23.682752704620363,6.619999999999993,6.619999999999993,10.05999999999998,0.75,1.0,0.0,0.933,0.0,1.0981761988659855e-06,1.2302264242036731e-12,8.242831417426544e-11,1.0981761988659855e-06,8.242831417426544e-11,0.7968012690544128,0.5,0.05912100151181221,,,,,0.19478708505630493,0.5,195,0.0,0.0,0.0,178,7,0.03932584269662921,7,0.11275,1.34
74,CP-EFT,-1.4135060343474644,-282.70120686949286,0.25,0.25,0.5497630331753555,0.8131868131868132,0.93925,0.03325,0.0275,0.93925,0.03325,0.0275,0.0105759557811275,0.17408980709674893,0.9648109695682906,20.000000000000014,24.017519950866703,7.49999999999999,7.49999999999999,7.899999999999988,0.75,1.0,0.0,0.922,0.0,1.9261658508185064e-06,0.0,4.126443631236043e-11,1.9261658508185064e-06,4.126443631236043e-11,0.6792497634887695,0.39692309498786926,0.10164962708950043,,,,,0.18395784497261047,0.5,239,0.0,0.0,0.0,222,59,0.26576576576576577,59,0.13725,1.575
75,CP-EFT,-3.266679404676408,-653.3358809352816,0.2,0.2,0.5212264150943396,0.6428571428571429,0.9445,0.0365,0.019,0.9445,0.0365,0.019,0.007971526426234232,0.14363110677899515,1.0,20.000000000000014,24.605718994140624,7.499999999999989,7.499999999999989,9.539999999999981,0.8,1.0,0.0,0.92425,0.0,1.0391087926109321e-05,0.0,0.0001995262282434851,1.0391087926109321e-05,0.0001995262282434851,0.6506944298744202,0.41999998688697815,0.11723867803812027,,,,,0.17406126856803894,0.5,221,0.0,0.0,0.0,200,58,0.29,58,0.117,1.61
76,CP-EFT,-3.943038955404073,-788.6077910808145,0.1,0.1,0.4879807692307692,0.7571428571428571,0.959,0.02175,0.01925,0.959,0.02175,0.01925,0.005502256703164887,0.13420138300402165,1.0,20.000000000000014,23.732946968078615,4.749999999999999,4.749999999999999,4.974999999999998,0.9,1.0,0.0,0.93725,0.0,8.098896614683326e-06,0.0,2.5549806714764145e-09,8.098896614683326e-06,2.5549806714764145e-09,0.6887233257293701,0.5,0.09781565517187119,,,,,0.2310299128293991,0.5,164,0.0,0.0,0.0,145,21,0.14482758620689656,21,0.101,1.0
77,CP-EFT,-2.8435400555575585,-568.7080111115117,0.2,0.2,0.4790697674418605,0.7049180327868853,0.95575,0.02425,0.02,0.95575,0.02425,0.02,0.007715537617445946,0.1743624320326768,1.0,20.000000000000014,23.414277648925783,7.049999999999992,7.049999999999992,9.984999999999978,0.8,1.0,0.0,0.9325,0.0,9.306011634180322e-06,0.0,1.957197182100856e-10,9.306011634180322e-06,1.957197182100856e-10,0.6353784203529358,0.5,0.11471851915121078,,,,,0.20608459413051605,0.5,175,0.0,0.0,0.0,157,40,0.25477707006369427,40,0.11275,1.065
78,CP-EFT,-4.846551325919838,-814.2206227545327,0.2,0.2,0.4976635514018692,0.7951807228915663,0.9392857142857143,0.033928571428571426,0.026785714285714284,0.9392857142857143,0.033928571428571426,0.026785714285714284,0.00589612459496389,0.09711264038764053,0.9701971414357811,16.79999999999997,19.819420585632315,6.824999999999992,6.824999999999992,8.539999999999985,0.8,0.0,0.0,0.9166666666666666,0.0,2.360188545935671e-06,0.0,2.786529007536842e-09,2.360188545935671e-06,2.786529007536842e-09,0.6258172392845154,0.5,0.12052207440137863,,,,,0.19969311356544495,0.5,203,0.0,0.0,0.0,186,42,0.22580645161290322,42,0.14523809523809525,1.4523809523809523
79,CP-EFT,-9.117425181426283,-1823.4850362852565,0.2,0.2,0.4738095238095238,0.7464788732394366,0.9285,0.0475,0.024,0.9285,0.0475,0.024,0.009115366053733337,0.12748763711515157,1.0,20.000000000000014,23.01976718902588,10.924999999999976,10.924999999999976,12.654999999999971,0.8,1.0,0.0,0.91075,0.0,9.226013389707077e-06,0.0,2.047077941824682e-06,9.226013389707077e-06,2.047077941824682e-06,0.46073511242866516,0.25151515007019043,0.20798911154270172,,,,,0.14511056244373322,0.5,277,0.0,0.0,0.0,259,131,0.5057915057915058,131,0.12175,1.93
80,CP-EFT,-1.869414400566946,-214.9826560651988,0.7,0.7,0.9347826086956522,0.9908256880733946,0.8478260869565217,0.08826086956521739,0.06391304347826086,0.8478260869565217,0.08826086956521739,0.06391304347826086,0.02273277783843928,0.14938682579545817,1.0,11.499999999999975,11.977543735504131,8.653333333333318,8.653333333333318,11.219999999999976,0.3,0.0,0.0,0.8060869565217391,0.0,3.7836939554836135e-06,0.0,8.213701246928551e-11,3.7836939554836135e-06,8.213701246928551e-11,0.7491550445556641,0.4761904776096344,0.07773607224225998,,,,,0.13846732676029205,0.5,348,0.0,0.0,0.0,344,55,0.15988372093023256,55,0.3869565217391304,4.452173913043478
81,CP-EFT,-5.969941943100614,-1193.9883886201228,0.0,0.0,0.42168674698795183,0.6129032258064516,0.9605,0.0225,0.017,0.9605,0.0225,0.017,0.0063613716977768105,0.1610473847538433,1.0,20.000000000000014,24.17142677307129,0.0,0.0,0.0,1.0,1.0,0.0,0.94275,0.0,8.442299986199941e-06,0.0,2.1429350454127416e-06,8.442299986199941e-06,2.1429350454127416e-06,0.6788235306739807,0.5,0.10074702650308609,,,,,0.22787189483642578,0.5,157,0.0,0.0,0.0,132,24,0.18181818181818182,24,0.10525,1.22
82,CP-EFT,-4.343313976664931,-868.6627953329863,0.15,0.15,0.5350467289719626,0.7384615384615385,0.94425,0.03425,0.0215,0.94425,0.03425,0.0215,0.008274055102937593,0.14841354444731109,1.0,20.000000000000014,23.084356594085694,7.233333333333324,7.233333333333324,9.199999999999983,0.85,1.0,0.0,0.92225,0.0,3.1337021937360987e-06,0.0,8.79927597452479e-09,3.1337021937360987e-06,8.79927597452479e-09,0.6165658235549927,0.39393940567970276,0.13008205592632294,,,,,0.17023280262947083,0.5,218,0.0,0.0,0.0,197,57,0.2893401015228426,57,0.10525,1.64
83,CP-EFT,-6.111284932135338,-1222.2569864270677,0.25,0.25,0.5024154589371981,0.78125,0.955,0.02575,0.01925,0.955,0.02575,0.01925,0.0046892990267064045,0.1042066450379201,1.0,20.000000000000014,23.203069305419923,6.939999999999991,6.939999999999991,10.999999999999975,0.75,1.0,0.0,0.935,0.0,6.1469318097806536e-06,0.0,9.357558283795697e-09,6.1469318097806536e-06,9.357558283795697e-09,0.7108915448188782,0.5,0.08681709319353104,,,,,0.2163694202899933,0.5,178,0.0,0.0,0.0,162,25,0.15432098765432098,25,0.11325,1.215
84,CP-EFT,-6.734014332182758,-1346.8028664365515,0.25,0.25,0.5328638497652582,0.711864406779661,0.95275,0.0295,0.01775,0.95275,0.0295,0.01775,0.00448870350141352,0.09499901590293164,0.8582760381259927,20.000000000000014,23.409368419647215,6.079999999999994,6.079999999999994,9.339999999999982,0.75,1.0,0.0,0.92975,0.0,2.7580363166634925e-06,0.0,6.563639942669397e-08,2.7580363166634925e-06,6.563639942669397e-08,0.7038175463676453,0.5,0.08797970414161682,,,,,0.20058801770210266,0.5,189,0.0,0.0,0.0,172,31,0.18023255813953487,31,0.10275,1.255
85,CP-EFT,-4.449918052080577,-889.9836104161153,0.2,0.2,0.4724220623501199,0.7361111111111112,0.9485,0.031,0.0205,0.9485,0.031,0.0205,0.010931238990402959,0.21225706777481465,1.0,20.000000000000014,24.61726589202881,7.599999999999989,7.599999999999989,10.304999999999978,0.8,1.0,0.0,0.9325,0.0,5.57984503757325e-06,0.0,4.44612302530345e-09,5.57984503757325e-06,4.44612302530345e-09,0.5971679091453552,0.43011584877967834,0.13468657433986664,,,,,0.1881878525018692,0.5,205,0.0,0.0,0.0,185,52,0.2810810810810811,52,0.1065,1.28
86,CP-EFT,-3.501527094682992,-567.2473893386447,0.3,0.3,0.6527093596059114,0.8526315789473684,0.9197530864197531,0.0441358024691358,0.03611111111111111,0.9197530864197531,0.0441358024691358,0.03611111111111111,0.01243263624577752,0.15492977475507375,1.0,16.19999999999996,19.8938614463806,8.633333333333319,8.633333333333319,10.949999999999978,0.7,0.0,0.0,0.899074074074074,0.0,6.5012786762963515e-06,0.0,6.771998073418217e-08,6.5012786762963515e-06,6.771998073418217e-08,0.6952645778656006,0.5,0.08986175805330276,,,,,0.15557512640953064,0.5,254,0.0,0.0,0.0,239,43,0.1799163179916318,43,0.17962962962962964,2.228395061728395
87,CP-EFT,-2.7435315021508178,-548.7063004301635,0.2,0.2,0.5164319248826291,0.6,0.9545,0.03225,0.01325,0.9545,0.03225,0.01325,0.005948201758624534,0.13072970898075897,1.0,20.000000000000014,23.624381351470948,7.29999999999999,7.29999999999999,9.684999999999981,0.8,1.0,0.0,0.9325,0.0,6.532836778205819e-07,1.5576174247980412e-12,1.171786001563646e-10,6.532836778205819e-07,1.171786001563646e-10,0.7317861914634705,0.5,0.07927323132753372,,,,,0.18718357384204865,0.5,182,0.0,0.0,0.0,163,26,0.15950920245398773,26,0.08375,1.3
88,CP-EFT,-4.9277091177224035,-985.5418235444806,0.35,0.35,0.6443914081145584,0.8045977011494253,0.9415,0.03475,0.02375,0.9415,0.03475,0.02375,0.007382581466081419,0.12619797377916958,0.8635160257544291,20.000000000000014,23.006750965118414,6.585714285714279,6.585714285714279,10.619999999999976,0.65,1.0,0.0,0.92125,0.0,4.237057964928681e-06,0.0,2.03335615012179e-09,4.237057964928681e-06,2.03335615012179e-09,0.7529135346412659,0.5,0.06886988133192062,,,,,0.18545088171958923,0.5,234,0.0,0.0,0.0,215,23,0.10697674418604651,23,0.12875,1.87
89,CP-EFT,-3.2393958355497547,-647.8791671099509,0.35,0.35,0.6188235294117647,0.8441558441558441,0.937,0.0375,0.0255,0.937,0.0375,0.0255,0.008055159551699158,0.12785967542379614,0.8206868661168993,20.000000000000014,22.874331092834478,7.157142857142849,7.157142857142849,9.169999999999982,0.65,1.0,0.0,0.915,0.0,9.105837648348825e-07,0.0,3.4536121518158325e-08,9.105837648348825e-07,3.4536121518158325e-08,0.6540759205818176,0.5,0.1075659990310669,,,,,0.1720331758260727,0.5,252,0.0,0.0,0.0,240,61,0.25416666666666665,61,0.1655,1.76
90,CP-EFT,-4.185504330574415,-837.100866114883,0.25,0.25,0.684331797235023,0.8681318681318682,0.92875,0.04,0.03125,0.92875,0.04,0.03125,0.012503491838012845,0.17548760474403996,1.0,20.000000000000014,22.423953247070315,8.599999999999985,8.599999999999985,11.219999999999976,0.75,1.0,0.0,0.90325,0.0,9.613871952751651e-06,0.0,1.7361047639496974e-06,9.613871952751651e-06,1.7361047639496974e-06,0.6648152470588684,0.40439027547836304,0.11227497458457947,,,,,0.16247263550758362,0.5,284,0.0,0.0,0.0,271,71,0.26199261992619927,71,0.1765,2.065
91,CP-EFT,-7.915464158161006,-1583.0928316322013,0.2,0.2,0.5296912114014252,0.6333333333333333,0.94425,0.03125,0.0245,0.94425,0.03125,0.0245,0.007163566799244032,0.12849447173531894,1.0,20.000000000000014,23.684519672393797,8.249999999999988,8.249999999999988,10.969999999999978,0.8,1.0,0.0,0.92125,0.0,1.194484229927184e-05,2.1845325028080342e-12,0.00019952624279540032,1.194484229927184e-05,0.00019952624279540032,0.6220518946647644,0.3333333432674408,0.13234750926494598,,,,,0.20017704367637634,0.5,221,0.0,0.0,0.0,198,65,0.3282828282828283,65,0.15275,1.65
92,CP-EFT,-5.3397373532375365,-1067.9474706475073,0.2,0.2,0.5047846889952153,0.7377049180327869,0.94875,0.03175,0.0195,0.94875,0.03175,0.0195,0.007029149561927573,0.13715413779370877,0.960066035296611,20.000000000000014,23.6485333442688,6.824999999999992,6.824999999999992,7.679999999999988,0.8,1.0,0.0,0.92975,0.0,4.524396899796557e-06,0.0,3.6614526521816515e-08,4.524396899796557e-06,3.6614526521816515e-08,0.6253741979598999,0.5,0.11975490301847458,,,,,0.19722066819667816,0.5,204,0.0,0.0,0.0,188,51,0.2712765957446808,51,0.1145,1.265
93,CP-EFT,-4.820633771549432,-964.1267543098865,0.1,0.1,0.4630541871921182,0.6721311475409836,0.95475,0.026,0.01925,0.95475,0.026,0.01925,0.009891785589384692,0.21860299645049044,1.0,20.000000000000014,24.425929737091064,9.349999999999984,9.349999999999984,9.844999999999981,0.9,1.0,0.0,0.93875,0.0,1.1254441233177204e-05,0.0,9.821358253248036e-05,1.1254441233177204e-05,9.821358253248036e-05,0.6813281178474426,0.5,0.10095666348934174,,,,,0.21253789961338043,0.5,179,0.0,0.0,0.0,158,30,0.189873417721519,30,0.10725,1.34
94,CP-EFT,-2.289224920167726,-457.8449840335452,0.25,0.25,0.605080831408776,0.7222222222222222,0.93625,0.03325,0.0305,0.93625,0.03325,0.0305,0.011986821017734357,0.18802856498406836,0.9995060067979181,20.000000000000014,23.32946519851685,8.399999999999986,8.399999999999986,12.079999999999972,0.75,1.0,0.0,0.91425,0.0,2.273120344398194e-06,0.0,6.105479455342788e-10,2.273120344398194e-06,6.105479455342788e-10,0.6928250789642334,0.484423965215683,0.09967255592346191,,,,,0.1804506480693817,0.5,254,0.0,0.0,0.0,229,53,0.2314410480349345,53,0.14125,1.62
95,CP-EFT,-1.337006812276733,-267.4013624553466,0.65,0.65,0.8926014319809069,0.9513888888888888,0.91475,0.04525,0.04,0.91475,0.04525,0.04,0.012285801931492162,0.1441149786685298,1.0,20.000000000000014,21.45067853927613,8.199999999999987,8.199999999999987,10.739999999999975,0.35,1.0,0.0,0.89475,0.0,2.155014044546988e-06,0.0,3.776954790590814e-11,2.155014044546988e-06,3.776954790590814e-11,0.7798137664794922,0.5,0.05985968932509422,,,,,0.1493571549654007,0.5,340,0.0,0.0,0.0,333,39,0.11711711711711711,39,0.21525,2.175
96,CP-EFT,-2.5843663239758383,-516.8732647951676,0.25,0.25,0.5513126491646778,0.8032786885245902,0.95025,0.032,0.01775,0.95025,0.032,0.01775,0.007226390065293795,0.14525407166419685,1.0,20.000000000000014,23.481293487548832,7.539999999999989,7.539999999999989,8.739999999999984,0.75,1.0,0.0,0.92875,0.0,1.9208055164199322e-06,0.0,3.496124778568088e-10,1.9208055164199322e-06,3.496124778568088e-10,0.6924433708190918,0.44341084361076355,0.09979135543107986,,,,,0.18920665979385376,0.5,197,0.0,0.0,0.0,184,35,0.19021739130434784,35,0.1185,1.305
97,CP-EFT,-1.7939738506185556,-358.79477012371115,0.2,0.2,0.5508274231678487,0.7746478873239436,0.9495,0.027,0.0235,0.9495,0.027,0.0235,0.008049409316900139,0.15939424389901266,1.0,20.000000000000014,23.446557140350343,5.899999999999995,5.899999999999995,7.4499999999999895,0.8,1.0,0.0,0.92825,0.0,1.3094397672830382e-06,0.0,6.037770977629364e-11,1.3094397672830382e-06,6.037770977629364e-11,0.672787606716156,0.5,0.10672251880168915,,,,,0.22599749267101288,0.5,202,0.0,0.0,0.0,185,32,0.17297297297297298,32,0.14175,1.345
98,CP-EFT,-1.7967143989466459,-359.3428797893292,0.15,0.15,0.572463768115942,0.7424242424242424,0.9345,0.0395,0.026,0.9345,0.0395,0.026,0.009525229229695306,0.1454233470182489,1.0,20.000000000000014,23.776407337188722,7.6666666666666545,7.6666666666666545,9.73999999999998,0.85,1.0,0.0,0.911,0.0,1.9013872361028916e-06,0.0,2.209877281167394e-10,1.9013872361028916e-06,2.209877281167394e-10,0.6200456023216248,0.45614975690841675,0.12243623286485672,,,,,0.15773150324821472,0.5,262,0.0,0.0,0.0,242,93,0.384297520661157,93,0.14,2.01
99,CP-EFT,-3.8645662453422656,-772.9132490684531,0.25,0.25,0.5734597156398105,0.7926829268292683,0.94125,0.03325,0.0255,0.94125,0.03325,0.0255,0.008000702398982935,0.13618216849332654,1.0,20.000000000000014,23.016338443756105,7.29999999999999,7.29999999999999,11.039999999999976,0.75,1.0,0.0,0.91925,0.0,4.157327111897757e-06,0.0,1.21084999804566e-08,4.157327111897757e-06,1.21084999804566e-08,0.6387109756469727,0.35030773282051086,0.12215369939804077,,,,,0.18064618110656738,0.5,234,0.0,0.0,0.0,217,56,0.25806451612903225,56,0.13325,1.72
100,CP-EFT,-5.631615383917076,-1126.3230767834152,0.15,0.15,0.48104265402843605,0.6949152542372882,0.955,0.0275,0.0175,0.955,0.0275,0.0175,0.010067438340944243,0.22372085202098319,1.0,20.000000000000014,23.770505714416505,8.433333333333318,8.433333333333318,9.159999999999984,0.85,1.0,0.0,0.93275,0.0,1.7872531543616788e-06,3.208655129788296e-12,1.2300526464059658e-07,1.7872531543616788e-06,1.2300526464059658e-07,0.6332414746284485,0.5,0.11537647247314453,,,,,0.22334471344947815,0.5,180,0.0,0.0,0.0,162,41,0.25308641975308643,41,0.11375,1.26
101,CP-EFT,-4.924928763725479,-984.9857527450959,0.1,0.1,0.47058823529411764,0.7288135593220338,0.95775,0.02475,0.0175,0.95775,0.02475,0.0175,0.008253803808104884,0.19535630315041144,1.0,20.000000000000014,23.589294719696046,5.049999999999998,5.049999999999998,5.184999999999998,0.9,1.0,0.0,0.93775,0.0,4.754254405270331e-06,0.0,8.830996733877328e-08,4.754254405270331e-06,8.830996733877328e-08,0.7075918912887573,0.5,0.08488647639751434,,,,,0.21232543885707855,0.5,168,0.0,0.0,0.0,152,27,0.17763157894736842,27,0.09575,1.02
102,CP-EFT,-5.852798966808109,-1170.5597933616218,0.2,0.2,0.4439140811455847,0.6984126984126984,0.9585,0.025,0.0165,0.9585,0.025,0.0165,0.005362953642849482,0.12922779862287906,1.0,20.000000000000014,23.450696563720705,6.999999999999991,6.999999999999991,8.324999999999987,0.8,1.0,0.0,0.9395,0.0,4.631506271834951e-06,5.072944668504942e-12,1.0406796491224668e-07,4.631506271834951e-06,1.0406796491224668e-07,0.6554992198944092,0.20416666567325592,0.12382723391056061,,,,,0.2142942100763321,0.5,166,0.0,0.0,0.0,146,31,0.21232876712328766,31,0.0785,1.135
103,CP-EFT,-2.5302086021049615,-506.0417204209923,0.4,0.4,0.7105263157894737,0.8987341772151899,0.93475,0.0415,0.02375,0.93475,0.0415,0.02375,0.008561341128744075,0.1312082931608287,1.0,20.000000000000014,22.04924106597901,10.03749999999998,10.03749999999998,11.829999999999973,0.6,1.0,0.0,0.913,0.0,3.464124347374309e-06,0.0,4.2295039692774594e-10,3.464124347374309e-06,4.2295039692774594e-10,0.7241038680076599,0.5,0.08383174985647202,,,,,0.15507489442825317,0.5,260,0.0,0.0,0.0,251,36,0.14342629482071714,36,0.13125,1.92
104,CP-EFT,-2.7939247221102157,-558.7849444220432,0.15,0.15,0.38954869358669836,0.5531914893617021,0.96725,0.0195,0.01325,0.96725,0.0195,0.01325,0.005780840549730473,0.17651421525894576,1.0,20.000000000000014,25.431914329528812,5.166666666666664,5.166666666666664,6.609999999999992,0.85,1.0,0.0,0.94875,0.0,3.4450074508640682e-06,0.0,3.019628769251881e-09,3.4450074508640682e-06,3.019628769251881e-09,0.6568531394004822,0.5,0.11148113012313843,,,,,0.2705947160720825,0.5,129,0.0,0.0,0.0,108,14,0.12962962962962962,14,0.084,1.19
105,CP-EFT,-2.0228296273876385,-404.56592547752774,0.25,0.25,0.5770171149144254,0.7662337662337663,0.9445,0.0315,0.024,0.9445,0.0315,0.024,0.00616987282929942,0.11116887980719672,1.0,20.000000000000014,23.642848300933842,5.839999999999995,5.839999999999995,6.639999999999993,0.75,1.0,0.0,0.92275,0.0,3.159497509841458e-06,0.0,2.0817628176850178e-10,3.159497509841458e-06,2.0817628176850178e-10,0.6600285768508911,0.5,0.10945270955562592,,,,,0.18232165277004242,0.5,220,0.0,0.0,0.0,201,49,0.24378109452736318,49,0.1295,1.56
106,CP-EFT,-3.018687577655256,-449.7844490706331,0.5,0.5,0.7607655502392344,0.9223300970873787,0.8986577181208054,0.05704697986577181,0.04429530201342282,0.8986577181208054,0.05704697986577181,0.04429530201342282,0.017954846396375315,0.17717033861323986,1.0,14.899999999999963,16.49528675079344,8.729999999999984,8.729999999999984,12.009999999999973,0.5,0.0,0.0,0.8590604026845637,0.0,1.2945590697199805e-06,0.0,2.689602984773387e-10,1.2945590697199805e-06,2.689602984773387e-10,0.6176267266273499,0.3333333432674408,0.13087177276611328,,,,,0.153721421957016,0.5,302,0.0,0.0,0.0,293,89,0.3037542662116041,89,0.25033557046979865,2.8523489932885906
107,CP-EFT,-2.002285628249239,-400.4571256498478,0.45,0.45,0.7002341920374707,0.8734177215189873,0.932,0.04275,0.02525,0.932,0.04275,0.02525,0.008263780866184792,0.12152618920859988,1.0,20.000000000000014,22.42444696426392,8.733333333333317,8.733333333333317,11.579999999999975,0.55,1.0,0.0,0.9075,0.0,4.378376615932211e-06,0.0,1.0354733737116817e-09,4.378376615932211e-06,1.0354733737116817e-09,0.6973240971565247,0.5,0.09433391690254211,,,,,0.15703491866588593,0.5,271,0.0,0.0,0.0,260,59,0.22692307692307692,59,0.14925,1.935
108,CP-EFT,-2.9036015749443402,-580.720314988868,0.2,0.2,0.6374407582938388,0.7586206896551724,0.94125,0.033,0.02575,0.94125,0.033,0.02575,0.009690608505429457,0.16494652775199078,1.0,20.000000000000014,22.50210647583008,8.874999999999986,8.874999999999986,12.90499999999997,0.8,1.0,0.0,0.9135,0.0,2.6951493055094033e-06,0.0,6.005670960540499e-10,2.6951493055094033e-06,6.005670960540499e-10,0.6779429316520691,0.5,0.09840729087591171,,,,,0.18685682117938995,0.5,235,0.0,0.0,0.0,213,52,0.24413145539906103,52,0.16125,1.595
109,CP-EFT,-2.935488031109577,-587.0976062219154,0.3,0.3,0.6674757281553398,0.8829787234042553,0.92675,0.045,0.02825,0.92675,0.045,0.02825,0.007795800606384262,0.10642731203254961,1.0,20.000000000000014,22.71291637420655,9.766666666666648,9.766666666666648,12.549999999999972,0.7,1.0,0.0,0.904,0.0,5.4653869483445305e-06,0.0,4.2428088820045673e-10,5.4653869483445305e-06,4.2428088820045673e-10,0.6167382001876831,0.30434781312942505,0.13450318574905396,,,,,0.15169282257556915,0.5,293,0.0,0.0,0.0,280,91,0.325,91,0.15625,2.29
110,CP-EFT,-3.0578245262200157,-611.5649052440032,0.15,0.15,0.5909090909090909,0.8333333333333334,0.946,0.03175,0.02225,0.946,0.03175,0.02225,0.0074395072727955844,0.13776865319991824,1.0,20.000000000000014,23.468575763702397,6.233333333333327,6.233333333333327,9.89999999999998,0.85,1.0,0.0,0.927,0.0,2.7562275590753416e-06,0.0,3.138924897783113e-09,2.7562275590753416e-06,3.138924897783113e-09,0.7451611757278442,0.5,0.07573634386062622,,,,,0.20116259157657623,0.5,213,0.0,0.0,0.0,198,24,0.12121212121212122,24,0.12525,1.445
111,CP-EFT,-1.9900091394317283,-398.00182788634567,0.35,0.35,0.655421686746988,0.8780487804878049,0.94025,0.0385,0.02125,0.94025,0.0385,0.02125,0.009922763648065432,0.16607135812661805,1.0,20.000000000000014,23.01685543060303,7.671428571428559,7.671428571428559,11.009999999999977,0.65,1.0,0.0,0.92225,0.0,3.9036813177517615e-06,0.0,1.9995310962528379e-10,3.9036813177517615e-06,1.9995310962528379e-10,0.7725078463554382,0.5,0.06507600098848343,,,,,0.15566648542881012,0.5,239,0.0,0.0,0.0,228,22,0.09649122807017543,22,0.10725,1.655
112,CP-EFT,-2.2532330531979663,-450.64661063959323,0.35,0.35,0.6477832512315271,0.8117647058823529,0.93775,0.03675,0.0255,0.93775,0.03675,0.0255,0.010210959849764448,0.1640314835303526,1.0,20.000000000000014,22.592513275146487,8.371428571428556,8.371428571428556,10.719999999999978,0.65,1.0,0.0,0.91325,0.0,1.4083802852837835e-06,0.0,2.0482100737684306e-10,1.4083802852837835e-06,2.0482100737684306e-10,0.6137610673904419,0.5,0.12562952935695648,,,,,0.17800308763980865,0.5,249,0.0,0.0,0.0,233,65,0.27896995708154504,65,0.1505,2.1
113,CP-EFT,-4.151668001952903,-830.3336003905806,0.5,0.5,0.6643356643356644,0.8840579710144928,0.942,0.03625,0.02175,0.942,0.03625,0.02175,0.0041874227026396735,0.07219694314895989,0.6495525565268938,20.000000000000014,22.49627656936646,8.829999999999984,8.829999999999984,12.934999999999969,0.5,1.0,0.0,0.91675,0.0,6.785831828892697e-06,0.0,5.371928679664961e-08,6.785831828892697e-06,5.371928679664961e-08,0.7506778836250305,0.5,0.06953161954879761,,,,,0.15593884885311127,0.5,232,0.0,0.0,0.0,223,37,0.16591928251121077,37,0.1445,1.6
114,CP-EFT,-5.181895477450602,-1036.3790954901203,0.25,0.25,0.533175355450237,0.6666666666666666,0.938,0.0405,0.0215,0.938,0.0405,0.0215,0.006128000418292491,0.09883871642407241,0.9304379424438922,20.000000000000014,24.453847122192382,7.739999999999988,7.739999999999988,9.959999999999981,0.75,1.0,0.0,0.9235,0.0,7.364928933384363e-06,1.3785782411457337e-13,2.1747265321891973e-08,7.364928933384363e-06,2.1747265321891973e-08,0.6670361161231995,0.5,0.10388872027397156,,,,,0.17043191194534302,0.5,246,0.0,0.0,0.0,224,57,0.2544642857142857,57,0.1235,1.785
115,CP-EFT,-6.358598055207958,-1271.7196110415916,0.15,0.15,0.5882352941176471,0.7571428571428571,0.94675,0.032,0.02125,0.94675,0.032,0.02125,0.011784448702263793,0.2213042009814797,1.0,20.000000000000014,23.442421245574952,5.166666666666664,5.166666666666664,5.969999999999994,0.85,1.0,0.0,0.91825,0.0,7.979091606102884e-06,4.3076206122059923e-13,1.0408314210508252e-06,7.979091606102884e-06,1.0408314210508252e-06,0.6475421190261841,0.5,0.1085229441523552,,,,,0.18621991574764252,0.5,213,0.0,0.0,0.0,193,51,0.26424870466321243,51,0.1205,1.435
116,CP-EFT,-2.6134713217701555,-522.6942643540311,0.1,0.1,0.3803827751196172,0.5666666666666667,0.963,0.019,0.018,0.963,0.019,0.018,0.006494122319952338,0.17551681945817127,1.0,20.000000000000014,24.22898178100586,5.299999999999997,5.299999999999997,6.289999999999994,0.9,1.0,0.0,0.94625,0.0,6.363769102790684e-07,2.5394799110789457e-12,4.774264317219945e-10,6.363769102790684e-07,4.774264317219945e-10,0.6535931825637817,0.5,0.10830283164978027,,,,,0.2552066147327423,0.5,147,0.0,0.0,0.0,121,26,0.21487603305785125,26,0.0935,0.93
117,CP-EFT,-3.254754148375132,-481.70361395951954,0.5,0.5,0.801452784503632,0.9423076923076923,0.8986486486486487,0.06047297297297297,0.04087837837837838,0.8986486486486487,0.06047297297297297,0.04087837837837838,0.014182677609974258,0.13993575241841266,1.0,14.799999999999963,16.010334300994856,7.4999999999999885,7.4999999999999885,11.229999999999976,0.5,0.0,0.0,0.8682432432432432,0.0,6.742760433553485e-06,0.0,3.862086650485708e-09,6.742760433553485e-06,3.862086650485708e-09,0.6948949098587036,0.5,0.09119150042533875,,,,,0.15246298909187317,0.5,300,0.0,0.0,0.0,292,48,0.1643835616438356,48,0.23108108108108108,2.810810810810811
118,CP-EFT,-5.758200344926559,-1151.6400689853117,0.1,0.1,0.4930232558139535,0.7142857142857143,0.94375,0.035,0.02125,0.94375,0.035,0.02125,0.007473236193689103,0.13285753233225073,1.0,20.000000000000014,25.200301361083984,10.449999999999978,10.449999999999978,13.914999999999965,0.9,1.0,0.0,0.92225,0.0,2.677697239050758e-06,1.6205077644354526e-12,2.2954678158271236e-08,2.677697239050758e-06,2.2954678158271236e-08,0.5866876840591431,0.27880290150642395,0.1497534066438675,,,,,0.17945994436740875,0.5,224,0.0,0.0,0.0,204,71,0.3480392156862745,71,0.13375,1.705
119,CP-EFT,-1.8061059887111952,-361.22119774223904,0.25,0.25,0.6714285714285714,0.8958333333333334,0.9335,0.037,0.0295,0.9335,0.037,0.0295,0.00736189696566943,0.11070521752886361,1.0,20.000000000000014,22.859598827362063,7.27999999999999,7.27999999999999,10.319999999999979,0.75,1.0,0.0,0.915,0.0,3.287779918537126e-06,0.0,1.2307276031631176e-10,3.287779918537126e-06,1.2307276031631176e-10,0.7183946371078491,0.5,0.08478309214115143,,,,,0.1743837594985962,0.5,264,0.0,0.0,0.0,252,41,0.1626984126984127,41,0.1725,1.78
120,CP-EFT,-2.4321288049140546,-486.4257609828109,0.45,0.45,0.7613365155131265,0.9051724137931034,0.90625,0.05275,0.041,0.90625,0.05275,0.041,0.015696978667010093,0.1674344391147743,1.0,20.000000000000014,21.896708106994634,8.65555555555554,8.65555555555554,10.739999999999977,0.55,1.0,0.0,0.886,0.0,2.2376525521394797e-06,0.0,3.4159250983378797e-09,2.2376525521394797e-06,3.4159250983378797e-09,0.5868220329284668,0.3235294222831726,0.14470304548740387,,,,,0.1303611695766449,0.3333333432674408,374,0.0,0.0,0.0,361,121,0.33518005540166207,121,0.23625,2.51
