window,method,policy,metric_id,metric_cn,direction,mean,std,p10,p50,p90,ci95_low,ci95_high,n,matched_k,stat_basis,rank
全程,当前算法(MAPPO),MAPPO,deadline_miss_rate,超时失败率,lower,11.625,7.309556884568277,0.0,10.0,20.0,10.375,12.958333333333334,120,120,matched_tail_raw_baseline,1.0
全程,Greedy,Greedy,deadline_miss_rate,超时失败率,lower,27.791666666666668,17.914313245213144,5.0,25.0,55.00000000000001,24.791666666666668,31.021874999999994,120,120,matched_tail_raw_baseline,2.0
全程,Local-Only,Local-Only,deadline_miss_rate,超时失败率,lower,28.958333333333332,9.955696678713318,15.0,30.0,40.0,27.208333333333332,30.75,120,120,matched_tail_raw_baseline,3.0
全程,Static,Static,deadline_miss_rate,超时失败率,lower,30.791666666666668,20.062882587083074,10.0,30.0,60.0,27.291666666666668,34.35520833333333,120,120,matched_tail_raw_baseline,4.0
全程,CP-EFT,CP-EFT,deadline_miss_rate,超时失败率,lower,63.916666666666664,13.965493690006173,45.0,65.0,80.0,61.39479166666666,66.35520833333332,120,120,matched_tail_raw_baseline,5.0
全程,EFT,EFT,deadline_miss_rate,超时失败率,lower,64.25,14.017546027698838,45.0,65.0,80.0,61.728125,66.73020833333332,120,120,matched_tail_raw_baseline,6.0
全程,LB-Greedy,LB-Greedy,deadline_miss_rate,超时失败率,lower,71.75,12.06860640273771,55.00000000000001,75.0,85.0,69.60312499999999,73.83333333333333,120,120,matched_tail_raw_baseline,7.0
全程,Random,Random,deadline_miss_rate,超时失败率,lower,99.45833333333333,1.8098508844901104,100.0,100.0,100.0,99.125,99.75,120,120,matched_tail_raw_baseline,8.0
末100,当前算法(MAPPO),MAPPO,deadline_miss_rate,超时失败率,lower,11.4,7.422325046163709,0.0,10.0,20.0,10.05,12.95,100,100,matched_tail_raw_baseline,1.0
末100,Greedy,Greedy,deadline_miss_rate,超时失败率,lower,27.45,18.63383205273937,5.0,25.0,55.00000000000001,23.85,31.326249999999995,100,100,matched_tail_raw_baseline,2.0
末100,Local-Only,Local-Only,deadline_miss_rate,超时失败率,lower,29.6,9.683892697555967,15.0,30.0,40.0,27.8,31.476249999999993,100,100,matched_tail_raw_baseline,3.0
末100,Static,Static,deadline_miss_rate,超时失败率,lower,31.2,20.089697847303718,10.0,30.0,60.0,27.2975,35.1,100,100,matched_tail_raw_baseline,4.0
末100,EFT,EFT,deadline_miss_rate,超时失败率,lower,63.45,14.029100347693594,45.0,65.0,80.0,60.8,66.2,100,100,matched_tail_raw_baseline,5.0
末100,CP-EFT,CP-EFT,deadline_miss_rate,超时失败率,lower,63.7,14.470799577218957,45.0,65.0,80.0,60.85,66.5,100,100,matched_tail_raw_baseline,6.0
末100,LB-Greedy,LB-Greedy,deadline_miss_rate,超时失败率,lower,71.9,11.715913377224428,55.00000000000001,75.0,85.0,69.6,74.1,100,100,matched_tail_raw_baseline,7.0
末100,Random,Random,deadline_miss_rate,超时失败率,lower,99.45,1.8660983983496777,100.0,100.0,100.0,99.05,99.8,100,100,matched_tail_raw_baseline,8.0
末300,当前算法(MAPPO),MAPPO,deadline_miss_rate,超时失败率,lower,11.625,7.309556884568277,0.0,10.0,20.0,10.311458333333333,12.93854166666666,120,120,matched_tail_raw_baseline,1.0
末300,Greedy,Greedy,deadline_miss_rate,超时失败率,lower,27.791666666666668,17.914313245213144,5.0,25.0,55.00000000000001,24.666666666666668,31.041666666666668,120,120,matched_tail_raw_baseline,2.0
末300,Local-Only,Local-Only,deadline_miss_rate,超时失败率,lower,28.958333333333332,9.955696678713318,15.0,30.0,40.0,27.125,30.666666666666668,120,120,matched_tail_raw_baseline,3.0
末300,Static,Static,deadline_miss_rate,超时失败率,lower,30.791666666666668,20.062882587083074,10.0,30.0,60.0,27.291666666666668,34.416666666666664,120,120,matched_tail_raw_baseline,4.0
末300,CP-EFT,CP-EFT,deadline_miss_rate,超时失败率,lower,63.916666666666664,13.965493690006173,45.0,65.0,80.0,61.353125,66.29166666666667,120,120,matched_tail_raw_baseline,5.0
末300,EFT,EFT,deadline_miss_rate,超时失败率,lower,64.25,14.017546027698838,45.0,65.0,80.0,61.686458333333334,66.81354166666667,120,120,matched_tail_raw_baseline,6.0
末300,LB-Greedy,LB-Greedy,deadline_miss_rate,超时失败率,lower,71.75,12.06860640273771,55.00000000000001,75.0,85.0,69.41666666666667,73.91666666666667,120,120,matched_tail_raw_baseline,7.0
末300,Random,Random,deadline_miss_rate,超时失败率,lower,99.45833333333333,1.8098508844901104,100.0,100.0,100.0,99.08333333333333,99.75,120,120,matched_tail_raw_baseline,8.0
末500,当前算法(MAPPO),MAPPO,deadline_miss_rate,超时失败率,lower,11.625,7.309556884568277,0.0,10.0,20.0,10.291666666666666,12.833333333333334,120,120,matched_tail_raw_baseline,1.0
末500,Greedy,Greedy,deadline_miss_rate,超时失败率,lower,27.791666666666668,17.914313245213144,5.0,25.0,55.00000000000001,24.666666666666668,30.980208333333326,120,120,matched_tail_raw_baseline,2.0
末500,Local-Only,Local-Only,deadline_miss_rate,超时失败率,lower,28.958333333333332,9.955696678713318,15.0,30.0,40.0,27.291666666666668,30.708333333333332,120,120,matched_tail_raw_baseline,3.0
末500,Static,Static,deadline_miss_rate,超时失败率,lower,30.791666666666668,20.062882587083074,10.0,30.0,60.0,27.291666666666668,34.396874999999994,120,120,matched_tail_raw_baseline,4.0
末500,CP-EFT,CP-EFT,deadline_miss_rate,超时失败率,lower,63.916666666666664,13.965493690006173,45.0,65.0,80.0,61.375,66.35520833333332,120,120,matched_tail_raw_baseline,5.0
末500,EFT,EFT,deadline_miss_rate,超时失败率,lower,64.25,14.017546027698838,45.0,65.0,80.0,61.791666666666664,66.66666666666667,120,120,matched_tail_raw_baseline,6.0
末500,LB-Greedy,LB-Greedy,deadline_miss_rate,超时失败率,lower,71.75,12.06860640273771,55.00000000000001,75.0,85.0,69.54166666666667,73.93854166666667,120,120,matched_tail_raw_baseline,7.0
末500,Random,Random,deadline_miss_rate,超时失败率,lower,99.45833333333333,1.8098508844901104,100.0,100.0,100.0,99.125,99.75,120,120,matched_tail_raw_baseline,8.0
全程,当前算法(MAPPO),MAPPO,mean_cft_est,平均完工时间估计,lower,1.5838209225734081,0.04553598276951321,1.5002370429039007,1.6000000000000003,1.6015075256824496,1.5756255936553085,1.591749545463175,120,120,matched_tail_raw_baseline,1.0
全程,Greedy,Greedy,mean_cft_est,平均完工时间估计,lower,12.44860486682254,1.3260498497634732,10.955524294853188,12.227674422264077,14.334559704780565,12.21089660973547,12.68719220349588,120,120,matched_tail_raw_baseline,2.0
全程,Static,Static,mean_cft_est,平均完工时间估计,lower,13.49107434908547,1.6198109380120203,11.521471320152258,13.251853833198522,15.864319782257061,13.206669813960769,13.784455837265629,120,120,matched_tail_raw_baseline,3.0
全程,Local-Only,Local-Only,mean_cft_est,平均完工时间估计,lower,15.589244191726028,1.6162308171661823,13.560783787727331,15.487709255218482,17.785798133850083,15.312411540245987,15.878483587598778,120,120,matched_tail_raw_baseline,4.0
全程,CP-EFT,CP-EFT,mean_cft_est,平均完工时间估计,lower,21.588602730433145,2.497975750530542,17.24112176418303,22.40394644737244,23.57468962669373,21.137357181127864,22.01194013753931,120,120,matched_tail_raw_baseline,5.0
全程,EFT,EFT,mean_cft_est,平均完工时间估计,lower,22.428031054735186,2.675088318646469,18.38071381378173,22.928120088577277,24.555531959533695,21.919746979343895,22.89630625875195,120,120,matched_tail_raw_baseline,6.0
全程,LB-Greedy,LB-Greedy,mean_cft_est,平均完工时间估计,lower,22.73379434903463,2.3823211670790356,18.73649066162109,23.29508905410767,24.689467611312867,22.297904587614536,23.142542836568758,120,120,matched_tail_raw_baseline,7.0
全程,Random,Random,mean_cft_est,平均完工时间估计,lower,25.13019141276677,0.6186415686180307,24.449773025512695,25.077446937561035,25.851369667053223,25.022037818233173,25.241023533403872,120,120,matched_tail_raw_baseline,8.0
末100,当前算法(MAPPO),MAPPO,mean_cft_est,平均完工时间估计,lower,1.5824889261484152,0.04583035471430457,1.5000000000000002,1.6000000000000003,1.6015434693098072,1.5734209958106282,1.590539682970345,100,100,matched_tail_raw_baseline,1.0
末100,Greedy,Greedy,mean_cft_est,平均完工时间估计,lower,12.418695801925642,1.3647165646547983,10.937819229125957,12.09598924636839,14.334559704780565,12.14252098967312,12.703423703100661,100,100,matched_tail_raw_baseline,2.0
末100,Static,Static,mean_cft_est,平均完工时间估计,lower,13.53107110967634,1.5865163076057671,11.521471320152258,13.322464179992656,15.864319782257061,13.201990756192188,13.850631030728794,100,100,matched_tail_raw_baseline,3.0
末100,Local-Only,Local-Only,mean_cft_est,平均完工时间估计,lower,15.615557783985114,1.581304628699933,13.81783426284788,15.486764087676981,17.785798133850083,15.333306230797742,15.924800994214989,100,100,matched_tail_raw_baseline,4.0
末100,CP-EFT,CP-EFT,mean_cft_est,平均完工时间估计,lower,21.566300448036195,2.5443763823360324,17.24112176418303,22.422731637954715,23.506276445388803,21.06418119297743,22.050196727554795,100,100,matched_tail_raw_baseline,5.0
末100,EFT,EFT,mean_cft_est,平均完工时间估计,lower,22.31864249448776,2.6786665358972384,17.849315252304066,22.876687908172613,24.513038806915286,21.773167944471837,22.809683520758156,100,100,matched_tail_raw_baseline,6.0
末100,LB-Greedy,LB-Greedy,mean_cft_est,平均完工时间估计,lower,22.69071319561005,2.4179461849844506,18.73649066162109,23.25749083518982,24.6758517742157,22.19343446820498,23.132517333188062,100,100,matched_tail_raw_baseline,7.0
末100,Random,Random,mean_cft_est,平均完工时间估计,lower,25.13179468822479,0.621711206422432,24.475307083129884,25.077446937561035,25.851369667053223,25.02036790630817,25.252513405823706,100,100,matched_tail_raw_baseline,8.0
末300,当前算法(MAPPO),MAPPO,mean_cft_est,平均完工时间估计,lower,1.5838209225734081,0.04553598276951321,1.5002370429039007,1.6000000000000003,1.6015075256824496,1.5762377678215507,1.5913827950060373,120,120,matched_tail_raw_baseline,1.0
末300,Greedy,Greedy,mean_cft_est,平均完工时间估计,lower,12.44860486682254,1.3260498497634732,10.955524294853188,12.227674422264077,14.334559704780565,12.213880864510914,12.696662071941276,120,120,matched_tail_raw_baseline,2.0
末300,Static,Static,mean_cft_est,平均完工时间估计,lower,13.49107434908547,1.6198109380120203,11.521471320152258,13.251853833198522,15.864319782257061,13.191053397711098,13.7727708180328,120,120,matched_tail_raw_baseline,3.0
末300,Local-Only,Local-Only,mean_cft_est,平均完工时间估计,lower,15.589244191726028,1.6162308171661823,13.560783787727331,15.487709255218482,17.785798133850083,15.31823694477079,15.891540950530745,120,120,matched_tail_raw_baseline,4.0
末300,CP-EFT,CP-EFT,mean_cft_est,平均完工时间估计,lower,21.588602730433145,2.497975750530542,17.24112176418303,22.40394644737244,23.57468962669373,21.131517871252694,22.00434634165764,120,120,matched_tail_raw_baseline,5.0
末300,EFT,EFT,mean_cft_est,平均完工时间估计,lower,22.428031054735186,2.675088318646469,18.38071381378173,22.928120088577277,24.555531959533695,21.918535789048672,22.862437503117324,120,120,matched_tail_raw_baseline,6.0
末300,LB-Greedy,LB-Greedy,mean_cft_est,平均完工时间估计,lower,22.73379434903463,2.3823211670790356,18.73649066162109,23.29508905410767,24.689467611312867,22.297013992635407,23.11999917038878,120,120,matched_tail_raw_baseline,7.0
末300,Random,Random,mean_cft_est,平均完工时间估计,lower,25.13019141276677,0.6186415686180307,24.449773025512695,25.077446937561035,25.851369667053223,25.021184712529184,25.243826411783697,120,120,matched_tail_raw_baseline,8.0
末500,当前算法(MAPPO),MAPPO,mean_cft_est,平均完工时间估计,lower,1.5838209225734081,0.04553598276951321,1.5002370429039007,1.6000000000000003,1.6015075256824496,1.5755539663061504,1.5913832857082293,120,120,matched_tail_raw_baseline,1.0
末500,Greedy,Greedy,mean_cft_est,平均完工时间估计,lower,12.44860486682254,1.3260498497634732,10.955524294853188,12.227674422264077,14.334559704780565,12.222036574759066,12.690797555285673,120,120,matched_tail_raw_baseline,2.0
末500,Static,Static,mean_cft_est,平均完工时间估计,lower,13.49107434908547,1.6198109380120203,11.521471320152258,13.251853833198522,15.864319782257061,13.20083188915648,13.773270432686784,120,120,matched_tail_raw_baseline,3.0
末500,Local-Only,Local-Only,mean_cft_est,平均完工时间估计,lower,15.589244191726028,1.6162308171661823,13.560783787727331,15.487709255218482,17.785798133850083,15.306108870951311,15.887087426829314,120,120,matched_tail_raw_baseline,4.0
末500,CP-EFT,CP-EFT,mean_cft_est,平均完工时间估计,lower,21.588602730433145,2.497975750530542,17.24112176418303,22.40394644737244,23.57468962669373,21.11377405560811,22.017626643925905,120,120,matched_tail_raw_baseline,5.0
末500,EFT,EFT,mean_cft_est,平均完工时间估计,lower,22.428031054735186,2.675088318646469,18.38071381378173,22.928120088577277,24.555531959533695,21.93881895026565,22.886325756233934,120,120,matched_tail_raw_baseline,6.0
末500,LB-Greedy,LB-Greedy,mean_cft_est,平均完工时间估计,lower,22.73379434903463,2.3823211670790356,18.73649066162109,23.29508905410767,24.689467611312867,22.31359106214444,23.14299842492739,120,120,matched_tail_raw_baseline,7.0
末500,Random,Random,mean_cft_est,平均完工时间估计,lower,25.13019141276677,0.6186415686180307,24.449773025512695,25.077446937561035,25.851369667053223,25.027452812155087,25.245377574741838,120,120,matched_tail_raw_baseline,8.0
全程,Local-Only,Local-Only,power_ratio_mean,远端功率比例,lower,0.0,0.0,0.0,0.0,0.0,0.0,0.0,120,120,matched_tail_raw_baseline,1.0
全程,当前算法(MAPPO),MAPPO,power_ratio_mean,远端功率比例,lower,0.08698807880282403,0.21545534463611848,0.0,0.0,0.5008291453123094,0.04999527920037508,0.12735153126219909,120,120,matched_tail_raw_baseline,2.0
全程,CP-EFT,CP-EFT,power_ratio_mean,远端功率比例,lower,0.09417250855016472,0.023619534062122492,0.0644192933985004,0.0939389624296256,0.12441769414659011,0.09018821441768993,0.09831802338025246,120,120,matched_tail_raw_baseline,3.0
全程,EFT,EFT,power_ratio_mean,远端功率比例,lower,0.11333220445532735,0.02485686812084763,0.08410247446125346,0.11433207891661495,0.14423728521053863,0.10865212306931138,0.11776417392995867,120,120,matched_tail_raw_baseline,4.0
全程,LB-Greedy,LB-Greedy,power_ratio_mean,远端功率比例,lower,0.120939543880316,0.025025760627806478,0.09077825423525863,0.11885468220517151,0.15035860797234957,0.1168355686886113,0.12528084421981217,120,120,matched_tail_raw_baseline,5.0
全程,Random,Random,power_ratio_mean,远端功率比例,lower,0.5995906117762786,0.0038925957631112027,0.59437023244571,0.5995786877597014,0.6044115068303921,0.5989336164202506,0.6002583695739143,120,120,matched_tail_raw_baseline,6.0
全程,Greedy,Greedy,power_ratio_mean,远端功率比例,lower,1.0,0.0,1.0,1.0,1.0,1.0,1.0,120,120,matched_tail_raw_baseline,7.0
全程,Static,Static,power_ratio_mean,远端功率比例,lower,1.0,0.0,1.0,1.0,1.0,1.0,1.0,120,120,matched_tail_raw_baseline,7.0
末100,Local-Only,Local-Only,power_ratio_mean,远端功率比例,lower,0.0,0.0,0.0,0.0,0.0,0.0,0.0,100,100,matched_tail_raw_baseline,1.0
末100,当前算法(MAPPO),MAPPO,power_ratio_mean,远端功率比例,lower,0.08603622674942017,0.21438739421816796,0.0,0.0,0.4966848641633989,0.04716918681561947,0.13015108906477685,100,100,matched_tail_raw_baseline,2.0
末100,CP-EFT,CP-EFT,power_ratio_mean,远端功率比例,lower,0.09374234785108168,0.02441959695939743,0.0641502567494784,0.0939389624296256,0.12441769414659011,0.0891070516723257,0.09833007035324434,100,100,matched_tail_raw_baseline,3.0
末100,EFT,EFT,power_ratio_mean,远端功率比例,lower,0.11007973369078743,0.023539841107020766,0.07727241668241948,0.1103272380436768,0.13950035057265064,0.10542311587504062,0.1148235962056126,100,100,matched_tail_raw_baseline,4.0
末100,LB-Greedy,LB-Greedy,power_ratio_mean,远端功率比例,lower,0.12019642560116203,0.025649458995765168,0.09022903272525741,0.11885468220517151,0.15181472165382967,0.11537575675803098,0.12521192399842143,100,100,matched_tail_raw_baseline,5.0
末100,Random,Random,power_ratio_mean,远端功率比例,lower,0.5994316928121723,0.003973762654022987,0.5941865644719506,0.599335363421535,0.6044296571020168,0.5986521769246728,0.6001850138658779,100,100,matched_tail_raw_baseline,6.0
末100,Greedy,Greedy,power_ratio_mean,远端功率比例,lower,1.0,0.0,1.0,1.0,1.0,1.0,1.0,100,100,matched_tail_raw_baseline,7.0
末100,Static,Static,power_ratio_mean,远端功率比例,lower,1.0,0.0,1.0,1.0,1.0,1.0,1.0,100,100,matched_tail_raw_baseline,7.0
末300,Local-Only,Local-Only,power_ratio_mean,远端功率比例,lower,0.0,0.0,0.0,0.0,0.0,0.0,0.0,120,120,matched_tail_raw_baseline,1.0
末300,当前算法(MAPPO),MAPPO,power_ratio_mean,远端功率比例,lower,0.08698807880282403,0.21545534463611848,0.0,0.0,0.5008291453123094,0.05132299849763513,0.12720268678540983,120,120,matched_tail_raw_baseline,2.0
末300,CP-EFT,CP-EFT,power_ratio_mean,远端功率比例,lower,0.09417250855016472,0.023619534062122492,0.0644192933985004,0.0939389624296256,0.12441769414659011,0.09000424796306013,0.09826310311324297,120,120,matched_tail_raw_baseline,3.0
末300,EFT,EFT,power_ratio_mean,远端功率比例,lower,0.11333220445532735,0.02485686812084763,0.08410247446125346,0.11433207891661495,0.14423728521053863,0.10894885054108412,0.11793464038937031,120,120,matched_tail_raw_baseline,4.0
末300,LB-Greedy,LB-Greedy,power_ratio_mean,远端功率比例,lower,0.120939543880316,0.025025760627806478,0.09077825423525863,0.11885468220517151,0.15035860797234957,0.11650692138534219,0.125308537688502,120,120,matched_tail_raw_baseline,5.0
末300,Random,Random,power_ratio_mean,远端功率比例,lower,0.5995906117762786,0.0038925957631112027,0.59437023244571,0.5995786877597014,0.6044115068303921,0.5989235632361485,0.6002969301436009,120,120,matched_tail_raw_baseline,6.0
末300,Greedy,Greedy,power_ratio_mean,远端功率比例,lower,1.0,0.0,1.0,1.0,1.0,1.0,1.0,120,120,matched_tail_raw_baseline,7.0
末300,Static,Static,power_ratio_mean,远端功率比例,lower,1.0,0.0,1.0,1.0,1.0,1.0,1.0,120,120,matched_tail_raw_baseline,7.0
末500,Local-Only,Local-Only,power_ratio_mean,远端功率比例,lower,0.0,0.0,0.0,0.0,0.0,0.0,0.0,120,120,matched_tail_raw_baseline,1.0
末500,当前算法(MAPPO),MAPPO,power_ratio_mean,远端功率比例,lower,0.08698807880282403,0.21545534463611848,0.0,0.0,0.5008291453123094,0.050243645918865994,0.127249773448954,120,120,matched_tail_raw_baseline,2.0
末500,CP-EFT,CP-EFT,power_ratio_mean,远端功率比例,lower,0.09417250855016472,0.023619534062122492,0.0644192933985004,0.0939389624296256,0.12441769414659011,0.0898066069599292,0.09820868505423953,120,120,matched_tail_raw_baseline,3.0
末500,EFT,EFT,power_ratio_mean,远端功率比例,lower,0.11333220445532735,0.02485686812084763,0.08410247446125346,0.11433207891661495,0.14423728521053863,0.10860239006596528,0.11798696551247445,120,120,matched_tail_raw_baseline,4.0
末500,LB-Greedy,LB-Greedy,power_ratio_mean,远端功率比例,lower,0.120939543880316,0.025025760627806478,0.09077825423525863,0.11885468220517151,0.15035860797234957,0.11643921424996131,0.12547969210354423,120,120,matched_tail_raw_baseline,5.0
末500,Random,Random,power_ratio_mean,远端功率比例,lower,0.5995906117762786,0.0038925957631112027,0.59437023244571,0.5995786877597014,0.6044115068303921,0.5988528810586767,0.6002887025542559,120,120,matched_tail_raw_baseline,6.0
末500,Greedy,Greedy,power_ratio_mean,远端功率比例,lower,1.0,0.0,1.0,1.0,1.0,1.0,1.0,120,120,matched_tail_raw_baseline,7.0
末500,Static,Static,power_ratio_mean,远端功率比例,lower,1.0,0.0,1.0,1.0,1.0,1.0,1.0,120,120,matched_tail_raw_baseline,7.0
全程,当前算法(MAPPO),MAPPO,reward_mean,平均步奖励,higher,0.11812437322611608,0.027984988086318902,0.07905944660305972,0.11879080161452285,0.15637707412242885,0.1132222140099232,0.12272452524087077,120,120,matched_tail_raw_baseline,1.0
全程,Greedy,Greedy,reward_mean,平均步奖励,higher,-0.003971167472296212,0.008279214210416028,-0.01422313481428729,-0.0050528759425436005,0.006074926943577461,-0.0053979686776706726,-0.002443388295384994,120,120,matched_tail_raw_baseline,2.0
全程,Static,Static,reward_mean,平均步奖励,higher,-0.056241415603235104,0.03372319115551944,-0.1042075342442407,-0.0479555281914526,-0.021006497315237987,-0.062465967274914456,-0.050554299400592945,120,120,matched_tail_raw_baseline,3.0
全程,EFT,EFT,reward_mean,平均步奖励,higher,-0.23459030982148774,0.09869368423939444,-0.35371530126286377,-0.21408945351361497,-0.12957072502215367,-0.25328881308965395,-0.21683632758882251,120,120,matched_tail_raw_baseline,4.0
全程,CP-EFT,CP-EFT,reward_mean,平均步奖励,higher,-0.2761260543806145,0.17185597893720939,-0.41022629048400217,-0.23386183612824002,-0.1339901963409102,-0.3069812429829886,-0.2473035781790317,120,120,matched_tail_raw_baseline,5.0
全程,Random,Random,reward_mean,平均步奖励,higher,-0.2877022063770046,0.30402228873221004,-0.6305371390934064,-0.1618272718522331,-0.062400559463697984,-0.34213307595363124,-0.23534564923996043,120,120,matched_tail_raw_baseline,6.0
全程,Local-Only,Local-Only,reward_mean,平均步奖励,higher,-0.32369312927311333,0.07533998268213306,-0.42029387900840154,-0.32078196578964774,-0.22631012330072997,-0.33725822740628275,-0.3100100686299575,120,120,matched_tail_raw_baseline,7.0
全程,LB-Greedy,LB-Greedy,reward_mean,平均步奖励,higher,-0.3290300786072119,0.23709785252711724,-0.6078193721866829,-0.24510166928167176,-0.1310868743383642,-0.37132769086295137,-0.28829108413366006,120,120,matched_tail_raw_baseline,8.0
末100,当前算法(MAPPO),MAPPO,reward_mean,平均步奖励,higher,0.11843555524945255,0.027381126467765738,0.08197372853755944,0.12098282948136324,0.15660710632801056,0.11356153557263311,0.12411308237910268,100,100,matched_tail_raw_baseline,1.0
末100,Greedy,Greedy,reward_mean,平均步奖励,higher,-0.0032402799127599874,0.008391140800372182,-0.01385179065189619,-0.00314812909363805,0.006256837450385573,-0.004925515700150205,-0.0016953968211008677,100,100,matched_tail_raw_baseline,2.0
末100,Static,Static,reward_mean,平均步奖励,higher,-0.05636630530520657,0.03441373779790175,-0.1042075342442407,-0.0482290828148917,-0.01759826376111225,-0.06318057857176752,-0.04983342550062662,100,100,matched_tail_raw_baseline,3.0
末100,EFT,EFT,reward_mean,平均步奖励,higher,-0.23755567294542285,0.10127956803296188,-0.3750681338256801,-0.216233558607447,-0.13518756635357182,-0.2573931029358339,-0.217699800801176,100,100,matched_tail_raw_baseline,4.0
末100,Random,Random,reward_mean,平均步奖励,higher,-0.28375414989748365,0.30834418123934276,-0.6053918641020368,-0.15673832139990052,-0.06427182669661703,-0.3481926535956676,-0.22669830776197186,100,100,matched_tail_raw_baseline,5.0
末100,CP-EFT,CP-EFT,reward_mean,平均步奖励,higher,-0.2838131936734173,0.181372476616874,-0.4248834119997143,-0.2359289950746398,-0.13922203309778627,-0.3226015382325811,-0.25170195953495733,100,100,matched_tail_raw_baseline,6.0
末100,Local-Only,Local-Only,reward_mean,平均步奖励,higher,-0.3214465341556767,0.07589378173328942,-0.4213450807911043,-0.31778630210760983,-0.22604231591902207,-0.33573625757515957,-0.3058407350724502,100,100,matched_tail_raw_baseline,7.0
末100,LB-Greedy,LB-Greedy,reward_mean,平均步奖励,higher,-0.3385412735790617,0.24703828710088188,-0.6078193721866829,-0.2539751700402767,-0.1310868743383642,-0.3888354310627732,-0.29147518360331537,100,100,matched_tail_raw_baseline,8.0
末300,当前算法(MAPPO),MAPPO,reward_mean,平均步奖励,higher,0.11812437322611608,0.027984988086318902,0.07905944660305972,0.11879080161452285,0.15637707412242885,0.11311645488177113,0.12333757706762599,120,120,matched_tail_raw_baseline,1.0
末300,Greedy,Greedy,reward_mean,平均步奖励,higher,-0.003971167472296212,0.008279214210416028,-0.01422313481428729,-0.0050528759425436005,0.006074926943577461,-0.005467456043489278,-0.0025597455670611866,120,120,matched_tail_raw_baseline,2.0
末300,Static,Static,reward_mean,平均步奖励,higher,-0.056241415603235104,0.03372319115551944,-0.1042075342442407,-0.0479555281914526,-0.021006497315237987,-0.06214334574731551,-0.05031278930476224,120,120,matched_tail_raw_baseline,3.0
末300,EFT,EFT,reward_mean,平均步奖励,higher,-0.23459030982148774,0.09869368423939444,-0.35371530126286377,-0.21408945351361497,-0.12957072502215367,-0.2523459858654551,-0.21745868433693166,120,120,matched_tail_raw_baseline,4.0
末300,CP-EFT,CP-EFT,reward_mean,平均步奖励,higher,-0.2761260543806145,0.17185597893720939,-0.41022629048400217,-0.23386183612824002,-0.1339901963409102,-0.30855513021298486,-0.2485037558276637,120,120,matched_tail_raw_baseline,5.0
末300,Random,Random,reward_mean,平均步奖励,higher,-0.2877022063770046,0.30402228873221004,-0.6305371390934064,-0.1618272718522331,-0.062400559463697984,-0.3449536781244326,-0.23604942935022205,120,120,matched_tail_raw_baseline,6.0
末300,Local-Only,Local-Only,reward_mean,平均步奖励,higher,-0.32369312927311333,0.07533998268213306,-0.42029387900840154,-0.32078196578964774,-0.22631012330072997,-0.3370193577875727,-0.30985014477963796,120,120,matched_tail_raw_baseline,7.0
末300,LB-Greedy,LB-Greedy,reward_mean,平均步奖励,higher,-0.3290300786072119,0.23709785252711724,-0.6078193721866829,-0.24510166928167176,-0.1310868743383642,-0.37182304041419434,-0.28712924484387864,120,120,matched_tail_raw_baseline,8.0
末500,当前算法(MAPPO),MAPPO,reward_mean,平均步奖励,higher,0.11812437322611608,0.027984988086318902,0.07905944660305972,0.11879080161452285,0.15637707412242885,0.11357479234691707,0.12298727314298348,120,120,matched_tail_raw_baseline,1.0
末500,Greedy,Greedy,reward_mean,平均步奖励,higher,-0.003971167472296212,0.008279214210416028,-0.01422313481428729,-0.0050528759425436005,0.006074926943577461,-0.005406125366178648,-0.0025303579847210282,120,120,matched_tail_raw_baseline,2.0
末500,Static,Static,reward_mean,平均步奖励,higher,-0.056241415603235104,0.03372319115551944,-0.1042075342442407,-0.0479555281914526,-0.021006497315237987,-0.06234348998019548,-0.05029898380714152,120,120,matched_tail_raw_baseline,3.0
末500,EFT,EFT,reward_mean,平均步奖励,higher,-0.23459030982148774,0.09869368423939444,-0.35371530126286377,-0.21408945351361497,-0.12957072502215367,-0.25359881425382946,-0.21779806343267216,120,120,matched_tail_raw_baseline,4.0
末500,CP-EFT,CP-EFT,reward_mean,平均步奖励,higher,-0.2761260543806145,0.17185597893720939,-0.41022629048400217,-0.23386183612824002,-0.1339901963409102,-0.3103355568565968,-0.24834553537209447,120,120,matched_tail_raw_baseline,5.0
末500,Random,Random,reward_mean,平均步奖励,higher,-0.2877022063770046,0.30402228873221004,-0.6305371390934064,-0.1618272718522331,-0.062400559463697984,-0.3452581378014037,-0.23581872211426752,120,120,matched_tail_raw_baseline,6.0
末500,Local-Only,Local-Only,reward_mean,平均步奖励,higher,-0.32369312927311333,0.07533998268213306,-0.42029387900840154,-0.32078196578964774,-0.22631012330072997,-0.3377901907404098,-0.31057910865020494,120,120,matched_tail_raw_baseline,7.0
末500,LB-Greedy,LB-Greedy,reward_mean,平均步奖励,higher,-0.3290300786072119,0.23709785252711724,-0.6078193721866829,-0.24510166928167176,-0.1310868743383642,-0.37451606662930664,-0.28780061591174977,120,120,matched_tail_raw_baseline,8.0
全程,Greedy,Greedy,rho_selected_p10,远端信誉分位数(p10),higher,0.6500937064488729,0.06483888403668221,0.5714285969734192,0.6525861918926239,0.7410833179950715,0.6392016189669569,0.6615823916221658,120,120,matched_tail_raw_baseline,1.0
全程,Static,Static,rho_selected_p10,远端信誉分位数(p10),higher,0.6368066931764285,0.06292558279271378,0.5621822059154511,0.6465746164321899,0.7142857313156128,0.6255171541621287,0.6479403045028448,120,120,matched_tail_raw_baseline,2.0
全程,LB-Greedy,LB-Greedy,rho_selected_p10,远端信誉分位数(p10),higher,0.5,0.0,0.5,0.5,0.5,0.5,0.5,120,120,matched_tail_raw_baseline,3.0
全程,CP-EFT,CP-EFT,rho_selected_p10,远端信誉分位数(p10),higher,0.49944258456428847,0.005226281057817777,0.5,0.5,0.5,0.49832775369286536,0.5,120,120,matched_tail_raw_baseline,4.0
全程,EFT,EFT,rho_selected_p10,远端信誉分位数(p10),higher,0.49944219216704366,0.0061104786572649394,0.5,0.5,0.5,0.498033727388829,0.5,120,120,matched_tail_raw_baseline,5.0
全程,Random,Random,rho_selected_p10,远端信誉分位数(p10),higher,0.49287813951571785,0.023024084714877033,0.49785714149475097,0.5,0.5,0.48858691280707717,0.4967764218213657,120,120,matched_tail_raw_baseline,6.0
全程,当前算法(MAPPO),MAPPO,rho_selected_p10,远端信誉分位数(p10),higher,0.05,0.15062893357603016,0.0,0.0,0.05000000000000426,0.025,0.07718749999999942,120,120,matched_tail_raw_baseline,7.0
全程,Local-Only,Local-Only,rho_selected_p10,远端信誉分位数(p10),higher,0.0,0.0,0.0,0.0,0.0,0.0,0.0,120,120,matched_tail_raw_baseline,8.0
末100,Greedy,Greedy,rho_selected_p10,远端信誉分位数(p10),higher,0.6534270179271698,0.06680192231138982,0.5763736248016358,0.6597290933132172,0.75,0.6406430162638426,0.6659476808011532,100,100,matched_tail_raw_baseline,1.0
末100,Static,Static,rho_selected_p10,远端信誉分位数(p10),higher,0.6342707812786103,0.06310054393653039,0.5625,0.6408831179141998,0.7142857313156128,0.622337822958827,0.6463043583631515,100,100,matched_tail_raw_baseline,2.0
末100,LB-Greedy,LB-Greedy,rho_selected_p10,远端信誉分位数(p10),higher,0.5,0.0,0.5,0.5,0.5,0.5,0.5,100,100,matched_tail_raw_baseline,3.0
末100,CP-EFT,CP-EFT,rho_selected_p10,远端信誉分位数(p10),higher,0.49933110147714616,0.005723344489593985,0.5,0.5,0.5,0.4980985674262047,0.5,100,100,matched_tail_raw_baseline,4.0
末100,EFT,EFT,rho_selected_p10,远端信誉分位数(p10),higher,0.4993306306004524,0.0066936939954757675,0.5,0.5,0.5,0.4979918918013573,0.5,100,100,matched_tail_raw_baseline,5.0
末100,Random,Random,rho_selected_p10,远端信誉分位数(p10),higher,0.49391805291175844,0.021259191975719943,0.5,0.5,0.5,0.4896697845980525,0.49766012164205314,100,100,matched_tail_raw_baseline,6.0
末100,当前算法(MAPPO),MAPPO,rho_selected_p10,远端信誉分位数(p10),higher,0.045,0.1438117456323307,0.0,0.0,0.0,0.02,0.075,100,100,matched_tail_raw_baseline,7.0
末100,Local-Only,Local-Only,rho_selected_p10,远端信誉分位数(p10),higher,0.0,0.0,0.0,0.0,0.0,0.0,0.0,100,100,matched_tail_raw_baseline,8.0
末300,Greedy,Greedy,rho_selected_p10,远端信誉分位数(p10),higher,0.6500937064488729,0.06483888403668221,0.5714285969734192,0.6525861918926239,0.7410833179950715,0.6385106652975083,0.6617772637183468,120,120,matched_tail_raw_baseline,1.0
末300,Static,Static,rho_selected_p10,远端信誉分位数(p10),higher,0.6368066931764285,0.06292558279271378,0.5621822059154511,0.6465746164321899,0.7142857313156128,0.624855458488067,0.6478633413960536,120,120,matched_tail_raw_baseline,2.0
末300,LB-Greedy,LB-Greedy,rho_selected_p10,远端信誉分位数(p10),higher,0.5,0.0,0.5,0.5,0.5,0.5,0.5,120,120,matched_tail_raw_baseline,3.0
末300,CP-EFT,CP-EFT,rho_selected_p10,远端信誉分位数(p10),higher,0.49944258456428847,0.005226281057817777,0.5,0.5,0.5,0.49836942029496034,0.5,120,120,matched_tail_raw_baseline,4.0
末300,EFT,EFT,rho_selected_p10,远端信誉分位数(p10),higher,0.49944219216704366,0.0061104786572649394,0.5,0.5,0.5,0.49832657650113105,0.5,120,120,matched_tail_raw_baseline,5.0
末300,Random,Random,rho_selected_p10,远端信誉分位数(p10),higher,0.49287813951571785,0.023024084714877033,0.49785714149475097,0.5,0.5,0.4886908623824517,0.4967636284728845,120,120,matched_tail_raw_baseline,6.0
末300,当前算法(MAPPO),MAPPO,rho_selected_p10,远端信誉分位数(p10),higher,0.05,0.15062893357603016,0.0,0.0,0.05000000000000426,0.025,0.07916666666666666,120,120,matched_tail_raw_baseline,7.0
末300,Local-Only,Local-Only,rho_selected_p10,远端信誉分位数(p10),higher,0.0,0.0,0.0,0.0,0.0,0.0,0.0,120,120,matched_tail_raw_baseline,8.0
末500,Greedy,Greedy,rho_selected_p10,远端信誉分位数(p10),higher,0.6500937064488729,0.06483888403668221,0.5714285969734192,0.6525861918926239,0.7410833179950715,0.6387296054139733,0.6619796078900496,120,120,matched_tail_raw_baseline,1.0
末500,Static,Static,rho_selected_p10,远端信誉分位数(p10),higher,0.6368066931764285,0.06292558279271378,0.5621822059154511,0.6465746164321899,0.7142857313156128,0.6262270800024271,0.6478454953059554,120,120,matched_tail_raw_baseline,2.0
末500,LB-Greedy,LB-Greedy,rho_selected_p10,远端信誉分位数(p10),higher,0.5,0.0,0.5,0.5,0.5,0.5,0.5,120,120,matched_tail_raw_baseline,3.0
末500,CP-EFT,CP-EFT,rho_selected_p10,远端信誉分位数(p10),higher,0.49944258456428847,0.005226281057817777,0.5,0.5,0.5,0.49841547285517057,0.5,120,120,matched_tail_raw_baseline,4.0
末500,EFT,EFT,rho_selected_p10,远端信誉分位数(p10),higher,0.49944219216704366,0.0061104786572649394,0.5,0.5,0.5,0.49832657650113105,0.5,120,120,matched_tail_raw_baseline,5.0
末500,Random,Random,rho_selected_p10,远端信誉分位数(p10),higher,0.49287813951571785,0.023024084714877033,0.49785714149475097,0.5,0.5,0.48844226164743304,0.4966325905236105,120,120,matched_tail_raw_baseline,6.0
末500,当前算法(MAPPO),MAPPO,rho_selected_p10,远端信誉分位数(p10),higher,0.05,0.15062893357603016,0.0,0.0,0.05000000000000426,0.025,0.075,120,120,matched_tail_raw_baseline,7.0
末500,Local-Only,Local-Only,rho_selected_p10,远端信誉分位数(p10),higher,0.0,0.0,0.0,0.0,0.0,0.0,0.0,120,120,matched_tail_raw_baseline,8.0
全程,当前算法(MAPPO),MAPPO,subtask_success_rate,子任务成功率,higher,99.48201190026599,0.622469140740276,98.4024717456704,99.59266633482662,100.0,99.36902713006862,99.59506112155564,120,120,matched_tail_raw_baseline,1.0
全程,Greedy,Greedy,subtask_success_rate,子任务成功率,higher,94.22802989544098,5.370394114098405,85.88895692998572,95.88137472283813,99.32404493349568,93.20838121133545,95.13918825255244,120,120,matched_tail_raw_baseline,2.0
全程,Static,Static,subtask_success_rate,子任务成功率,higher,92.88394701377986,7.21924907816971,82.94476076316053,95.01241254795758,99.04441635821972,91.57533001757002,94.13314773072344,120,120,matched_tail_raw_baseline,3.0
全程,Local-Only,Local-Only,subtask_success_rate,子任务成功率,higher,92.32782643962501,3.079670385237655,88.56111009843238,92.26992904212898,96.32741772069157,91.75240888717794,92.8567484525873,120,120,matched_tail_raw_baseline,4.0
全程,EFT,EFT,subtask_success_rate,子任务成功率,higher,67.18923713294743,10.70796099474144,54.304120488775226,66.90513982939558,81.58085892697846,65.39093801466737,69.09556429773993,120,120,matched_tail_raw_baseline,5.0
全程,CP-EFT,CP-EFT,subtask_success_rate,子任务成功率,higher,66.84325578544298,11.006299904077633,53.381452611153854,66.38562630217277,80.89011233265512,65.00082775280242,68.84143651738218,120,120,matched_tail_raw_baseline,6.0
全程,LB-Greedy,LB-Greedy,subtask_success_rate,子任务成功率,higher,59.45084682467631,11.116189095887943,44.87999095124986,58.74157791784395,74.77363727632435,57.55709087998162,61.3244669911094,120,120,matched_tail_raw_baseline,7.0
全程,Random,Random,subtask_success_rate,子任务成功率,higher,18.30582917286439,4.322670786062877,13.327927162095651,17.70948349895718,25.14424067587059,17.563295773418464,19.078329867769416,120,120,matched_tail_raw_baseline,8.0
末100,当前算法(MAPPO),MAPPO,subtask_success_rate,子任务成功率,higher,99.48035922696103,0.6379702235456028,98.4024717456704,99.5998975737789,100.0,99.3516845162375,99.6034138450144,100,100,matched_tail_raw_baseline,1.0
末100,Greedy,Greedy,subtask_success_rate,子任务成功率,higher,94.18531605295583,5.543262252813063,84.9458543715121,96.33230596805828,99.50614626680058,93.05616876767657,95.22990278345975,100,100,matched_tail_raw_baseline,2.0
末100,Static,Static,subtask_success_rate,子任务成功率,higher,92.6488115996522,7.397168806125514,81.51746286631874,94.64873485731093,99.04441635821972,91.00939187337195,94.03482973499788,100,100,matched_tail_raw_baseline,3.0
末100,Local-Only,Local-Only,subtask_success_rate,子任务成功率,higher,92.2854284937144,2.9771174920165624,88.66551490673079,92.25177055485203,95.7741935483871,91.74167982423404,92.85109884991246,100,100,matched_tail_raw_baseline,4.0
末100,EFT,EFT,subtask_success_rate,子任务成功率,higher,67.72373990617298,10.373556595712055,54.65459110473457,69.00565250023455,81.58085892697846,65.6453967060542,69.81479403579513,100,100,matched_tail_raw_baseline,5.0
末100,CP-EFT,CP-EFT,subtask_success_rate,子任务成功率,higher,67.13087287702632,11.309069962698668,53.28755589753884,66.50467526777581,80.99392410867821,64.87713503214499,69.44107097361221,100,100,matched_tail_raw_baseline,6.0
末100,LB-Greedy,LB-Greedy,subtask_success_rate,子任务成功率,higher,59.49899432658181,11.333912555065293,44.8743887103535,58.41195498348945,74.77363727632435,57.37088679490546,61.68394084048199,100,100,matched_tail_raw_baseline,7.0
末100,Random,Random,subtask_success_rate,子任务成功率,higher,18.428332923362735,4.5258037520313215,13.132493692265985,17.829100723837563,25.392020597885526,17.5356164471428,19.300907897576216,100,100,matched_tail_raw_baseline,8.0
末300,当前算法(MAPPO),MAPPO,subtask_success_rate,子任务成功率,higher,99.48201190026599,0.622469140740276,98.4024717456704,99.59266633482662,100.0,99.35533336881565,99.5896864870478,120,120,matched_tail_raw_baseline,1.0
末300,Greedy,Greedy,subtask_success_rate,子任务成功率,higher,94.22802989544098,5.370394114098405,85.88895692998572,95.88137472283813,99.32404493349568,93.27916345190663,95.184586164361,120,120,matched_tail_raw_baseline,2.0
末300,Static,Static,subtask_success_rate,子任务成功率,higher,92.88394701377986,7.21924907816971,82.94476076316053,95.01241254795758,99.04441635821972,91.54095330853755,94.06175144447589,120,120,matched_tail_raw_baseline,3.0
末300,Local-Only,Local-Only,subtask_success_rate,子任务成功率,higher,92.32782643962501,3.079670385237655,88.56111009843238,92.26992904212898,96.32741772069157,91.7944616674113,92.83121183606816,120,120,matched_tail_raw_baseline,4.0
末300,EFT,EFT,subtask_success_rate,子任务成功率,higher,67.18923713294743,10.70796099474144,54.304120488775226,66.90513982939558,81.58085892697846,65.22123356655743,69.10775182592334,120,120,matched_tail_raw_baseline,5.0
末300,CP-EFT,CP-EFT,subtask_success_rate,子任务成功率,higher,66.84325578544298,11.006299904077633,53.381452611153854,66.38562630217277,80.89011233265512,64.79643544839125,68.77398097584832,120,120,matched_tail_raw_baseline,6.0
末300,LB-Greedy,LB-Greedy,subtask_success_rate,子任务成功率,higher,59.45084682467631,11.116189095887943,44.87999095124986,58.74157791784395,74.77363727632435,57.58309461342525,61.45545105713305,120,120,matched_tail_raw_baseline,7.0
末300,Random,Random,subtask_success_rate,子任务成功率,higher,18.30582917286439,4.322670786062877,13.327927162095651,17.70948349895718,25.14424067587059,17.522081691718196,19.04889132990629,120,120,matched_tail_raw_baseline,8.0
末500,当前算法(MAPPO),MAPPO,subtask_success_rate,子任务成功率,higher,99.48201190026599,0.622469140740276,98.4024717456704,99.59266633482662,100.0,99.36513527687579,99.59091328208326,120,120,matched_tail_raw_baseline,1.0
末500,Greedy,Greedy,subtask_success_rate,子任务成功率,higher,94.22802989544098,5.370394114098405,85.88895692998572,95.88137472283813,99.32404493349568,93.23781946239636,95.10372396787452,120,120,matched_tail_raw_baseline,2.0
末500,Static,Static,subtask_success_rate,子任务成功率,higher,92.88394701377986,7.21924907816971,82.94476076316053,95.01241254795758,99.04441635821972,91.52718697422455,94.1296839505596,120,120,matched_tail_raw_baseline,3.0
末500,Local-Only,Local-Only,subtask_success_rate,子任务成功率,higher,92.32782643962501,3.079670385237655,88.56111009843238,92.26992904212898,96.32741772069157,91.78115200847482,92.882892756324,120,120,matched_tail_raw_baseline,4.0
末500,EFT,EFT,subtask_success_rate,子任务成功率,higher,67.18923713294743,10.70796099474144,54.304120488775226,66.90513982939558,81.58085892697846,65.26293837077091,69.14332412199252,120,120,matched_tail_raw_baseline,5.0
末500,CP-EFT,CP-EFT,subtask_success_rate,子任务成功率,higher,66.84325578544298,11.006299904077633,53.381452611153854,66.38562630217277,80.89011233265512,64.96770648269288,68.77315940951466,120,120,matched_tail_raw_baseline,6.0
末500,LB-Greedy,LB-Greedy,subtask_success_rate,子任务成功率,higher,59.45084682467631,11.116189095887943,44.87999095124986,58.74157791784395,74.77363727632435,57.54239942723469,61.40461502175588,120,120,matched_tail_raw_baseline,7.0
末500,Random,Random,subtask_success_rate,子任务成功率,higher,18.30582917286439,4.322670786062877,13.327927162095651,17.70948349895718,25.14424067587059,17.542491791654335,19.107511950725705,120,120,matched_tail_raw_baseline,8.0
全程,当前算法(MAPPO),MAPPO,task_success_rate,任务成功率,higher,88.375,7.309556884568277,80.0,90.0,100.0,87.08333333333333,89.625,120,120,matched_tail_raw_baseline,1.0
全程,Greedy,Greedy,task_success_rate,任务成功率,higher,72.20833333333333,17.914313245213144,45.0,75.0,95.0,68.83333333333333,75.16666666666667,120,120,matched_tail_raw_baseline,2.0
全程,Local-Only,Local-Only,task_success_rate,任务成功率,higher,71.04166666666667,9.955696678713318,60.0,70.0,85.0,69.25,72.85520833333332,120,120,matched_tail_raw_baseline,3.0
全程,Static,Static,task_success_rate,任务成功率,higher,69.20833333333333,20.062882587083074,40.0,70.0,90.0,65.75,73.04374999999999,120,120,matched_tail_raw_baseline,4.0
全程,CP-EFT,CP-EFT,task_success_rate,任务成功率,higher,36.083333333333336,13.965493690006173,20.0,35.0,55.00000000000001,33.708333333333336,38.625,120,120,matched_tail_raw_baseline,5.0
全程,EFT,EFT,task_success_rate,任务成功率,higher,35.75,14.017546027698838,20.0,35.0,55.00000000000001,33.353125,38.23020833333333,120,120,matched_tail_raw_baseline,6.0
全程,LB-Greedy,LB-Greedy,task_success_rate,任务成功率,higher,28.25,12.06860640273771,15.0,25.0,45.0,26.166666666666668,30.375,120,120,matched_tail_raw_baseline,7.0
全程,Random,Random,task_success_rate,任务成功率,higher,0.5416666666666666,1.8098508844901107,0.0,0.0,0.0,0.25,0.875,120,120,matched_tail_raw_baseline,8.0
末100,当前算法(MAPPO),MAPPO,task_success_rate,任务成功率,higher,88.6,7.422325046163708,80.0,90.0,100.0,87.1,90.05,100,100,matched_tail_raw_baseline,1.0
末100,Greedy,Greedy,task_success_rate,任务成功率,higher,72.55,18.63383205273937,45.0,75.0,95.0,69.05,76.05,100,100,matched_tail_raw_baseline,2.0
末100,Local-Only,Local-Only,task_success_rate,任务成功率,higher,70.4,9.683892697555965,60.0,70.0,85.0,68.5,72.2,100,100,matched_tail_raw_baseline,3.0
末100,Static,Static,task_success_rate,任务成功率,higher,68.8,20.08969784730372,40.0,70.0,90.0,64.87375,72.72625,100,100,matched_tail_raw_baseline,4.0
末100,EFT,EFT,task_success_rate,任务成功率,higher,36.55,14.029100347693594,20.0,35.0,55.00000000000001,33.72375,39.35,100,100,matched_tail_raw_baseline,5.0
末100,CP-EFT,CP-EFT,task_success_rate,任务成功率,higher,36.3,14.47079957721896,20.0,35.0,55.00000000000001,33.52375,39.35,100,100,matched_tail_raw_baseline,6.0
末100,LB-Greedy,LB-Greedy,task_success_rate,任务成功率,higher,28.1,11.715913377224428,15.0,25.0,45.0,25.77375,30.37624999999999,100,100,matched_tail_raw_baseline,7.0
末100,Random,Random,task_success_rate,任务成功率,higher,0.55,1.8660983983496777,0.0,0.0,0.0,0.2,0.95,100,100,matched_tail_raw_baseline,8.0
末300,当前算法(MAPPO),MAPPO,task_success_rate,任务成功率,higher,88.375,7.309556884568277,80.0,90.0,100.0,87.04166666666667,89.66666666666667,120,120,matched_tail_raw_baseline,1.0
末300,Greedy,Greedy,task_success_rate,任务成功率,higher,72.20833333333333,17.914313245213144,45.0,75.0,95.0,69.10312499999999,75.375,120,120,matched_tail_raw_baseline,2.0
末300,Local-Only,Local-Only,task_success_rate,任务成功率,higher,71.04166666666667,9.955696678713318,60.0,70.0,85.0,69.33333333333333,72.79166666666667,120,120,matched_tail_raw_baseline,3.0
末300,Static,Static,task_success_rate,任务成功率,higher,69.20833333333333,20.062882587083074,40.0,70.0,90.0,65.41666666666667,72.58333333333333,120,120,matched_tail_raw_baseline,4.0
末300,CP-EFT,CP-EFT,task_success_rate,任务成功率,higher,36.083333333333336,13.965493690006173,20.0,35.0,55.00000000000001,33.541666666666664,38.458333333333336,120,120,matched_tail_raw_baseline,5.0
末300,EFT,EFT,task_success_rate,任务成功率,higher,35.75,14.017546027698838,20.0,35.0,55.00000000000001,33.228125,38.333333333333336,120,120,matched_tail_raw_baseline,6.0
末300,LB-Greedy,LB-Greedy,task_success_rate,任务成功率,higher,28.25,12.06860640273771,15.0,25.0,45.0,26.083333333333332,30.333333333333332,120,120,matched_tail_raw_baseline,7.0
末300,Random,Random,task_success_rate,任务成功率,higher,0.5416666666666666,1.8098508844901107,0.0,0.0,0.0,0.25,0.9166666666666666,120,120,matched_tail_raw_baseline,8.0
末500,当前算法(MAPPO),MAPPO,task_success_rate,任务成功率,higher,88.375,7.309556884568277,80.0,90.0,100.0,87.08333333333333,89.70833333333333,120,120,matched_tail_raw_baseline,1.0
末500,Greedy,Greedy,task_success_rate,任务成功率,higher,72.20833333333333,17.914313245213144,45.0,75.0,95.0,68.91666666666667,75.375,120,120,matched_tail_raw_baseline,2.0
末500,Local-Only,Local-Only,task_success_rate,任务成功率,higher,71.04166666666667,9.955696678713318,60.0,70.0,85.0,69.20833333333333,72.73020833333332,120,120,matched_tail_raw_baseline,3.0
末500,Static,Static,task_success_rate,任务成功率,higher,69.20833333333333,20.062882587083074,40.0,70.0,90.0,65.41666666666667,72.625,120,120,matched_tail_raw_baseline,4.0
末500,CP-EFT,CP-EFT,task_success_rate,任务成功率,higher,36.083333333333336,13.965493690006173,20.0,35.0,55.00000000000001,33.625,38.646874999999994,120,120,matched_tail_raw_baseline,5.0
末500,EFT,EFT,task_success_rate,任务成功率,higher,35.75,14.017546027698838,20.0,35.0,55.00000000000001,33.208333333333336,38.125,120,120,matched_tail_raw_baseline,6.0
末500,LB-Greedy,LB-Greedy,task_success_rate,任务成功率,higher,28.25,12.06860640273771,15.0,25.0,45.0,26.166666666666668,30.416666666666668,120,120,matched_tail_raw_baseline,7.0
末500,Random,Random,task_success_rate,任务成功率,higher,0.5416666666666666,1.8098508844901107,0.0,0.0,0.0,0.25,0.875,120,120,matched_tail_raw_baseline,8.0
全程,Greedy,Greedy,time_limit_rate,时间上限截断率,lower,0.0,0.0,0.0,0.0,0.0,0.0,0.0,120,120,matched_tail_raw_baseline,1.0
全程,Local-Only,Local-Only,time_limit_rate,时间上限截断率,lower,0.0,0.0,0.0,0.0,0.0,0.0,0.0,120,120,matched_tail_raw_baseline,1.0
全程,Static,Static,time_limit_rate,时间上限截断率,lower,0.0,0.0,0.0,0.0,0.0,0.0,0.0,120,120,matched_tail_raw_baseline,1.0
全程,当前算法(MAPPO),MAPPO,time_limit_rate,时间上限截断率,lower,0.0,0.0,0.0,0.0,0.0,0.0,0.0,120,120,matched_tail_raw_baseline,1.0
全程,CP-EFT,CP-EFT,time_limit_rate,时间上限截断率,lower,76.66666666666667,42.47259785588175,0.0,100.0,100.0,69.16666666666667,84.16666666666667,120,120,matched_tail_raw_baseline,2.0
全程,EFT,EFT,time_limit_rate,时间上限截断率,lower,80.0,40.167715620274706,0.0,100.0,100.0,72.89583333333333,86.66666666666667,120,120,matched_tail_raw_baseline,3.0
全程,LB-Greedy,LB-Greedy,time_limit_rate,时间上限截断率,lower,81.66666666666667,38.85619540779343,0.0,100.0,100.0,75.0,87.5,120,120,matched_tail_raw_baseline,4.0
全程,Random,Random,time_limit_rate,时间上限截断率,lower,100.0,0.0,100.0,100.0,100.0,100.0,100.0,120,120,matched_tail_raw_baseline,5.0
末100,Greedy,Greedy,time_limit_rate,时间上限截断率,lower,0.0,0.0,0.0,0.0,0.0,0.0,0.0,100,100,matched_tail_raw_baseline,1.0
末100,Local-Only,Local-Only,time_limit_rate,时间上限截断率,lower,0.0,0.0,0.0,0.0,0.0,0.0,0.0,100,100,matched_tail_raw_baseline,1.0
末100,Static,Static,time_limit_rate,时间上限截断率,lower,0.0,0.0,0.0,0.0,0.0,0.0,0.0,100,100,matched_tail_raw_baseline,1.0
末100,当前算法(MAPPO),MAPPO,time_limit_rate,时间上限截断率,lower,0.0,0.0,0.0,0.0,0.0,0.0,0.0,100,100,matched_tail_raw_baseline,1.0
末100,CP-EFT,CP-EFT,time_limit_rate,时间上限截断率,lower,77.0,42.295258468165066,0.0,100.0,100.0,68.0,85.0,100,100,matched_tail_raw_baseline,2.0
末100,EFT,EFT,time_limit_rate,时间上限截断率,lower,79.0,40.936018074033235,0.0,100.0,100.0,71.0,86.0,100,100,matched_tail_raw_baseline,3.0
末100,LB-Greedy,LB-Greedy,time_limit_rate,时间上限截断率,lower,82.0,38.612291966536915,0.0,100.0,100.0,74.0,89.0,100,100,matched_tail_raw_baseline,4.0
末100,Random,Random,time_limit_rate,时间上限截断率,lower,100.0,0.0,100.0,100.0,100.0,100.0,100.0,100,100,matched_tail_raw_baseline,5.0
末300,Greedy,Greedy,time_limit_rate,时间上限截断率,lower,0.0,0.0,0.0,0.0,0.0,0.0,0.0,120,120,matched_tail_raw_baseline,1.0
末300,Local-Only,Local-Only,time_limit_rate,时间上限截断率,lower,0.0,0.0,0.0,0.0,0.0,0.0,0.0,120,120,matched_tail_raw_baseline,1.0
末300,Static,Static,time_limit_rate,时间上限截断率,lower,0.0,0.0,0.0,0.0,0.0,0.0,0.0,120,120,matched_tail_raw_baseline,1.0
末300,当前算法(MAPPO),MAPPO,time_limit_rate,时间上限截断率,lower,0.0,0.0,0.0,0.0,0.0,0.0,0.0,120,120,matched_tail_raw_baseline,1.0
末300,CP-EFT,CP-EFT,time_limit_rate,时间上限截断率,lower,76.66666666666667,42.47259785588175,0.0,100.0,100.0,69.16666666666667,84.16666666666667,120,120,matched_tail_raw_baseline,2.0
末300,EFT,EFT,time_limit_rate,时间上限截断率,lower,80.0,40.167715620274706,0.0,100.0,100.0,72.5,86.66666666666667,120,120,matched_tail_raw_baseline,3.0
末300,LB-Greedy,LB-Greedy,time_limit_rate,时间上限截断率,lower,81.66666666666667,38.85619540779343,0.0,100.0,100.0,74.5625,88.33333333333333,120,120,matched_tail_raw_baseline,4.0
末300,Random,Random,time_limit_rate,时间上限截断率,lower,100.0,0.0,100.0,100.0,100.0,100.0,100.0,120,120,matched_tail_raw_baseline,5.0
末500,Greedy,Greedy,time_limit_rate,时间上限截断率,lower,0.0,0.0,0.0,0.0,0.0,0.0,0.0,120,120,matched_tail_raw_baseline,1.0
末500,Local-Only,Local-Only,time_limit_rate,时间上限截断率,lower,0.0,0.0,0.0,0.0,0.0,0.0,0.0,120,120,matched_tail_raw_baseline,1.0
末500,Static,Static,time_limit_rate,时间上限截断率,lower,0.0,0.0,0.0,0.0,0.0,0.0,0.0,120,120,matched_tail_raw_baseline,1.0
末500,当前算法(MAPPO),MAPPO,time_limit_rate,时间上限截断率,lower,0.0,0.0,0.0,0.0,0.0,0.0,0.0,120,120,matched_tail_raw_baseline,1.0
末500,CP-EFT,CP-EFT,time_limit_rate,时间上限截断率,lower,76.66666666666667,42.47259785588175,0.0,100.0,100.0,69.16666666666667,84.16666666666667,120,120,matched_tail_raw_baseline,2.0
末500,EFT,EFT,time_limit_rate,时间上限截断率,lower,80.0,40.167715620274706,0.0,100.0,100.0,72.5,86.66666666666667,120,120,matched_tail_raw_baseline,3.0
末500,LB-Greedy,LB-Greedy,time_limit_rate,时间上限截断率,lower,81.66666666666667,38.85619540779343,0.0,100.0,100.0,74.16666666666667,88.33333333333333,120,120,matched_tail_raw_baseline,4.0
末500,Random,Random,time_limit_rate,时间上限截断率,lower,100.0,0.0,100.0,100.0,100.0,100.0,100.0,120,120,matched_tail_raw_baseline,5.0
全程,Local-Only,Local-Only,trust_failure_rate,信誉失败率,lower,0.0,0.0,0.0,0.0,0.0,0.0,0.0,120,120,matched_tail_raw_baseline,1.0
全程,当前算法(MAPPO),MAPPO,trust_failure_rate,信誉失败率,lower,0.004166666666666667,0.045643546458763846,0.0,0.0,0.0,0.0,0.0125,120,120,matched_tail_raw_baseline,2.0
全程,CP-EFT,CP-EFT,trust_failure_rate,信誉失败率,lower,0.1406162717531093,0.04184573778489461,0.08684295911745617,0.14201680672268904,0.19233100233100242,0.1332456204670149,0.1479541538640439,120,120,matched_tail_raw_baseline,3.0
全程,LB-Greedy,LB-Greedy,trust_failure_rate,信誉失败率,lower,0.14314845896970765,0.04788018497638709,0.08388806908236315,0.13635029354207434,0.20312781278127806,0.13482315636820635,0.15214659219750223,120,120,matched_tail_raw_baseline,4.0
全程,Greedy,Greedy,trust_failure_rate,信誉失败率,lower,0.1469409783741333,0.0732650279824725,0.05540472278496489,0.158189262966333,0.2324727117507165,0.13419480876351086,0.15994836325929482,120,120,matched_tail_raw_baseline,5.0
全程,EFT,EFT,trust_failure_rate,信誉失败率,lower,0.14770013291291528,0.051366977855840365,0.0790414255722259,0.14737289088161454,0.2074992540529788,0.1383413163293571,0.15658409466225304,120,120,matched_tail_raw_baseline,6.0
全程,Random,Random,trust_failure_rate,信誉失败率,lower,0.15179312343623003,0.05219968203487756,0.0864197530864197,0.1509493670886076,0.21608688930117503,0.14268171788906106,0.16054699272886133,120,120,matched_tail_raw_baseline,7.0
全程,Static,Static,trust_failure_rate,信誉失败率,lower,0.15847555065367402,0.08646781809797485,0.04967808018729877,0.1602411609963624,0.28838726028554534,0.14264488192691738,0.17387850142082753,120,120,matched_tail_raw_baseline,8.0
末100,Local-Only,Local-Only,trust_failure_rate,信誉失败率,lower,0.0,0.0,0.0,0.0,0.0,0.0,0.0,100,100,matched_tail_raw_baseline,1.0
末100,当前算法(MAPPO),MAPPO,trust_failure_rate,信誉失败率,lower,0.005,0.049999999999999996,0.0,0.0,0.0,0.0,0.015,100,100,matched_tail_raw_baseline,2.0
末100,Greedy,Greedy,trust_failure_rate,信誉失败率,lower,0.13960478844965013,0.07390262869708747,0.054903445664520927,0.14339569160997725,0.2317853054077715,0.1257254895850286,0.15547820039069624,100,100,matched_tail_raw_baseline,3.0
末100,CP-EFT,CP-EFT,trust_failure_rate,信誉失败率,lower,0.1419862629624994,0.04383333752801317,0.08557213930348254,0.1433583959899749,0.20830608595118955,0.1332730014145129,0.15042903374362562,100,100,matched_tail_raw_baseline,4.0
末100,EFT,EFT,trust_failure_rate,信誉失败率,lower,0.14424639875696832,0.050045437580194335,0.07847696521565346,0.14587794760092504,0.2069442237406642,0.13409596660982528,0.1543291584323398,100,100,matched_tail_raw_baseline,5.0
末100,LB-Greedy,LB-Greedy,trust_failure_rate,信誉失败率,lower,0.1444474148025401,0.048267251238554375,0.08388806908236315,0.13635029354207434,0.20424189477771312,0.13518555928575482,0.15360888469965905,100,100,matched_tail_raw_baseline,6.0
末100,Random,Random,trust_failure_rate,信誉失败率,lower,0.14936107850068295,0.05199926765346653,0.08639846743295014,0.1512034422482183,0.20676691729323307,0.13914950293008987,0.1594626415551413,100,100,matched_tail_raw_baseline,7.0
末100,Static,Static,trust_failure_rate,信誉失败率,lower,0.15573127045747948,0.08535150725894033,0.04967808018729877,0.1602411609963624,0.28037485016890057,0.1391000865348206,0.17155083258672923,100,100,matched_tail_raw_baseline,8.0
末300,Local-Only,Local-Only,trust_failure_rate,信誉失败率,lower,0.0,0.0,0.0,0.0,0.0,0.0,0.0,120,120,matched_tail_raw_baseline,1.0
末300,当前算法(MAPPO),MAPPO,trust_failure_rate,信誉失败率,lower,0.004166666666666667,0.045643546458763846,0.0,0.0,0.0,0.0,0.0125,120,120,matched_tail_raw_baseline,2.0
末300,CP-EFT,CP-EFT,trust_failure_rate,信誉失败率,lower,0.1406162717531093,0.04184573778489461,0.08684295911745617,0.14201680672268904,0.19233100233100242,0.13294011894247426,0.14835923624129807,120,120,matched_tail_raw_baseline,3.0
末300,LB-Greedy,LB-Greedy,trust_failure_rate,信誉失败率,lower,0.14314845896970765,0.04788018497638709,0.08388806908236315,0.13635029354207434,0.20312781278127806,0.1347456087086557,0.15144322446696437,120,120,matched_tail_raw_baseline,4.0
末300,Greedy,Greedy,trust_failure_rate,信誉失败率,lower,0.1469409783741333,0.0732650279824725,0.05540472278496489,0.158189262966333,0.2324727117507165,0.13382048848922745,0.16016737645720766,120,120,matched_tail_raw_baseline,5.0
末300,EFT,EFT,trust_failure_rate,信誉失败率,lower,0.14770013291291528,0.051366977855840365,0.0790414255722259,0.14737289088161454,0.2074992540529788,0.1385438836934206,0.15695390703187273,120,120,matched_tail_raw_baseline,6.0
末300,Random,Random,trust_failure_rate,信誉失败率,lower,0.15179312343623003,0.05219968203487756,0.0864197530864197,0.1509493670886076,0.21608688930117503,0.14304299247446478,0.16125714699214255,120,120,matched_tail_raw_baseline,7.0
末300,Static,Static,trust_failure_rate,信誉失败率,lower,0.15847555065367402,0.08646781809797485,0.04967808018729877,0.1602411609963624,0.28838726028554534,0.1431189006840501,0.17412957165813467,120,120,matched_tail_raw_baseline,8.0
末500,Local-Only,Local-Only,trust_failure_rate,信誉失败率,lower,0.0,0.0,0.0,0.0,0.0,0.0,0.0,120,120,matched_tail_raw_baseline,1.0
末500,当前算法(MAPPO),MAPPO,trust_failure_rate,信誉失败率,lower,0.004166666666666667,0.045643546458763846,0.0,0.0,0.0,0.0,0.0125,120,120,matched_tail_raw_baseline,2.0
末500,CP-EFT,CP-EFT,trust_failure_rate,信誉失败率,lower,0.1406162717531093,0.04184573778489461,0.08684295911745617,0.14201680672268904,0.19233100233100242,0.13331489320231857,0.1479550590026554,120,120,matched_tail_raw_baseline,3.0
末500,LB-Greedy,LB-Greedy,trust_failure_rate,信誉失败率,lower,0.14314845896970765,0.04788018497638709,0.08388806908236315,0.13635029354207434,0.20312781278127806,0.1345391614330831,0.1516876755332856,120,120,matched_tail_raw_baseline,4.0
末500,Greedy,Greedy,trust_failure_rate,信誉失败率,lower,0.1469409783741333,0.0732650279824725,0.05540472278496489,0.158189262966333,0.2324727117507165,0.13279027231175605,0.15929129241937387,120,120,matched_tail_raw_baseline,5.0
末500,EFT,EFT,trust_failure_rate,信誉失败率,lower,0.14770013291291528,0.051366977855840365,0.0790414255722259,0.14737289088161454,0.2074992540529788,0.13829601686906506,0.15666467510834098,120,120,matched_tail_raw_baseline,6.0
末500,Random,Random,trust_failure_rate,信誉失败率,lower,0.15179312343623003,0.05219968203487756,0.0864197530864197,0.1509493670886076,0.21608688930117503,0.142183726449171,0.16203314597850235,120,120,matched_tail_raw_baseline,7.0
末500,Static,Static,trust_failure_rate,信誉失败率,lower,0.15847555065367402,0.08646781809797485,0.04967808018729877,0.1602411609963624,0.28838726028554534,0.1431178412941326,0.1730621523513689,120,120,matched_tail_raw_baseline,8.0
