source,metric,mean
Ours (MAPPO),steps,129.382
Ours (MAPPO),elapsed_sec,14.397083679199218
Ours (MAPPO),seed,42.0
Ours (MAPPO),terminated,0.807
Ours (MAPPO),truncated,0.193
Ours (MAPPO),time_limit_rate,0.193
Ours (MAPPO),episode_time_seconds,12.938199999999984
Ours (MAPPO),mean_cft_est,13.740548273859009
Ours (MAPPO),mean_cft_completed,7.893952272118564
Ours (MAPPO),vehicle_cft_count,20.0
Ours (MAPPO),cft_est_valid,1.0
Ours (MAPPO),deadline_gamma,1.350518168152238
Ours (MAPPO),deadline_seconds,11.35261776179558
Ours (MAPPO),critical_path_cycles,22769101750.018032
Ours (MAPPO),r_time,-0.0018017360414497579
Ours (MAPPO),r_interf,-135746855.48431286
Ours (MAPPO),r_risk,-0.016725324380374332
Ours (MAPPO),r_illegal,0.0
Ours (MAPPO),r_pbrs,0.0007294523676947584
Ours (MAPPO),r_term,0.01377217816720538
Ours (MAPPO),r_step,-135746855.52268174
Ours (MAPPO),r_total,-0.7795605761314566
Ours (MAPPO),abs_ratio_r_time,0.03516897542533887
Ours (MAPPO),abs_ratio_r_energy,0.07567651957364435
Ours (MAPPO),abs_ratio_r_interf,0.21877431078018678
Ours (MAPPO),abs_ratio_r_risk,0.3543169747456859
Ours (MAPPO),abs_ratio_r_illegal,0.0
Ours (MAPPO),abs_ratio_r_pbrs,0.005169836846160717
Ours (MAPPO),abs_ratio_r_term,0.31089338262898325
Ours (MAPPO),I_total_mean,5.462195407085844e-07
Ours (MAPPO),I_total_p50,5.597789996158097e-13
Ours (MAPPO),I_total_p95,1.8427995170578106e-06
Ours (MAPPO),I_caused_mean,5.462195407085844e-07
Ours (MAPPO),I_caused_p95,1.8427995170578106e-06
Ours (MAPPO),rho_selected_mean,0.721484624505043
Ours (MAPPO),rho_selected_p10,0.5373455438032746
Ours (MAPPO),uncertainty_selected_mean,0.09125787468627092
Ours (MAPPO),uncertainty_selected_p90,0.24181643989980225
Ours (MAPPO),rho_selected_p50,0.7458154190033675
Ours (MAPPO),rho_selected_p95,0.9081113235265017
Ours (MAPPO),rho_selected_lt_0p6_rate,0.2595680979693954
Ours (MAPPO),rho_selected_lt_0p7_rate,0.3857019143274385
Ours (MAPPO),risk_penalty_mean,0.08516383977234361
Ours (MAPPO),chain_tx_total,485.83
Ours (MAPPO),chain_p95_mean,0.0
Ours (MAPPO),chain_pfail_mean,0.0
Ours (MAPPO),chain_risk_cost_total,0.0
Ours (MAPPO),trust_attempts,480.033
Ours (MAPPO),trust_failures,113.871
Ours (MAPPO),trust_failure_rate,0.22621947947543175
Ours (MAPPO),trust_retry_count,113.871
Ours (MAPPO),episode_vehicle_count,20.0
Ours (MAPPO),episode_task_count,20.0
Ours (MAPPO),total_subtasks,420.121
Ours (MAPPO),reward_mean,-0.7795605748732387
Ours (MAPPO),reward_p50,-0.7379138805804251
Ours (MAPPO),reward_p95,-0.12311788155763197
Ours (MAPPO),reward_min,-2.2420369333326815
Ours (MAPPO),reward_max,0.13740017632112722
Ours (MAPPO),reward_abs_mean,0.8026178904566914
Ours (MAPPO),dT_mean,0.0
Ours (MAPPO),cft_prev_rem_mean,0.0
Ours (MAPPO),cft_curr_rem_mean,0.0
Ours (MAPPO),dCFT_abs_mean,0.0
Ours (MAPPO),dCFT_abs_p95,0.0
Ours (MAPPO),dCFT_rem_mean,0.0
Ours (MAPPO),dCFT_rem_p95,0.0
Ours (MAPPO),dt_used_mean,0.0
Ours (MAPPO),implied_dt_mean,0.0
Ours (MAPPO),dT_eff_mean,0.0
Ours (MAPPO),dT_eff_p95,0.0
Ours (MAPPO),energy_norm_mean,0.03258487402220554
Ours (MAPPO),energy_norm_p95,0.18389478261162742
Ours (MAPPO),t_tx_mean,0.0
Ours (MAPPO),reward_step_p95,0.0
Ours (MAPPO),mean_cft,13.740548273859009
Ours (MAPPO),delta_cft_rem_mean,
Ours (MAPPO),delta_cft_rem_p95,
Ours (MAPPO),mean_cft_rem,0.8023482738590253
Ours (MAPPO),success_rate_end,0.7274999999999999
Ours (MAPPO),task_success_rate,0.7274999999999999
Ours (MAPPO),subtask_success_rate,0.8926983555965619
Ours (MAPPO),deadline_miss_rate,0.2725
Ours (MAPPO),illegal_action_rate,0.0
Ours (MAPPO),top_illegal_reason,
Ours (MAPPO),top_illegal_reason_count,0.0
Ours (MAPPO),no_task_rate,0.7899704089145587
Ours (MAPPO),unified_illegal_trigger_rate,0.0
Ours (MAPPO),hard_trigger_rate,0.0
Ours (MAPPO),decision_local_frac,0.030609109851608866
Ours (MAPPO),decision_rsu_frac,0.8944506101069014
Ours (MAPPO),decision_v2v_frac,0.0749402800414897
Ours (MAPPO),decision_frac_local,0.030609109851608866
Ours (MAPPO),decision_frac_rsu,0.8944506101069014
Ours (MAPPO),decision_frac_v2v,0.0749402800414897
Ours (MAPPO),power_ratio_mean,0.45877505975637767
Ours (MAPPO),power_ratio_p95,0.8317807386100292
Ours (MAPPO),entropy,0.6898831261101687
Ours (MAPPO),approx_kl,0.027697548714772716
Ours (MAPPO),clip_frac,0.16805046840640683
Ours (MAPPO),policy_loss,0.006866593950079825
Ours (MAPPO),value_loss,1.0396905998321782
Ours (MAPPO),total_loss,0.5260220111395146
Ours (MAPPO),grad_norm,3.204382165709447
Ours (MAPPO),policy_entropy,0.6898831261101687
Ours (MAPPO),entropy_loss,-0.6898831261101687
Ours (MAPPO),active_ratio,0.21002959108544134
Ours (MAPPO),active_samples,495.592
Ours (MAPPO),total_samples,2587.64
Ours (MAPPO),adv_mean,-6.51283620640717
Ours (MAPPO),adv_std,16.405786316394806
Ours (MAPPO),value_target_mean,-36.711338528209765
Ours (MAPPO),value_target_std,15.642401284852152
Ours (MAPPO),value_pred_mean,-29.910491716055642
Ours (MAPPO),value_pred_std,2.0312324355625098
Ours (MAPPO),value_clip_fraction,0.2076888087720331
Ours (MAPPO),skipped_update_count,0.0
Ours (MAPPO),avail_L,1.0
Ours (MAPPO),avail_R,0.99979725
Ours (MAPPO),avail_V,0.6090018981804142
Ours (MAPPO),neighbor_count_mean,11.57103606542787
Ours (MAPPO),best_v2v_rate_mean,68170371.56307158
Ours (MAPPO),best_v2v_valid_rate,0.9999600082644627
Ours (MAPPO),v2v_beats_rsu_rate,0.34302205345289943
Ours (MAPPO),mean_cost_gap_v2v_minus_rsu,-0.013413074036314584
Ours (MAPPO),mean_cost_rsu,0.3211676213640569
Ours (MAPPO),mean_cost_v2v,0.3077545473277423
Ours (MAPPO),t_L,0.0
Ours (MAPPO),t_R,0.0
Ours (MAPPO),t_V,0.0
Ours (MAPPO),t_a,0.0
Ours (MAPPO),t_alt,0.0
Ours (MAPPO),A_t,0.0
Ours (MAPPO),r_lat,0.0
Ours (MAPPO),cp_rem,0.0
Ours (MAPPO),f_max,0.0
Ours (MAPPO),d_cp_lb,0.0
Ours (MAPPO),rate_best,0.0
Ours (MAPPO),comm_lb,0.0
Ours (MAPPO),queue_lb,0.0
Ours (MAPPO),lb,0.0
Ours (MAPPO),phi,0.0
Ours (MAPPO),delta_phi,0.0
Ours (MAPPO),r_shape,0.0
Ours (MAPPO),overtime_ratio,0.0
Ours (MAPPO),r_timeout,0.0
Ours (MAPPO),e_tx,0.0
Ours (MAPPO),r_energy,-0.01984078242248428
Ours (MAPPO),r_power,0.0
Ours (MAPPO),avg_power,0.45876396264933283
Ours (MAPPO),avg_rsu_queue,18.423133855768974
Ours (MAPPO),rsu_queue_p95,32.2553
Ours (MAPPO),time_limit_penalty_applied,0.193
Ours (MAPPO),time_limit_penalty_value,-0.193
Ours (MAPPO),remaining_time_seconds_used,0.6540048138618447
Ours (MAPPO),remaining_ratio_used,0.0
CP-EFT,reward_mean,-3.354438213883265
EFT,reward_mean,-2.992285538378478
Greedy,reward_mean,-0.008400106430147858
LB-Greedy,reward_mean,-3.0963557449716714
Local-Only,reward_mean,-0.32279427317065407
Random,reward_mean,-7.597087666163273
Static,reward_mean,-0.07178190204141394
CP-EFT,reward_total,-654.7380282172562
EFT,reward_total,-591.6942900800191
Greedy,reward_total,-1.2040756417609992
LB-Greedy,reward_total,-612.5876317332385
Local-Only,reward_total,-46.99292674647716
Random,reward_total,-1519.4175332326547
Static,reward_total,-9.546646017669705
CP-EFT,vehicle_sr,0.26916666666666667
EFT,vehicle_sr,0.2504166666666667
Greedy,vehicle_sr,0.6958333333333333
LB-Greedy,vehicle_sr,0.2125
Local-Only,vehicle_sr,0.7104166666666667
Random,vehicle_sr,0.0
Static,vehicle_sr,0.6829166666666667
CP-EFT,task_sr,0.26916666666666667
EFT,task_sr,0.2504166666666667
Greedy,task_sr,0.6958333333333333
LB-Greedy,task_sr,0.2125
Local-Only,task_sr,0.7104166666666667
Random,task_sr,0.0
Static,task_sr,0.6829166666666667
CP-EFT,subtask_sr,0.5944817602512347
EFT,subtask_sr,0.5733468287474106
Greedy,subtask_sr,0.9094121799833522
LB-Greedy,subtask_sr,0.5160434650032475
Local-Only,subtask_sr,0.9232782643962503
Random,subtask_sr,0.11342786557729038
Static,subtask_sr,0.9157718466316632
CP-EFT,v2v_subtask_sr,0.7825435311331111
EFT,v2v_subtask_sr,0.790327776877762
Greedy,v2v_subtask_sr,0.0
LB-Greedy,v2v_subtask_sr,0.7527282770985801
Local-Only,v2v_subtask_sr,0.0
Random,v2v_subtask_sr,0.47160508945648805
Static,v2v_subtask_sr,0.0
CP-EFT,ratio_local,0.9386758858682595
EFT,ratio_local,0.9289041049641182
Greedy,ratio_local,0.0
LB-Greedy,ratio_local,0.9315190616774284
Local-Only,ratio_local,1.0
Random,ratio_local,0.07602916666666666
Static,ratio_local,0.24792720577872004
CP-EFT,ratio_rsu,0.036723779704853854
EFT,ratio_rsu,0.04242605802728896
Greedy,ratio_rsu,1.0
LB-Greedy,ratio_rsu,0.03861780059973983
Local-Only,ratio_rsu,0.0
Random,ratio_rsu,0.11929791666666666
Static,ratio_rsu,0.75207279422128
CP-EFT,ratio_v2v,0.024600334426886663
EFT,ratio_v2v,0.02866983700859281
Greedy,ratio_v2v,0.0
LB-Greedy,ratio_v2v,0.029863137722831844
Local-Only,ratio_v2v,0.0
Random,ratio_v2v,0.8046729166666666
Static,ratio_v2v,0.0
CP-EFT,decision_frac_local,0.9386758858682595
EFT,decision_frac_local,0.9289041049641182
Greedy,decision_frac_local,0.0
LB-Greedy,decision_frac_local,0.9315190616774284
Local-Only,decision_frac_local,1.0
Random,decision_frac_local,0.07602916666666666
Static,decision_frac_local,0.24792720577872004
CP-EFT,decision_frac_rsu,0.036723779704853854
EFT,decision_frac_rsu,0.04242605802728896
Greedy,decision_frac_rsu,1.0
LB-Greedy,decision_frac_rsu,0.03861780059973983
Local-Only,decision_frac_rsu,0.0
Random,decision_frac_rsu,0.11929791666666666
Static,decision_frac_rsu,0.75207279422128
CP-EFT,decision_frac_v2v,0.024600334426886663
EFT,decision_frac_v2v,0.02866983700859281
Greedy,decision_frac_v2v,0.0
LB-Greedy,decision_frac_v2v,0.029863137722831844
Local-Only,decision_frac_v2v,0.0
Random,decision_frac_v2v,0.8046729166666666
Static,decision_frac_v2v,0.0
CP-EFT,avg_power,0.008889116198379437
EFT,avg_power,0.01168578372077448
Greedy,avg_power,1.0
LB-Greedy,avg_power,0.012418913004404753
Local-Only,avg_power,1.0
Random,avg_power,0.6300825461082907
Static,avg_power,1.0
CP-EFT,power_ratio_mean,0.1466123007318888
EFT,power_ratio_mean,0.166523135526299
Greedy,power_ratio_mean,1.0
LB-Greedy,power_ratio_mean,0.18457589399587285
Local-Only,power_ratio_mean,0.0
Random,power_ratio_mean,0.5996440100058577
Static,power_ratio_mean,1.0
CP-EFT,power_ratio_p95,0.9807167856871238
EFT,power_ratio_p95,0.9983751122610737
Greedy,power_ratio_p95,1.0
LB-Greedy,power_ratio_p95,0.9980544620764962
Local-Only,power_ratio_p95,0.0
Random,power_ratio_p95,0.9600567036458616
Static,power_ratio_p95,1.0
CP-EFT,episode_time_seconds,19.428333333333345
EFT,episode_time_seconds,19.727500000000013
Greedy,episode_time_seconds,12.435833333333305
LB-Greedy,episode_time_seconds,19.775000000000016
Local-Only,episode_time_seconds,14.742499999999968
Random,episode_time_seconds,20.000000000000018
Static,episode_time_seconds,13.413333333333302
CP-EFT,mean_cft_est,22.570087851842246
EFT,mean_cft_est,23.68301264293989
Greedy,mean_cft_est,12.946485356171907
LB-Greedy,mean_cft_est,23.732529706557596
Local-Only,mean_cft_est,15.589244191726026
Random,mean_cft_est,25.53347256978353
Static,mean_cft_est,13.999244620561578
CP-EFT,mean_cft_completed,7.6108792989417875
EFT,mean_cft_completed,7.805199164261652
Greedy,mean_cft_completed,8.583230946638343
LB-Greedy,mean_cft_completed,8.027846440596427
Local-Only,mean_cft_completed,7.740901917920676
Random,mean_cft_completed,0.0
Static,mean_cft_completed,8.488039714707076
CP-EFT,task_duration_mean,7.6108792989417875
EFT,task_duration_mean,7.805199164261652
Greedy,task_duration_mean,8.583230946638343
LB-Greedy,task_duration_mean,8.027846440596427
Local-Only,task_duration_mean,7.740901917920676
Random,task_duration_mean,0.0
Static,task_duration_mean,8.488039714707076
CP-EFT,task_duration_p95,9.900041666666647
EFT,task_duration_p95,10.116708333333314
Greedy,task_duration_p95,11.192291666666643
LB-Greedy,task_duration_p95,10.096458333333313
Local-Only,task_duration_p95,10.77495833333331
Random,task_duration_p95,0.0
Static,task_duration_p95,11.280708333333308
CP-EFT,deadline_miss_rate,0.7308333333333333
EFT,deadline_miss_rate,0.7495833333333334
Greedy,deadline_miss_rate,0.30416666666666664
LB-Greedy,deadline_miss_rate,0.7875
Local-Only,deadline_miss_rate,0.28958333333333336
Random,deadline_miss_rate,1.0
Static,deadline_miss_rate,0.31708333333333333
CP-EFT,time_limit_rate,0.875
EFT,time_limit_rate,0.9166666666666666
Greedy,time_limit_rate,0.0
LB-Greedy,time_limit_rate,0.925
Local-Only,time_limit_rate,0.0
Random,time_limit_rate,1.0
Static,time_limit_rate,0.0
CP-EFT,illegal_action_rate,0.0
EFT,illegal_action_rate,0.0
Greedy,illegal_action_rate,0.0
LB-Greedy,illegal_action_rate,0.0
Local-Only,illegal_action_rate,0.0
Random,illegal_action_rate,0.0
Static,illegal_action_rate,0.0
CP-EFT,no_task_rate,0.916937144090067
EFT,no_task_rate,0.9184300971397721
Greedy,no_task_rate,0.7898322057963377
LB-Greedy,no_task_rate,0.9252057157012412
Local-Only,no_task_rate,0.8636893384739593
Random,no_task_rate,0.9755145833333334
Static,no_task_rate,0.814387294349302
CP-EFT,unified_illegal_trigger_rate,0.0
EFT,unified_illegal_trigger_rate,0.0
Greedy,unified_illegal_trigger_rate,0.0
LB-Greedy,unified_illegal_trigger_rate,0.0
Local-Only,unified_illegal_trigger_rate,0.0
Random,unified_illegal_trigger_rate,0.0
Static,unified_illegal_trigger_rate,0.0
CP-EFT,I_total_mean,3.997059967749313e-06
EFT,I_total_mean,4.512985018341927e-06
Greedy,I_total_mean,0.0
LB-Greedy,I_total_mean,4.803410819202251e-06
Local-Only,I_total_mean,0.0
Random,I_total_mean,5.732067603977005e-06
Static,I_total_mean,0.0
CP-EFT,I_total_p50,3.0531758016456336e-13
EFT,I_total_p50,2.060903234985539e-13
Greedy,I_total_p50,0.0
LB-Greedy,I_total_p50,4.1713862854123375e-13
Local-Only,I_total_p50,0.0
Random,I_total_p50,1.1845810855437898e-11
Static,I_total_p50,0.0
CP-EFT,I_total_p95,6.1983625109252755e-06
EFT,I_total_p95,5.193332748030034e-06
Greedy,I_total_p95,0.0
LB-Greedy,I_total_p95,1.2277986421259478e-05
Local-Only,I_total_p95,0.0
Random,I_total_p95,3.648724261571582e-05
Static,I_total_p95,0.0
CP-EFT,I_caused_mean,3.997059967749313e-06
EFT,I_caused_mean,4.512985018341927e-06
Greedy,I_caused_mean,0.0
LB-Greedy,I_caused_mean,4.803410819202251e-06
Local-Only,I_caused_mean,0.0
Random,I_caused_mean,5.732067603977005e-06
Static,I_caused_mean,0.0
CP-EFT,I_caused_p95,6.1983625109252755e-06
EFT,I_caused_p95,5.193332748030034e-06
Greedy,I_caused_p95,0.0
LB-Greedy,I_caused_p95,1.2277986421259478e-05
Local-Only,I_caused_p95,0.0
Random,I_caused_p95,3.648724261571582e-05
Static,I_caused_p95,0.0
CP-EFT,rho_selected_mean,0.6806108358005682
EFT,rho_selected_mean,0.6768270984292031
Greedy,rho_selected_mean,0.720210287719965
LB-Greedy,rho_selected_mean,0.6747488399346669
Local-Only,rho_selected_mean,0.0
Random,rho_selected_mean,0.5480173577864965
Static,rho_selected_mean,0.7322765929003556
CP-EFT,rho_selected_p10,0.4622001390904188
EFT,rho_selected_p10,0.45881829857826234
Greedy,rho_selected_p10,0.5659123157461484
LB-Greedy,rho_selected_p10,0.4675327405333519
Local-Only,rho_selected_p10,0.0
Random,rho_selected_p10,0.4706297516822815
Static,rho_selected_p10,0.5972320732971033
CP-EFT,risk_penalty_mean,0.10110245247681932
EFT,risk_penalty_mean,0.10312549279381827
Greedy,risk_penalty_mean,0.08674450285422301
LB-Greedy,risk_penalty_mean,0.10349134672433133
Local-Only,risk_penalty_mean,0.0
Random,risk_penalty_mean,0.15597853350142635
Static,risk_penalty_mean,0.08120478463048732
CP-EFT,rho_selected_p50,
EFT,rho_selected_p50,
Greedy,rho_selected_p50,
LB-Greedy,rho_selected_p50,
Local-Only,rho_selected_p50,
Random,rho_selected_p50,
Static,rho_selected_p50,
CP-EFT,rho_selected_p95,
EFT,rho_selected_p95,
Greedy,rho_selected_p95,
LB-Greedy,rho_selected_p95,
Local-Only,rho_selected_p95,
Random,rho_selected_p95,
Static,rho_selected_p95,
CP-EFT,rho_selected_lt_0p6_rate,
EFT,rho_selected_lt_0p6_rate,
Greedy,rho_selected_lt_0p6_rate,
LB-Greedy,rho_selected_lt_0p6_rate,
Local-Only,rho_selected_lt_0p6_rate,
Random,rho_selected_lt_0p6_rate,
Static,rho_selected_lt_0p6_rate,
CP-EFT,rho_selected_lt_0p7_rate,
EFT,rho_selected_lt_0p7_rate,
Greedy,rho_selected_lt_0p7_rate,
LB-Greedy,rho_selected_lt_0p7_rate,
Local-Only,rho_selected_lt_0p7_rate,
Random,rho_selected_lt_0p7_rate,
Static,rho_selected_lt_0p7_rate,
CP-EFT,uncertainty_selected_mean,0.18165867117544013
EFT,uncertainty_selected_mean,0.17477452332774795
Greedy,uncertainty_selected_mean,0.057027157116681285
LB-Greedy,uncertainty_selected_mean,0.18460221004982785
Local-Only,uncertainty_selected_mean,0.0
Random,uncertainty_selected_mean,0.4091641197601954
Static,uncertainty_selected_mean,0.05881547878185903
CP-EFT,uncertainty_selected_p90,0.49861111119389534
EFT,uncertainty_selected_p90,0.5
Greedy,uncertainty_selected_p90,0.14635905226071674
LB-Greedy,uncertainty_selected_p90,0.5
Local-Only,uncertainty_selected_p90,0.0
Random,uncertainty_selected_p90,0.5
Static,uncertainty_selected_p90,0.1582703166330854
CP-EFT,chain_tx_total,232.38333333333333
EFT,chain_tx_total,275.96666666666664
Greedy,chain_tx_total,519.3416666666667
LB-Greedy,chain_tx_total,265.84166666666664
Local-Only,chain_tx_total,0.0
Random,chain_tx_total,89.625
Static,chain_tx_total,423.425
CP-EFT,chain_p95_mean,0.0
EFT,chain_p95_mean,0.0
Greedy,chain_p95_mean,0.0
LB-Greedy,chain_p95_mean,0.0
Local-Only,chain_p95_mean,0.0
Random,chain_p95_mean,0.0
Static,chain_p95_mean,0.0
CP-EFT,chain_pfail_mean,0.0
EFT,chain_pfail_mean,0.0
Greedy,chain_pfail_mean,0.0
LB-Greedy,chain_pfail_mean,0.0
Local-Only,chain_pfail_mean,0.0
Random,chain_pfail_mean,0.0
Static,chain_pfail_mean,0.0
CP-EFT,chain_risk_cost_total,0.0
EFT,chain_risk_cost_total,0.0
Greedy,chain_risk_cost_total,0.0
LB-Greedy,chain_risk_cost_total,0.0
Local-Only,chain_risk_cost_total,0.0
Random,chain_risk_cost_total,0.0
Static,chain_risk_cost_total,0.0
CP-EFT,trust_attempts,216.2
EFT,trust_attempts,257.25
Greedy,trust_attempts,512.0583333333333
LB-Greedy,trust_attempts,242.71666666666667
Local-Only,trust_attempts,0.0
Random,trust_attempts,53.94166666666667
Static,trust_attempts,418.23333333333335
CP-EFT,trust_failures,47.225
EFT,trust_failures,58.5
Greedy,trust_failures,130.74166666666667
LB-Greedy,trust_failures,53.28333333333333
Local-Only,trust_failures,0.0
Random,trust_failures,11.85
Static,trust_failures,100.56666666666666
CP-EFT,trust_failure_rate,0.21445430351883632
EFT,trust_failure_rate,0.2236689113631403
Greedy,trust_failure_rate,0.2447519680103901
LB-Greedy,trust_failure_rate,0.21698471995107882
Local-Only,trust_failure_rate,0.0
Random,trust_failure_rate,0.21733445781059407
Static,trust_failure_rate,0.23138528569071895
CP-EFT,trust_retry_count,47.225
EFT,trust_retry_count,58.5
Greedy,trust_retry_count,130.74166666666667
LB-Greedy,trust_retry_count,53.28333333333333
Local-Only,trust_retry_count,0.0
Random,trust_retry_count,11.85
Static,trust_retry_count,100.56666666666666
CP-EFT,avg_queue_len,0.1411977803996528
EFT,avg_queue_len,0.1164224967943853
Greedy,avg_queue_len,0.0
LB-Greedy,avg_queue_len,0.10169990146099255
Local-Only,avg_queue_len,1.1624872869552703
Random,avg_queue_len,0.061927083333333334
Static,avg_queue_len,0.20230562219580214
CP-EFT,avg_rsu_queue,1.7436227838450729
EFT,avg_rsu_queue,2.071181856076012
Greedy,avg_rsu_queue,24.33977728960157
LB-Greedy,avg_rsu_queue,1.8560680377568195
Local-Only,avg_rsu_queue,0.0
Random,avg_rsu_queue,0.079
Static,avg_rsu_queue,19.277238379595087
