episode,step,veh_id,target,power,reward,q_len
1,0,0,15,0.689,-0.965,2
1,0,1,13,0.086,0.380,0
1,0,2,13,0.154,0.813,1
1,0,3,6,0.607,-0.468,1
1,0,4,1,0.320,-0.003,0
1,0,5,8,0.405,0.994,2
1,0,6,13,0.719,0.982,0
1,0,7,12,0.369,0.609,1
1,0,8,20,0.582,0.960,0
1,0,9,12,0.799,0.086,0
1,0,10,20,0.396,0.291,0
1,0,11,4,0.362,0.987,3
1,0,12,20,0.479,0.716,3
1,0,13,9,0.289,-0.001,0
1,0,14,7,0.550,0.461,1
1,0,15,2,0.248,0.913,0
1,0,16,21,0.735,-0.010,1
1,0,17,2,0.886,0.985,0
1,0,18,5,0.865,-0.047,0
1,0,19,13,0.471,0.966,3
1,1,0,16,0.433,-1.001,0
1,1,1,12,0.260,-0.001,0
1,1,2,14,0.202,-0.002,0
1,1,3,0,0.213,-0.413,0
1,1,4,21,0.678,-0.007,1
1,1,5,14,0.295,-0.003,1
1,1,6,12,0.084,-0.001,0
1,1,7,13,0.887,-0.002,0
1,1,8,14,0.283,0.988,0
1,1,9,13,0.316,-0.003,0
1,1,10,8,0.167,-0.001,0
1,1,11,8,0.876,-0.002,0
1,1,12,6,0.683,-0.001,0
1,1,13,2,0.416,-0.001,0
1,1,14,18,0.685,-0.005,1
1,1,15,18,0.446,-0.001,0
1,1,16,10,0.843,-0.003,0
1,1,17,3,0.350,-0.002,0
1,1,18,13,0.674,-0.001,0
1,1,19,17,0.713,-0.002,1
1,2,0,4,0.116,-1.001,0
1,2,1,12,0.434,-0.001,0
1,2,2,20,0.756,-0.002,0
1,2,3,21,0.346,-0.002,0
1,2,4,8,0.543,-0.003,0
1,2,5,6,0.385,-0.001,0
1,2,6,20,0.653,-0.001,0
1,2,7,20,0.619,-0.002,0
1,2,8,19,0.560,-0.003,0
1,2,9,15,0.518,-0.003,0
1,2,10,14,0.586,-0.001,0
1,2,11,20,0.512,-0.002,0
1,2,12,12,0.428,-0.001,0
1,2,13,4,0.473,-0.001,0
1,2,14,20,0.385,-0.005,1
1,2,15,7,0.521,-0.001,0
1,2,16,12,0.318,-0.003,0
1,2,17,6,0.238,-0.002,0
1,2,18,21,0.106,-0.001,0
1,2,19,12,0.361,-0.000,0
1,3,0,15,0.821,-0.003,0
1,3,1,5,0.572,-0.001,0
1,3,2,14,0.170,-0.002,0
1,3,3,3,0.514,-0.002,0
1,3,4,4,0.582,-0.003,0
1,3,5,15,0.164,-0.001,0
1,3,6,20,0.470,-0.001,0
1,3,7,6,0.235,-0.002,0
1,3,8,20,0.872,-0.003,0
1,3,9,19,0.069,-0.003,0
1,3,10,9,0.138,-0.001,0
1,3,11,10,0.917,-0.002,0
1,3,12,4,0.741,-0.001,0
1,3,13,14,0.254,-0.001,0
1,3,14,4,0.801,-0.000,0
1,3,15,14,0.400,-0.001,0
1,3,16,9,0.524,-0.003,0
1,3,17,4,0.606,-0.002,0
1,3,18,3,0.583,-0.001,0
1,3,19,18,0.624,-0.000,0
1,4,0,1,0.210,-0.003,0
1,4,1,18,0.617,-0.001,0
1,4,2,11,0.332,-0.002,0
1,4,3,12,0.406,-0.002,0
1,4,4,2,0.629,-0.003,0
1,4,5,14,0.128,-0.001,0
1,4,6,9,0.458,-0.001,0
1,4,7,11,0.370,-0.002,0
1,4,8,21,0.739,-0.003,0
1,4,9,19,0.432,-0.003,0
1,4,10,8,0.415,-0.001,0
1,4,11,3,0.781,-0.002,0
1,4,12,13,0.724,-0.001,0
1,4,13,4,0.835,-0.001,0
1,4,14,3,0.303,-0.000,0
1,4,15,1,0.651,-0.211,0
1,4,16,9,0.058,-0.003,0
1,4,17,14,0.537,-0.002,0
1,4,18,21,0.589,-0.001,0
1,4,19,19,0.496,-0.000,0
1,5,0,1,0.316,-1.650,0
1,5,1,9,0.388,-0.001,0
1,5,2,3,0.880,-0.002,0
1,5,3,14,0.301,-0.002,0
1,5,4,21,0.481,-0.003,0
1,5,5,13,0.466,-0.001,0
1,5,6,7,0.533,-0.001,0
1,5,7,8,0.135,-2.393,0
1,5,8,18,0.915,-0.003,0
1,5,9,3,0.673,-0.003,0
1,5,10,5,0.792,-0.001,0
1,5,11,3,0.409,-0.002,0
1,5,12,11,0.707,-0.001,0
1,5,13,10,0.117,-0.001,0
1,5,14,19,0.309,-0.000,0
1,5,15,16,0.326,-2.861,0
1,5,16,13,0.191,-0.003,0
1,5,17,14,0.592,-0.002,0
1,5,18,11,0.545,-0.094,0
1,5,19,13,0.233,-0.000,0
1,6,0,7,0.746,-3.583,0
1,6,1,12,0.279,-1.385,0
1,6,2,20,0.621,-0.028,0
1,6,3,10,0.762,-0.002,0
1,6,4,10,0.265,-0.003,0
1,6,5,0,0.732,-0.001,0
1,6,6,13,0.364,-0.001,0
1,6,7,6,0.888,-4.018,0
1,6,8,7,0.199,-0.003,0
1,6,9,1,0.326,-0.730,0
1,6,10,13,0.317,-0.001,0
1,6,11,10,0.766,-0.002,0
1,6,12,21,0.810,-0.001,0
1,6,13,10,0.181,-1.731,0
1,6,14,14,0.156,-0.000,0
1,6,15,1,0.801,-4.255,0
1,6,16,14,0.597,-0.003,0
1,6,17,18,0.378,-0.002,0
1,6,18,16,0.561,-2.396,0
1,6,19,8,0.654,-0.000,0
1,7,0,20,0.445,-4.488,0
1,7,1,2,0.912,-3.187,0
1,7,2,12,0.757,-2.048,0
1,7,3,4,0.692,-0.002,0
1,7,4,15,0.373,-0.041,0
1,7,5,12,0.339,-0.001,0
1,7,6,2,0.512,-0.001,0
1,7,7,2,0.481,-4.675,0
1,7,8,3,0.641,-0.003,0
1,7,9,3,0.511,-2.674,0
1,7,10,17,0.764,-1.669,0
1,7,11,15,0.661,-0.002,0
1,7,12,8,0.899,-1.778,0
1,7,13,11,0.571,-3.433,0
1,7,14,17,0.408,-0.000,0
1,7,15,6,0.160,-4.767,0
1,7,16,5,0.252,-0.003,0
1,7,17,3,0.518,-0.002,0
1,7,18,17,0.825,-3.860,0
1,7,19,0,0.807,-0.000,0
1,8,0,12,0.310,-4.828,0
1,8,1,4,0.160,-4.203,0
1,8,2,10,0.472,-3.493,0
1,8,3,0,0.581,-0.002,0
1,8,4,9,0.916,-1.832,0
1,8,5,2,0.712,-0.001,0
1,8,6,10,0.346,-0.001,0
1,8,7,14,0.736,-4.899,0
1,8,8,1,0.391,-0.003,0
1,8,9,4,0.113,-3.903,0
1,8,10,0,0.497,-3.222,0
1,8,11,7,0.272,-0.002,0
1,8,12,2,0.842,-3.302,0
1,8,13,11,0.087,-4.336,0
1,8,14,10,0.226,-0.000,0
1,8,15,12,0.370,-4.930,0
1,8,16,7,0.205,-0.003,0
1,8,17,12,0.576,-0.002,0
1,8,18,3,0.861,-4.551,0
1,8,19,20,0.542,-0.220,0
1,9,0,0,0.631,-4.945,0
1,9,1,15,0.702,-4.673,0
1,9,2,21,0.703,-4.302,0
1,9,3,7,0.316,-0.002,0
1,9,4,11,0.267,-3.207,0
1,9,5,0,0.962,-0.001,0
1,9,6,9,0.207,-0.001,0
1,9,7,10,0.733,-4.970,0
1,9,8,12,0.722,-0.003,0
1,9,9,9,0.473,-4.524,0
1,9,10,5,0.680,-4.144,0
1,9,11,10,0.754,-0.118,0
1,9,12,10,0.183,-4.191,0
1,9,13,20,0.296,-4.735,0
1,9,14,18,0.847,-0.000,0
1,9,15,9,0.329,-4.980,0
1,9,16,8,0.459,-0.370,0
1,9,17,16,0.504,-0.002,0
1,9,18,5,0.259,-4.832,0
1,9,19,0,0.207,-1.823,0
1,10,0,5,0.533,-4.984,0
1,10,1,16,0.153,-4.870,0
1,10,2,6,0.416,-4.693,0
1,10,3,8,0.745,-0.422,0
1,10,4,1,0.431,-4.067,0
1,10,5,14,0.128,-0.001,0
1,10,6,0,0.800,-0.001,0
1,10,7,5,0.885,-4.992,0
1,10,8,13,0.329,-0.003,0
1,10,9,10,0.702,-4.802,0
1,10,10,6,0.816,-4.611,0
1,10,11,15,0.521,-1.575,0
1,10,12,20,0.351,-4.635,0
1,10,13,6,0.571,-4.897,0
1,10,14,11,0.341,-0.000,0
1,10,15,8,0.819,-4.994,0
1,10,16,9,0.913,-1.820,0
1,10,17,13,0.314,-0.002,0
1,10,18,8,0.627,-4.938,0
1,10,19,17,0.498,-3.086,0
1,11,0,0,0.854,-4.996,0
1,11,1,14,0.633,-4.949,0
1,11,2,20,0.705,-4.868,0
1,11,3,15,0.690,-1.748,0
1,11,4,13,0.226,-4.539,0
1,11,5,0,0.638,-0.001,0
1,11,6,14,0.511,-0.001,0
1,11,7,15,0.091,-4.999,0
1,11,8,5,0.607,-0.003,0
1,11,9,12,0.697,-4.920,0
1,11,10,5,0.804,-4.828,0
1,11,11,2,0.608,-2.785,0
1,11,12,7,0.682,-4.840,0
1,11,13,0,0.717,-4.961,0
1,11,14,12,0.513,-0.000,0
1,11,15,11,0.518,-4.999,0
1,11,16,20,0.922,-2.987,0
1,11,17,11,0.557,-0.002,0
1,11,18,19,0.589,-4.978,0
1,11,19,14,0.103,-3.926,0
1,12,0,14,0.511,-5.001,0
1,12,1,7,0.679,-4.980,0
1,12,2,6,0.169,-4.945,0
1,12,3,0,0.055,-2.843,0
1,12,4,5,0.333,-4.778,0
1,12,5,9,0.391,-0.001,0
1,12,6,6,0.919,-0.001,0
1,12,7,2,0.486,-5.001,0
1,12,8,11,0.733,-0.003,0
1,12,9,16,0.423,-4.969,0
1,12,10,4,0.048,-4.926,0
1,12,11,21,0.808,-3.656,0
1,12,12,13,0.489,-4.931,0
1,12,13,7,0.497,-4.985,0
1,12,14,19,0.623,-0.000,0
1,12,15,7,0.058,-5.000,0
1,12,16,0,0.605,-3.801,0
1,12,17,15,0.281,-0.002,0
1,12,18,21,0.621,-4.993,0
1,12,19,6,0.446,-4.424,0
1,13,0,21,0.165,-5.002,0
1,13,1,0,0.637,-4.993,0
1,13,2,17,0.335,-4.978,0
1,13,3,15,0.473,-3.644,0
1,13,4,10,0.159,-4.896,0
1,13,5,21,0.305,-0.164,0
1,13,6,12,0.839,-0.001,0
1,13,7,11,0.398,-5.002,0
1,13,8,2,0.196,-0.003,0
1,13,9,16,0.314,-4.989,0
1,13,10,16,0.841,-4.968,0
1,13,11,11,0.413,-4.219,0
1,13,12,20,0.241,-4.970,0
1,13,13,9,0.349,-4.995,0
1,13,14,5,0.456,-0.000,0
1,13,15,7,0.432,-5.000,0
1,13,16,6,0.206,-4.315,0
1,13,17,15,0.079,-0.442,0
1,13,18,14,0.726,-4.998,0
1,13,19,19,0.311,-4.699,0
1,14,0,13,0.969,-5.003,0
1,14,1,15,0.918,-4.998,0
1,14,2,14,0.341,-4.992,0
1,14,3,19,0.209,-4.179,0
1,14,4,21,0.977,-4.952,0
1,14,5,21,0.530,-1.222,0
1,14,6,6,0.429,-0.629,0
1,14,7,15,0.657,-5.002,0
1,14,8,21,0.278,-0.003,0
1,14,9,9,0.230,-4.997,0
1,14,10,16,0.327,-4.987,0
1,14,11,3,0.637,-4.558,0
1,14,12,21,0.520,-4.988,0
1,14,13,10,0.596,-4.998,0
1,14,14,1,0.611,-0.000,0
1,14,15,19,0.389,-5.001,0
1,14,16,4,0.529,-4.619,0
1,14,17,18,0.834,-1.498,0
1,14,18,5,0.508,-5.000,0
1,14,19,15,0.372,-4.845,0
1,15,0,5,0.496,-5.003,0
1,15,1,10,0.220,-4.999,0
1,15,2,7,0.358,-4.997,0
1,15,3,13,0.372,-4.515,0
1,15,4,15,0.172,-4.979,0
1,15,5,20,0.645,-2.175,0
1,15,6,5,0.102,-1.615,0
1,15,7,13,0.654,-5.002,0
1,15,8,14,0.512,-0.003,0
1,15,9,13,0.671,-5.000,0
1,15,10,5,0.395,-4.995,0
1,15,11,18,0.785,-4.755,0
1,15,12,1,0.741,-4.995,0
1,15,13,2,0.798,-5.000,0
1,15,14,12,0.794,-0.000,0
1,15,15,4,0.834,-5.001,0
1,15,16,21,0.174,-4.791,0
1,15,17,11,0.330,-2.426,0
1,15,18,15,0.346,-5.000,0
1,15,19,6,0.231,-4.921,0
1,16,0,0,0.534,-5.003,0
1,16,1,5,0.378,-5.000,0
1,16,2,16,0.559,-5.000,0
1,16,3,19,0.114,-4.718,0
1,16,4,21,0.141,-4.991,0
1,16,5,1,0.224,-2.967,0
1,16,6,4,0.703,-2.478,0
1,16,7,3,0.823,-5.002,0
1,16,8,1,0.593,-0.003,0
1,16,9,12,0.549,-5.002,0
1,16,10,16,0.943,-4.999,0
1,16,11,10,0.649,-4.865,0
1,16,12,5,0.792,-4.998,0
1,16,13,18,0.399,-5.000,0
1,16,14,2,0.561,-0.000,0
1,16,15,6,0.070,-5.001,0
1,16,16,2,0.633,-4.887,0
1,16,17,6,0.730,-3.177,0
1,16,18,19,0.731,-5.001,0
1,16,19,0,0.515,-4.960,0
1,17,0,17,0.061,-5.003,0
1,17,1,14,0.664,-5.000,0
1,17,2,14,0.505,-5.001,0
1,17,3,8,0.257,-4.838,0
1,17,4,13,0.318,-4.997,0
1,17,5,10,0.496,-3.580,0
1,17,6,10,0.391,-3.181,0
1,17,7,10,0.510,-5.002,0
1,17,8,7,0.799,-0.704,0
1,17,9,0,0.514,-5.002,0
1,17,10,20,0.864,-5.000,0
1,17,11,7,0.192,-4.927,0
1,17,12,16,0.842,-5.000,0
1,17,13,9,0.169,-5.000,0
1,17,14,11,0.350,-0.354,0
1,17,15,15,0.616,-5.001,0
1,17,16,14,0.711,-4.940,0
1,17,17,6,0.401,-3.747,0
1,17,18,12,0.665,-5.001,0
1,17,19,5,0.761,-4.980,0
1,18,0,21,0.692,-5.003,0
1,18,1,5,0.191,-5.001,0
1,18,2,7,0.638,-5.001,0
1,18,3,9,0.409,-4.908,0
1,18,4,1,0.668,-5.000,0
1,18,5,14,0.100,-4.031,0
1,18,6,18,0.303,-3.722,0
1,18,7,13,0.395,-5.002,0
1,18,8,15,0.217,-1.530,0
1,18,9,2,0.504,-5.002,0
1,18,10,16,0.562,-5.001,0
1,18,11,19,0.403,-4.961,0
1,18,12,13,0.342,-5.000,0
1,18,13,4,0.238,-5.000,0
1,18,14,3,0.522,-1.185,0
1,18,15,7,0.509,-5.001,0
1,18,16,21,0.069,-4.969,0
1,18,17,10,0.471,-4.157,0
1,18,18,1,0.468,-5.001,0
1,18,19,16,0.530,-4.990,0
1,19,0,8,0.118,-5.003,0
1,19,1,0,0.532,-5.001,0
1,19,2,18,0.465,-5.002,0
1,19,3,1,0.830,-4.948,0
1,19,4,13,0.707,-5.001,0
1,19,5,15,0.731,-4.350,0
1,19,6,7,0.705,-4.120,0
1,19,7,5,0.503,-5.002,0
1,19,8,21,0.271,-2.274,0
1,19,9,20,0.785,-5.003,0
1,19,10,0,0.646,-5.001,0
1,19,11,10,0.870,-4.979,0
1,19,12,2,0.146,-5.000,0
1,19,13,5,0.835,-5.001,0
1,19,14,18,0.333,-1.951,0
1,19,15,21,0.378,-5.001,0
1,19,16,3,0.735,-4.984,0
1,19,17,4,0.306,-4.441,0
1,19,18,4,0.333,-5.001,0
1,19,19,6,0.845,-4.995,0
1,20,0,4,0.646,-5.003,0
1,20,1,6,0.563,-5.001,0
1,20,2,2,0.607,-5.002,0
1,20,3,17,0.408,-4.971,0
1,20,4,19,0.647,-5.002,0
1,20,5,0,0.749,-4.569,0
1,20,6,2,0.253,-4.402,0
1,20,7,7,0.441,-5.002,0
1,20,8,18,0.761,-2.910,0
1,20,9,21,0.298,-5.003,0
1,20,10,0,0.357,-5.001,0
1,20,11,6,0.712,-4.990,0
1,20,12,0,0.618,-5.001,0
1,20,13,3,0.287,-5.001,0
1,20,14,14,0.865,-2.623,0
1,20,15,6,0.747,-5.001,0
1,20,16,13,0.597,-4.993,0
1,20,17,13,0.347,-4.634,0
1,20,18,0,0.771,-5.001,0
1,20,19,6,0.257,-4.998,0
1,21,0,9,0.289,-5.003,0
1,21,1,10,0.782,-5.001,0
1,21,2,2,0.622,-5.002,0
1,21,3,19,0.591,-4.984,0
1,21,4,21,0.797,-5.002,0
1,21,5,18,0.458,-4.717,0
1,21,6,7,0.538,-4.598,0
1,21,7,20,0.537,-5.002,0
1,21,8,1,0.154,-3.429,0
1,21,9,5,0.681,-5.003,0
1,21,10,19,0.401,-5.001,0
1,21,11,7,0.363,-4.995,0
1,21,12,12,0.545,-5.001,0
1,21,13,8,0.684,-5.001,0
1,21,14,0,0.618,-3.186,0
1,21,15,16,0.323,-5.001,0
1,21,16,9,0.599,-4.997,0
1,21,17,4,0.661,-4.762,0
1,21,18,15,0.426,-5.001,0
1,21,19,2,0.579,-4.999,0
1,22,0,13,0.538,-5.003,0
1,22,1,10,0.459,-5.001,0
1,22,2,2,0.092,-5.002,0
1,22,3,18,0.345,-4.992,0
1,22,4,17,0.560,-5.002,0
1,22,5,20,0.574,-4.815,0
1,22,6,11,0.747,-4.732,0
1,22,7,12,0.962,-5.002,0
1,22,8,11,0.484,-3.839,0
1,22,9,17,0.539,-5.003,0
1,22,10,9,0.546,-5.001,0
1,22,11,21,0.887,-4.998,0
1,22,12,19,0.887,-5.001,0
1,22,13,13,0.487,-5.001,0
1,22,14,17,0.522,-3.639,0
1,22,15,6,0.388,-5.001,0
1,22,16,7,0.729,-5.000,0
1,22,17,13,0.230,-4.846,0
1,22,18,15,0.268,-5.001,0
1,22,19,10,0.521,-5.000,0
1,23,0,0,0.573,-5.003,0
1,23,1,6,0.412,-5.001,0
1,23,2,11,0.861,-5.002,0
1,23,3,11,0.147,-4.996,0
1,23,4,9,0.095,-5.003,0
1,23,5,13,0.383,-4.880,0
1,23,6,6,0.157,-4.822,0
1,23,7,16,0.849,-5.002,0
1,23,8,1,0.567,-4.153,0
1,23,9,9,0.750,-5.003,0
1,23,10,1,0.671,-5.001,0
1,23,11,7,0.369,-5.000,0
1,23,12,10,0.750,-5.001,0
1,23,13,17,0.603,-5.001,0
1,23,14,19,0.334,-3.993,0
1,23,15,1,0.552,-5.001,0
1,23,16,20,0.311,-5.001,0
1,23,17,11,0.314,-4.901,0
1,23,18,16,0.694,-5.001,0
1,23,19,8,0.843,-5.000,0
1,24,0,18,0.398,-5.003,0
1,24,1,14,0.382,-5.001,0
1,24,2,14,0.303,-5.002,0
1,24,3,7,0.421,-4.999,0
1,24,4,4,0.782,-5.003,0
1,24,5,3,0.610,-4.922,0
1,24,6,19,0.668,-4.882,0
1,24,7,8,0.842,-5.002,0
1,24,8,8,0.228,-4.388,0
1,24,9,10,0.652,-5.003,0
1,24,10,19,0.482,-5.001,0
1,24,11,3,0.702,-5.001,0
1,24,12,2,0.357,-5.001,0
1,24,13,10,0.557,-5.001,0
1,24,14,20,0.326,-4.263,0
1,24,15,14,0.403,-5.001,0
1,24,16,10,0.556,-5.002,0
1,24,17,17,0.693,-4.937,0
1,24,18,10,0.383,-5.001,0
1,24,19,6,0.812,-5.000,0
1,25,0,5,0.652,-5.003,0
1,25,1,15,0.675,-5.001,0
1,25,2,12,0.490,-5.002,0
1,25,3,8,0.718,-5.000,0
1,25,4,8,0.193,-5.003,0
1,25,5,16,0.123,-4.950,0
1,25,6,11,0.453,-4.922,0
1,25,7,0,0.846,-5.002,0
1,25,8,20,0.518,-4.561,0
1,25,9,13,0.427,-5.003,0
1,25,10,3,0.489,-5.001,0
1,25,11,17,0.481,-5.001,0
1,25,12,15,0.322,-5.001,0
1,25,13,17,0.251,-5.001,0
1,25,14,9,0.537,-4.465,0
1,25,15,10,0.360,-5.001,0
1,25,16,3,0.778,-5.002,0
1,25,17,6,0.600,-4.960,0
1,25,18,8,0.491,-5.001,0
1,25,19,4,0.589,-5.000,0
1,26,0,11,0.628,-5.003,0
1,26,1,5,0.654,-5.001,0
1,26,2,3,0.096,-5.002,0
1,26,3,14,0.564,-5.001,0
1,26,4,5,0.865,-5.003,0
1,26,5,2,0.602,-4.968,0
1,26,6,14,0.750,-4.949,0
1,26,7,15,0.379,-5.002,0
1,26,8,1,0.045,-4.687,0
1,26,9,0,0.574,-5.003,0
1,26,10,17,0.281,-5.001,0
1,26,11,20,0.625,-5.002,0
1,26,12,7,0.541,-5.001,0
1,26,13,8,0.269,-5.001,0
1,26,14,0,0.599,-4.613,0
1,26,15,19,0.600,-5.001,0
1,26,16,17,0.383,-5.002,0
1,26,17,7,0.479,-4.975,0
1,26,18,3,0.107,-5.001,0
1,26,19,6,0.104,-5.000,0
1,27,0,20,0.746,-5.003,0
1,27,1,12,0.420,-5.001,0
1,27,2,2,0.557,-5.002,0
1,27,3,15,0.391,-5.001,0
1,27,4,9,0.183,-5.003,0
1,27,5,2,0.538,-4.979,0
1,27,6,16,0.592,-4.966,0
1,27,7,13,0.337,-5.002,0
1,27,8,3,0.561,-4.778,0
1,27,9,7,0.747,-5.003,0
1,27,10,5,0.438,-5.001,0
1,27,11,8,0.490,-5.002,0
1,27,12,18,0.464,-5.001,0
1,27,13,20,0.590,-5.001,0
1,27,14,13,0.275,-4.722,0
1,27,15,14,0.170,-5.001,0
1,27,16,19,0.647,-5.002,0
1,27,17,10,0.400,-4.985,0
1,27,18,3,0.464,-5.001,0
1,27,19,5,0.881,-5.000,0
1,28,0,13,0.329,-5.003,0
1,28,1,15,0.042,-5.001,0
1,28,2,1,0.338,-5.002,0
1,28,3,21,0.451,-5.002,0
1,28,4,15,0.479,-5.003,0
1,28,5,20,0.727,-4.987,0
1,28,6,12,0.676,-4.978,0
1,28,7,19,0.601,-5.002,0
1,28,8,20,0.534,-4.843,0
1,28,9,14,0.529,-5.003,0
1,28,10,15,0.458,-5.001,0
1,28,11,0,0.898,-5.002,0
1,28,12,19,0.772,-5.001,0
1,28,13,10,0.460,-5.001,0
1,28,14,2,0.362,-4.801,0
1,28,15,0,0.800,-5.001,0
1,28,16,16,0.381,-5.002,0
1,28,17,9,0.242,-4.991,0
1,28,18,6,0.277,-5.001,0
1,28,19,5,0.161,-5.000,0
1,29,0,4,0.395,-5.003,0
1,29,1,17,0.427,-5.001,0
1,29,2,10,0.658,-5.002,0
1,29,3,12,0.387,-5.002,0
1,29,4,5,0.296,-5.003,0
1,29,5,9,0.551,-4.992,0
1,29,6,15,0.653,-4.986,0
1,29,7,19,0.559,-5.002,0
1,29,8,15,0.601,-4.889,0
1,29,9,5,0.245,-5.003,0
1,29,10,8,0.578,-5.001,0
1,29,11,8,0.849,-5.002,0
1,29,12,15,0.433,-5.001,0
1,29,13,1,0.628,-5.001,0
1,29,14,14,0.748,-4.858,0
1,29,15,15,0.656,-5.001,0
1,29,16,7,0.235,-5.003,0
1,29,17,17,0.630,-4.995,0
1,29,18,6,0.663,-5.001,0
1,29,19,2,0.362,-5.000,0
1,30,0,17,0.647,-5.003,0
1,30,1,11,0.566,-5.001,0
1,30,2,14,0.315,-5.002,0
1,30,3,20,0.461,-5.002,0
1,30,4,18,0.606,-5.003,0
1,30,5,2,0.667,-4.995,0
1,30,6,13,0.120,-4.991,0
1,30,7,5,0.576,-5.002,0
1,30,8,15,0.531,-4.923,0
1,30,9,16,0.400,-5.003,0
1,30,10,21,0.883,-5.001,0
1,30,11,6,0.790,-5.002,0
1,30,12,11,0.571,-5.001,0
1,30,13,16,0.534,-5.001,0
1,30,14,20,0.500,-4.899,0
1,30,15,11,0.405,-5.001,0
1,30,16,6,0.632,-5.003,0
1,30,17,3,0.326,-4.997,0
1,30,18,8,0.732,-5.001,0
1,30,19,8,0.667,-5.000,0
1,31,0,9,0.459,-5.003,0
1,31,1,15,0.707,-5.001,0
1,31,2,17,0.868,-5.002,0
1,31,3,12,0.259,-5.002,0
1,31,4,16,0.838,-5.003,0
1,31,5,3,0.572,-4.997,0
1,31,6,6,0.096,-4.994,0
1,31,7,7,0.654,-5.002,0
1,31,8,20,0.831,-4.946,0
1,31,9,20,0.677,-5.003,0
1,31,10,9,0.426,-5.001,0
1,31,11,14,0.173,-5.002,0
1,31,12,7,0.823,-5.001,0
1,31,13,16,0.349,-5.001,0
1,31,14,5,0.497,-4.928,0
1,31,15,2,0.300,-5.001,0
1,31,16,21,0.345,-5.003,0
1,31,17,6,0.211,-4.999,0
1,31,18,4,0.750,-5.001,0
1,31,19,10,0.741,-5.000,0
1,32,0,5,0.403,-5.003,0
1,32,1,11,0.432,-5.001,0
1,32,2,12,0.448,-5.002,0
1,32,3,13,0.167,-5.002,0
1,32,4,4,0.593,-5.003,0
1,32,5,0,0.142,-4.999,0
1,32,6,13,0.566,-4.996,0
1,32,7,19,0.735,-5.002,0
1,32,8,5,0.627,-4.963,0
1,32,9,2,0.490,-5.003,0
1,32,10,2,0.144,-5.001,0
1,32,11,2,0.681,-5.002,0
1,32,12,2,0.726,-5.001,0
1,32,13,8,0.667,-5.001,0
1,32,14,4,0.115,-4.949,0
1,32,15,13,0.017,-5.001,0
1,32,16,3,0.446,-5.003,0
1,32,17,6,0.769,-5.000,0
1,32,18,1,0.458,-5.001,0
1,32,19,3,0.288,-5.000,0
1,33,0,14,0.400,-5.003,0
1,33,1,7,0.528,-5.001,0
1,33,2,7,0.903,-5.002,0
1,33,3,3,0.683,-5.002,0
1,33,4,17,0.428,-5.003,0
1,33,5,14,0.687,-4.999,0
1,33,6,17,0.512,-4.998,0
1,33,7,8,0.061,-5.002,0
1,33,8,16,0.449,-4.974,0
1,33,9,2,0.162,-5.003,0
1,33,10,16,0.382,-5.001,0
1,33,11,1,0.618,-5.002,0
1,33,12,9,0.783,-5.001,0
1,33,13,7,0.762,-5.001,0
1,33,14,15,0.648,-4.964,0
1,33,15,13,0.313,-5.001,0
1,33,16,8,0.214,-5.003,0
1,33,17,18,0.211,-5.001,0
1,33,18,8,0.482,-5.001,0
1,33,19,3,0.339,-5.000,0
1,34,0,1,0.195,-5.003,0
1,34,1,19,0.244,-5.001,0
1,34,2,13,0.300,-5.002,0
1,34,3,6,0.311,-5.002,0
1,34,4,10,0.156,-5.003,0
1,34,5,6,0.743,-5.000,0
1,34,6,20,0.445,-4.999,0
1,34,7,10,0.656,-5.002,0
1,34,8,13,0.767,-4.983,0
1,34,9,6,0.370,-5.003,0
1,34,10,11,0.311,-5.001,0
1,34,11,3,0.656,-5.002,0
1,34,12,10,0.565,-5.001,0
1,34,13,21,0.506,-5.001,0
1,34,14,18,0.819,-4.974,0
1,34,15,12,0.870,-5.001,0
1,34,16,19,0.320,-5.003,0
1,34,17,16,0.688,-5.001,0
1,34,18,18,0.638,-5.001,0
1,34,19,13,0.715,-5.000,0
1,35,0,6,0.135,-5.003,0
1,35,1,12,0.454,-5.001,0
1,35,2,16,0.549,-5.002,0
1,35,3,17,0.726,-5.002,0
1,35,4,13,0.585,-5.003,0
1,35,5,2,0.895,-5.000,0
1,35,6,18,0.836,-5.000,0
1,35,7,8,0.250,-5.002,0
1,35,8,16,0.433,-4.989,0
1,35,9,21,0.289,-5.003,0
1,35,10,10,0.164,-5.001,0
1,35,11,4,0.377,-5.002,0
1,35,12,7,0.754,-5.001,0
1,35,13,0,0.253,-5.001,0
1,35,14,7,0.379,-4.982,0
1,35,15,2,0.883,-5.001,0
1,35,16,19,0.626,-5.003,0
1,35,17,2,0.631,-5.001,0
1,35,18,8,0.468,-5.001,0
1,35,19,19,0.822,-5.000,0
1,36,0,9,0.243,-5.003,0
1,36,1,6,0.866,-5.001,0
1,36,2,0,0.283,-5.002,0
1,36,3,0,0.377,-5.002,0
1,36,4,17,0.501,-5.003,0
1,36,5,19,0.256,-5.001,0
1,36,6,1,0.707,-5.000,0
1,36,7,0,0.177,-5.002,0
1,36,8,17,0.102,-4.993,0
1,36,9,10,0.453,-5.003,0
1,36,10,10,0.599,-5.001,0
1,36,11,17,0.252,-5.002,0
1,36,12,21,0.978,-5.001,0
1,36,13,3,0.519,-5.001,0
1,36,14,13,0.102,-4.987,0
1,36,15,0,0.242,-5.001,0
1,36,16,20,0.281,-5.003,0
1,36,17,17,0.280,-5.002,0
1,36,18,6,0.848,-5.001,0
1,36,19,19,0.406,-5.000,0
1,37,0,3,0.757,-5.003,0
1,37,1,19,0.773,-5.001,0
1,37,2,7,0.683,-5.002,0
1,37,3,10,0.716,-5.002,0
1,37,4,7,0.422,-5.003,0
1,37,5,8,0.394,-5.001,0
1,37,6,14,0.436,-5.000,0
1,37,7,14,0.781,-5.002,0
1,37,8,14,0.171,-4.996,0
1,37,9,17,0.582,-5.003,0
1,37,10,0,0.454,-5.001,0
1,37,11,18,0.852,-5.002,0
1,37,12,5,0.371,-5.001,0
1,37,13,5,0.255,-5.001,0
1,37,14,21,0.513,-4.991,0
1,37,15,4,0.614,-5.001,0
1,37,16,19,0.835,-5.003,0
1,37,17,14,0.256,-5.002,0
1,37,18,6,0.683,-5.001,0
1,37,19,5,0.251,-5.000,0
1,38,0,0,0.642,-5.003,0
1,38,1,0,0.776,-5.001,0
1,38,2,1,0.230,-5.002,0
1,38,3,3,0.631,-5.002,0
1,38,4,18,0.806,-5.003,0
1,38,5,2,0.251,-5.001,0
1,38,6,19,0.602,-5.000,0
1,38,7,20,0.418,-5.002,0
1,38,8,4,0.580,-4.998,0
1,38,9,6,0.590,-5.003,0
1,38,10,20,0.577,-5.001,0
1,38,11,0,0.722,-5.002,0
1,38,12,19,0.117,-5.001,0
1,38,13,18,0.862,-5.001,0
1,38,14,10,0.542,-4.994,0
1,38,15,18,0.079,-5.001,0
1,38,16,21,0.347,-5.003,0
1,38,17,16,0.453,-5.002,0
1,38,18,0,0.272,-5.001,0
1,38,19,3,0.785,-5.000,0
1,39,0,5,0.555,-5.003,0
1,39,1,7,0.527,-5.001,0
1,39,2,2,0.430,-5.007,1
1,39,3,7,0.815,-5.002,0
1,39,4,14,0.408,-5.003,0
1,39,5,13,0.788,-5.001,0
1,39,6,9,0.776,-5.000,0
1,39,7,1,0.413,-5.002,0
1,39,8,5,0.178,-4.999,0
1,39,9,3,0.578,-5.003,0
1,39,10,8,0.235,-5.001,0
1,39,11,7,0.658,-5.002,0
1,39,12,7,0.688,-5.001,0
1,39,13,17,0.567,-5.001,0
1,39,14,4,0.794,-4.996,0
1,39,15,8,0.407,-5.001,0
1,39,16,20,0.220,-5.003,0
1,39,17,8,0.309,-5.002,0
1,39,18,18,0.564,-5.001,0
1,39,19,13,0.368,-5.000,0
1,39,20,4,0.694,0.986,0
1,40,0,5,0.425,-5.003,0
1,40,1,2,0.326,-5.001,0
1,40,2,18,0.868,-5.002,0
1,40,3,14,0.645,-5.002,0
1,40,4,16,0.355,-5.003,0
1,40,5,20,0.212,-5.001,0
1,40,6,21,0.571,-5.001,0
1,40,7,16,0.720,-5.002,0
1,40,8,14,0.838,-5.000,0
1,40,9,0,0.772,-5.003,0
1,40,10,3,0.694,-5.001,0
1,40,11,7,0.554,-5.002,0
1,40,12,10,0.636,-5.001,0
1,40,13,3,0.519,-5.001,0
1,40,14,1,0.334,-4.997,0
1,40,15,5,0.045,-5.001,0
1,40,16,15,0.261,-5.003,0
1,40,17,8,0.751,-5.002,0
1,40,18,13,0.636,-5.001,0
1,40,19,18,0.511,-5.000,0
1,40,20,8,0.535,-0.002,0
1,41,0,13,0.087,-5.003,0
1,41,1,5,0.517,-5.001,0
1,41,2,15,0.488,-5.002,0
1,41,3,14,0.663,-5.002,0
1,41,4,12,0.811,-5.003,0
1,41,5,13,0.312,-5.001,0
1,41,6,0,0.566,-5.001,0
1,41,7,2,0.799,-5.002,0
1,41,8,13,0.302,-5.001,0
1,41,9,1,0.098,-5.003,0
1,41,10,0,0.694,-5.001,0
1,41,11,2,0.113,-5.002,0
1,41,12,17,0.311,-5.001,0
1,41,13,0,0.464,-5.001,0
1,41,14,0,0.558,-4.998,0
1,41,15,8,0.264,-5.001,0
1,41,16,19,0.314,-5.003,0
1,41,17,18,0.399,-5.002,0
1,41,18,2,0.801,-5.001,0
1,41,19,20,0.384,-5.000,0
1,41,20,16,0.685,-0.002,0
1,42,0,13,0.779,-5.003,0
1,42,1,14,0.901,-5.001,0
1,42,2,11,0.497,-5.002,0
1,42,3,14,0.149,-5.002,0
1,42,4,17,0.615,-5.003,0
1,42,5,10,0.645,-5.001,0
1,42,6,11,0.440,-5.001,0
1,42,7,18,0.802,-5.002,0
1,42,8,3,0.335,-5.001,0
1,42,9,15,0.457,-5.003,0
1,42,10,1,0.519,-5.001,0
1,42,11,12,0.397,-5.002,0
1,42,12,12,0.151,-5.001,0
1,42,13,11,0.629,-5.001,0
1,42,14,8,0.740,-4.999,0
1,42,15,2,0.403,-5.001,0
1,42,16,5,0.385,-5.003,0
1,42,17,13,0.131,-5.002,0
1,42,18,6,0.499,-5.001,0
1,42,19,12,0.926,-5.000,0
1,42,20,0,0.436,-0.002,0
1,43,0,10,0.144,-5.003,0
1,43,1,4,0.465,-5.001,0
1,43,2,5,0.442,-5.002,0
1,43,3,6,0.590,-5.002,0
1,43,4,0,0.132,-5.003,0
1,43,5,3,0.366,-5.001,0
1,43,6,14,0.455,-5.001,0
1,43,7,19,0.675,-5.002,0
1,43,8,12,0.340,-5.002,0
1,43,9,20,0.432,-5.003,0
1,43,10,8,0.452,-5.001,0
1,43,11,20,0.766,-5.002,0
1,43,12,2,0.855,-5.001,0
1,43,13,14,0.253,-5.001,0
1,43,14,5,0.240,-4.999,0
1,43,15,3,0.511,-5.001,0
1,43,16,21,0.421,-5.003,0
1,43,17,17,0.339,-5.002,0
1,43,18,10,0.654,-5.001,0
1,43,19,5,0.582,-5.000,0
1,43,20,2,0.741,-0.002,0
1,44,0,7,0.547,-5.003,0
1,44,1,4,0.653,-5.001,0
1,44,2,14,0.537,-5.002,0
1,44,3,0,0.474,-5.002,0
1,44,4,17,0.357,-5.003,0
1,44,5,2,0.303,-5.001,0
1,44,6,16,0.414,-5.001,0
1,44,7,21,0.633,-5.002,0
1,44,8,6,0.111,-5.002,0
1,44,9,5,0.367,-5.003,0
1,44,10,16,0.638,-5.001,0
1,44,11,7,0.397,-5.002,0
1,44,12,12,0.550,-5.001,0
1,44,13,14,0.362,-5.001,0
1,44,14,0,0.676,-5.000,0
1,44,15,19,0.093,-5.001,0
1,44,16,15,0.354,-5.003,0
1,44,17,1,0.639,-5.002,0
1,44,18,14,0.471,-5.001,0
1,44,19,15,0.602,-5.000,0
1,44,20,18,0.504,-0.002,0
1,45,0,15,0.501,-5.003,0
1,45,1,2,0.352,-5.001,0
1,45,2,7,0.397,-5.002,0
1,45,3,18,0.509,-5.002,0
1,45,4,0,0.226,-5.003,0
1,45,5,9,0.593,-5.001,0
1,45,6,3,0.525,-5.001,0
1,45,7,16,0.642,-5.002,0
1,45,8,21,0.613,-5.002,0
1,45,9,14,0.496,-5.003,0
1,45,10,1,0.039,-5.001,0
1,45,11,2,0.738,-5.002,0
1,45,12,16,0.250,-5.001,0
1,45,13,10,0.410,-5.001,0
1,45,14,7,0.611,-5.000,0
1,45,15,1,0.272,-5.001,0
1,45,16,15,0.303,-5.003,0
1,45,17,17,0.800,-5.002,0
1,45,18,21,0.517,-5.001,0
1,45,19,17,0.374,-5.000,0
1,45,20,19,0.515,-0.002,0
1,46,0,4,0.585,-5.003,0
1,46,1,16,0.798,-5.001,0
1,46,2,17,0.509,-5.002,0
1,46,3,14,0.579,-5.002,0
1,46,4,9,0.640,-5.003,0
1,46,5,14,0.397,-5.001,0
1,46,6,3,0.527,-5.001,0
1,46,7,19,0.384,-5.002,0
1,46,8,21,0.740,-5.002,0
1,46,9,15,0.509,-5.003,0
1,46,10,2,0.795,-5.001,0
1,46,11,8,0.312,-5.002,0
1,46,12,1,0.660,-5.001,0
1,46,13,14,0.419,-5.001,0
1,46,14,14,0.488,-5.000,0
1,46,15,19,0.445,-5.001,0
1,46,16,1,0.746,-5.003,0
1,46,17,2,0.299,-5.002,0
1,46,18,6,0.490,-5.001,0
1,46,19,17,0.295,-5.000,0
1,46,20,16,0.780,-0.002,0
1,47,0,15,0.427,-5.003,0
1,47,1,5,0.053,-5.001,0
1,47,2,16,0.347,-5.002,0
1,47,3,10,0.104,-5.002,0
1,47,4,0,0.719,-5.003,0
1,47,5,4,0.682,-5.001,0
1,47,6,7,0.522,-5.001,0
1,47,7,13,0.512,-5.002,0
1,47,8,16,0.690,-5.002,0
1,47,9,4,0.774,-5.003,0
1,47,10,3,0.300,-5.001,0
1,47,11,11,0.549,-5.002,0
1,47,12,20,0.824,-5.001,0
1,47,13,4,0.304,-5.001,0
1,47,14,15,0.776,-5.000,0
1,47,15,14,0.306,-5.001,0
1,47,16,8,0.140,-5.003,0
1,47,17,15,0.508,-5.002,0
1,47,18,13,0.223,-5.001,0
1,47,19,12,0.509,-5.000,0
1,47,20,17,0.051,-0.002,0
1,48,0,11,0.170,-5.003,0
1,48,1,10,0.187,-5.001,0
1,48,2,3,0.646,-5.002,0
1,48,3,3,0.943,-5.002,0
1,48,4,14,0.601,-5.003,0
1,48,5,2,0.502,-5.001,0
1,48,6,14,0.606,-5.001,0
1,48,7,16,0.679,-5.002,0
1,48,8,9,0.216,-5.002,0
1,48,9,19,0.187,-5.003,0
1,48,10,18,0.586,-5.001,0
1,48,11,19,0.417,-5.002,0
1,48,12,21,0.578,-5.001,0
1,48,13,16,0.651,-5.001,0
1,48,14,19,0.400,-5.000,0
1,48,15,21,0.527,-5.001,0
1,48,16,5,0.384,-5.003,0
1,48,17,6,0.781,-5.002,0
1,48,18,21,0.461,-5.001,0
1,48,19,20,0.363,-5.000,0
1,48,20,2,0.638,-0.002,0
1,49,0,4,0.594,-5.003,0
1,49,1,15,0.593,-5.001,0
1,49,2,20,0.689,-5.002,0
1,49,3,6,0.465,-5.002,0
1,49,4,20,0.788,-5.003,0
1,49,5,17,0.473,-5.001,0
1,49,6,4,0.600,-5.001,0
1,49,7,20,0.570,-5.002,0
1,49,8,16,0.750,-5.003,0
1,49,9,13,0.294,-5.003,0
1,49,10,15,0.302,-5.001,0
1,49,11,1,0.643,-5.002,0
1,49,12,16,0.572,-5.001,0
1,49,13,17,0.700,-5.001,0
1,49,14,3,0.544,-5.000,0
1,49,15,5,0.741,-5.001,0
1,49,16,8,0.358,-5.003,0
1,49,17,18,0.627,-5.002,0
1,49,18,2,0.490,-5.001,0
1,49,19,18,0.083,-5.000,0
1,49,20,9,0.301,-0.567,0
2,0,0,15,0.213,-0.004,1
2,0,1,5,0.373,0.984,2
2,0,2,2,0.328,0.991,2
2,0,3,18,0.600,0.934,0
2,0,4,18,0.681,0.673,1
2,0,5,18,0.873,0.754,0
2,0,6,3,0.248,0.977,0
2,0,7,10,0.499,0.929,0
2,0,8,4,0.483,0.846,1
2,0,9,4,0.684,0.962,1
2,0,10,10,0.381,0.964,0
2,0,11,14,0.552,0.160,0
2,0,12,3,0.352,0.511,0
2,0,13,2,0.219,-0.011,2
2,0,14,15,0.861,-0.127,0
2,0,15,14,0.182,-0.000,0
2,0,16,0,0.394,-0.007,1
2,0,17,21,0.260,-0.062,4
2,0,18,13,0.381,-0.001,0
2,0,19,1,0.975,-0.001,0
2,1,0,18,0.401,-0.001,0
2,1,1,18,0.602,-0.007,1
2,1,2,0,0.067,-0.006,1
2,1,3,3,0.441,-0.003,0
2,1,4,19,0.364,-0.002,0
2,1,5,19,0.588,0.957,0
2,1,6,17,0.209,0.989,0
2,1,7,4,0.294,-0.000,0
2,1,8,16,0.316,-0.001,0
2,1,9,7,0.285,0.976,0
2,1,10,15,0.358,-0.001,0
2,1,11,4,0.224,0.604,0
2,1,12,8,0.901,-0.001,0
2,1,13,13,0.625,-0.003,1
2,1,14,21,0.208,-0.001,0
2,1,15,18,0.466,-0.000,0
2,1,16,9,0.307,-0.002,0
2,1,17,2,0.389,-0.011,1
2,1,18,13,0.572,-0.008,1
2,1,19,20,0.347,0.934,0
2,2,0,11,0.428,-0.001,0
2,2,1,9,0.795,-0.002,0
2,2,2,14,0.293,-0.001,0
2,2,3,3,0.240,-0.003,0
2,2,4,3,0.369,-0.002,0
2,2,5,16,0.591,-0.002,0
2,2,6,3,0.736,-0.002,0
2,2,7,3,0.446,-0.000,0
2,2,8,5,0.570,-0.001,0
2,2,9,21,0.318,-0.002,0
2,2,10,19,0.658,-0.001,0
2,2,11,18,0.649,-0.003,0
2,2,12,2,0.498,-0.001,0
2,2,13,17,0.764,-0.001,0
2,2,14,18,0.901,-0.001,0
2,2,15,18,0.431,-0.000,0
2,2,16,1,0.599,-0.002,0
2,2,17,0,0.535,-0.003,0
2,2,18,0,0.459,-0.001,0
2,2,19,19,0.227,-0.001,0
2,3,0,13,0.513,-0.001,0
2,3,1,13,0.773,-0.002,0
2,3,2,17,0.942,-0.001,0
2,3,3,10,0.462,-0.003,0
2,3,4,1,0.311,-0.002,0
2,3,5,2,0.835,-0.002,0
2,3,6,18,0.108,-0.002,0
2,3,7,19,0.853,-0.000,0
2,3,8,9,0.791,-0.001,0
2,3,9,0,0.341,-0.002,0
2,3,10,0,0.782,-0.001,0
2,3,11,14,0.261,-0.003,0
2,3,12,3,0.334,-0.001,0
2,3,13,0,0.146,-0.001,0
2,3,14,15,0.445,-0.001,0
2,3,15,20,0.517,-0.000,0
2,3,16,13,0.619,-0.002,0
2,3,17,14,0.117,-0.003,0
2,3,18,17,0.671,-0.001,0
2,3,19,6,0.749,-0.001,0
2,4,0,14,0.044,-0.001,0
2,4,1,7,0.599,-0.002,0
2,4,2,13,0.665,-0.001,0
2,4,3,13,0.414,-0.003,0
2,4,4,9,0.308,-0.002,0
2,4,5,16,0.417,-0.002,0
2,4,6,15,0.583,-0.002,0
2,4,7,13,0.750,-0.000,0
2,4,8,16,0.178,-0.001,0
2,4,9,9,0.537,-0.002,0
2,4,10,3,0.678,-0.001,0
2,4,11,5,0.399,-0.003,0
2,4,12,19,0.021,-0.757,0
2,4,13,5,0.140,-0.001,0
2,4,14,14,0.534,-0.001,0
2,4,15,10,0.531,-0.000,0
2,4,16,15,0.526,-0.002,0
2,4,17,16,0.095,-0.003,0
2,4,18,1,0.372,-0.001,0
2,4,19,14,0.281,-0.001,0
2,5,0,8,0.396,-0.001,0
2,5,1,19,0.577,-0.002,0
2,5,2,1,0.208,-0.001,0
2,5,3,10,0.170,-0.003,0
2,5,4,7,0.685,-0.002,0
2,5,5,20,0.090,-0.002,0
2,5,6,17,0.480,-0.002,0
2,5,7,17,0.709,-0.000,0
2,5,8,19,0.838,-0.001,0
2,5,9,16,0.774,-0.002,0
2,5,10,8,0.663,-0.001,0
2,5,11,20,0.191,-0.003,0
2,5,12,10,0.686,-3.273,0
2,5,13,2,0.949,-0.001,0
2,5,14,3,0.382,-0.001,0
2,5,15,20,0.390,-0.000,0
2,5,16,14,0.512,-0.002,0
2,5,17,2,0.393,-0.654,0
2,5,18,17,0.675,-0.001,0
2,5,19,2,0.592,-0.001,0
2,6,0,16,0.408,-1.279,0
2,6,1,11,0.321,-0.328,0
2,6,2,14,0.360,-0.001,0
2,6,3,11,0.693,-0.003,0
2,6,4,18,0.764,-0.002,0
2,6,5,21,0.492,-0.002,0
2,6,6,21,0.470,-0.002,0
2,6,7,1,0.548,-0.000,0
2,6,8,19,0.632,-0.001,0
2,6,9,7,0.595,-0.002,0
2,6,10,13,0.979,-0.001,0
2,6,11,14,0.366,-0.003,0
2,6,12,0,0.863,-4.442,0
2,6,13,7,0.488,-0.001,0
2,6,14,14,0.523,-0.001,0
2,6,15,18,0.833,-0.000,0
2,6,16,2,0.154,-1.321,0
2,6,17,20,0.674,-2.871,0
2,6,18,2,0.242,-0.001,0
2,6,19,6,0.802,-0.001,0
2,7,0,0,0.461,-3.108,0
2,7,1,19,0.243,-2.325,0
2,7,2,12,0.650,-0.001,0
2,7,3,12,0.687,-0.003,0
2,7,4,15,0.264,-1.191,0
2,7,5,16,0.193,-0.002,0
2,7,6,6,0.633,-0.002,0
2,7,7,18,0.820,-1.312,0
2,7,8,15,0.221,-0.001,0
2,7,9,14,0.890,-0.002,0
2,7,10,7,0.375,-0.001,0
2,7,11,5,0.823,-0.221,0
2,7,12,12,0.039,-4.836,0
2,7,13,8,0.658,-0.001,0
2,7,14,19,0.102,-0.996,0
2,7,15,9,0.295,-0.000,0
2,7,16,8,0.177,-3.140,0
2,7,17,18,0.279,-4.132,0
2,7,18,7,0.800,-0.001,0
2,7,19,5,0.431,-0.001,0
2,8,0,10,0.474,-4.159,0
2,8,1,20,0.469,-3.681,0
2,8,2,5,0.248,-0.001,0
2,8,3,16,0.447,-0.003,0
2,8,4,18,0.466,-2.853,0
2,8,5,1,0.372,-0.002,0
2,8,6,3,0.825,-0.002,0
2,8,7,3,0.205,-2.949,0
2,8,8,7,0.483,-1.248,0
2,8,9,6,0.656,-0.002,0
2,8,10,3,0.618,-0.497,0
2,8,11,16,0.619,-2.005,0
2,8,12,0,0.217,-4.954,0
2,8,13,12,0.301,-0.001,0
2,8,14,1,0.381,-2.693,0
2,8,15,9,0.557,-0.000,0
2,8,16,16,0.381,-4.177,0
2,8,17,7,0.602,-4.678,0
2,8,18,4,0.605,-0.001,0
2,8,19,14,0.432,-0.001,0
2,9,0,16,0.139,-4.652,0
2,9,1,1,0.162,-4.406,0
2,9,2,19,0.715,-0.001,0
2,9,3,17,0.545,-0.003,0
2,9,4,19,0.824,-3.917,0
2,9,5,2,0.229,-1.309,0
2,9,6,3,0.035,-0.002,0
2,9,7,10,0.584,-3.977,0
2,9,8,4,0.470,-2.744,0
2,9,9,20,0.157,-0.002,0
2,9,10,18,0.438,-2.086,0
2,9,11,0,0.167,-3.336,0
2,9,12,9,0.747,-4.988,0
2,9,13,19,0.528,-0.001,0
2,9,14,15,0.109,-3.813,0
2,9,15,11,0.439,-0.000,0
2,9,16,5,0.148,-4.661,0
2,9,17,20,0.718,-4.886,0
2,9,18,10,0.018,-1.333,0
2,9,19,13,0.339,-0.001,0
2,10,0,1,0.477,-4.861,0
2,10,1,15,0.084,-4.745,0
2,10,2,18,0.613,-1.350,0
2,10,3,17,0.670,-0.003,0
2,10,4,20,0.743,-4.489,0
2,10,5,13,0.312,-2.667,0
2,10,6,20,0.689,-0.002,0
2,10,7,4,0.257,-4.521,0
2,10,8,14,0.610,-3.762,0
2,10,9,9,0.741,-0.891,0
2,10,10,4,0.653,-3.288,0
2,10,11,3,0.309,-4.148,0
2,10,12,17,0.700,-4.998,0
2,10,13,10,0.602,-0.513,0
2,10,14,1,0.585,-4.430,0
2,10,15,1,0.448,-0.000,0
2,10,16,14,0.164,-4.865,0
2,10,17,10,0.405,-4.961,0
2,10,18,19,0.271,-2.688,0
2,10,19,1,0.407,-1.054,0
2,11,0,11,0.676,-4.946,0
2,11,1,16,0.658,-4.893,0
2,11,2,6,0.813,-2.595,0
2,11,3,4,0.595,-0.003,0
2,11,4,9,0.426,-4.767,0
2,11,5,18,0.725,-3.634,0
2,11,6,14,0.476,-0.002,0
2,11,7,0,0.516,-4.783,0
2,11,8,17,0.853,-4.359,0
2,11,9,16,0.747,-2.189,0
2,11,10,14,0.758,-4.061,0
2,11,11,2,0.371,-4.584,0
2,11,12,4,0.656,-5.000,0
2,11,13,14,0.421,-1.836,0
2,11,14,18,0.848,-4.736,0
2,11,15,1,0.306,-0.000,0
2,11,16,21,0.575,-4.948,0
2,11,17,16,0.267,-4.988,0
2,11,18,15,0.340,-3.649,0
2,11,19,6,0.169,-2.335,0
2,12,0,8,0.358,-4.979,0
2,12,1,18,0.720,-4.956,0
2,12,2,5,0.544,-3.514,0
2,12,3,17,0.828,-0.003,0
2,12,4,4,0.742,-4.896,0
2,12,5,14,0.781,-4.241,0
2,12,6,19,0.454,-0.002,0
2,12,7,8,0.536,-4.903,0
2,12,8,3,0.673,-4.679,0
2,12,9,3,0.651,-3.201,0
2,12,10,3,0.672,-4.505,0
2,12,11,5,0.506,-4.803,0
2,12,12,21,0.414,-5.001,0
2,12,13,2,0.819,-2.916,0
2,12,14,20,0.144,-4.880,0
2,12,15,9,0.489,-0.000,0
2,12,16,8,0.430,-4.980,0
2,12,17,17,0.363,-4.998,0
2,12,18,18,0.567,-4.250,0
2,12,19,10,0.547,-3.316,0
2,13,0,9,0.360,-4.993,0
2,13,1,19,0.569,-4.983,0
2,13,2,17,0.098,-4.123,0
2,13,3,4,0.833,-0.003,0
2,13,4,8,0.087,-4.955,0
2,13,5,20,0.712,-4.591,0
2,13,6,7,0.303,-0.002,0
2,13,7,4,0.791,-4.957,0
2,13,8,11,0.149,-4.842,0
2,13,9,20,0.666,-3.905,0
2,13,10,16,0.470,-4.746,0
2,13,11,2,0.705,-4.908,0
2,13,12,7,0.234,-5.001,0
2,13,13,6,0.758,-3.697,0
2,13,14,21,0.140,-4.946,0
2,13,15,15,0.717,-0.000,0
2,13,16,1,0.544,-4.993,0
2,13,17,13,0.525,-5.001,0
2,13,18,7,0.499,-4.596,0
2,13,19,1,0.322,-3.985,0
2,14,0,10,0.818,-4.998,0
2,14,1,6,0.399,-4.994,0
2,14,2,15,0.444,-4.497,0
2,14,3,7,0.477,-0.003,0
2,14,4,9,0.711,-4.981,0
2,14,5,6,0.632,-4.784,0
2,14,6,13,0.556,-0.002,0
2,14,7,3,0.635,-4.981,0
2,14,8,21,0.084,-4.924,0
2,14,9,19,0.602,-4.356,0
2,14,10,10,0.571,-4.871,0
2,14,11,3,0.549,-4.958,0
2,14,12,12,0.318,-5.001,0
2,14,13,13,0.376,-4.215,0
2,14,14,4,0.610,-4.976,0
2,14,15,18,0.458,-0.036,0
2,14,16,16,0.306,-4.999,0
2,14,17,17,0.586,-5.002,0
2,14,18,14,0.627,-4.786,0
2,14,19,12,0.612,-4.408,0
2,15,0,12,0.225,-5.000,0
2,15,1,12,0.431,-4.999,0
2,15,2,17,0.821,-4.717,0
2,15,3,4,0.407,-0.003,0
2,15,4,19,0.483,-4.993,0
2,15,5,13,0.771,-4.887,0
2,15,6,16,0.439,-0.002,0
2,15,7,21,0.202,-4.992,0
2,15,8,13,0.541,-4.963,0
2,15,9,18,0.418,-4.629,0
2,15,10,2,0.546,-4.935,0
2,15,11,21,0.494,-4.982,0
2,15,12,6,0.158,-5.001,0
2,15,13,5,0.968,-4.538,0
2,15,14,2,0.751,-4.990,0
2,15,15,7,0.534,-1.024,0
2,15,16,13,0.614,-5.001,0
2,15,17,20,0.284,-5.003,0
2,15,18,7,0.724,-4.888,0
2,15,19,20,0.419,-4.661,0
2,16,0,11,0.250,-5.001,0
2,16,1,6,0.142,-5.000,0
2,16,2,8,0.172,-4.842,0
2,16,3,11,0.479,-0.003,0
2,16,4,20,0.569,-4.998,0
2,16,5,20,0.500,-4.942,0
2,16,6,6,0.229,-0.359,0
2,16,7,10,0.360,-4.997,0
2,16,8,18,0.489,-4.983,0
2,16,9,20,0.800,-4.789,0
2,16,10,9,0.904,-4.968,0
2,16,11,12,0.478,-4.993,0
2,16,12,20,0.385,-5.001,0
2,16,13,8,0.296,-4.732,0
2,16,14,9,0.423,-4.996,0
2,16,15,2,0.853,-1.934,0
2,16,16,0,0.520,-5.001,0
2,16,17,9,0.162,-5.003,0
2,16,18,11,0.506,-4.942,0
2,16,19,19,0.683,-4.809,0
2,17,0,5,0.706,-5.001,0
2,17,1,1,0.367,-5.001,0
2,17,2,12,0.461,-4.913,0
2,17,3,1,0.180,-0.003,0
2,17,4,3,0.377,-5.000,0
2,17,5,11,0.931,-4.971,0
2,17,6,14,0.215,-1.237,0
2,17,7,5,0.749,-4.999,0
2,17,8,15,0.251,-4.992,0
2,17,9,8,0.550,-4.882,0
2,17,10,14,0.230,-4.984,0
2,17,11,7,0.342,-4.998,0
2,17,12,8,0.174,-5.001,0
2,17,13,13,0.498,-4.846,0
2,17,14,8,0.403,-4.998,0
2,17,15,16,0.616,-2.718,1
2,17,16,16,0.818,-5.002,0
2,17,17,18,0.195,-5.003,0
2,17,18,3,0.203,-4.971,0
2,17,19,16,0.422,-4.893,0
2,17,20,17,0.140,0.535,0
2,18,0,9,0.713,-5.001,0
2,18,1,21,0.553,-5.002,0
2,18,2,11,0.355,-4.952,0
2,18,3,17,0.368,-0.598,0
2,18,4,11,0.681,-5.001,0
2,18,5,19,0.438,-4.986,0
2,18,6,13,0.216,-2.040,0
2,18,7,13,0.421,-5.000,0
2,18,8,20,0.652,-4.997,0
2,18,9,0,0.108,-4.934,0
2,18,10,7,0.862,-4.992,0
2,18,11,2,0.322,-5.001,0
2,18,12,21,0.504,-5.001,0
2,18,13,7,0.556,-4.912,0
2,18,14,11,0.289,-5.000,0
2,18,15,0,0.374,-3.346,0
2,18,16,6,0.328,-5.002,0
2,18,17,12,0.174,-5.003,0
2,18,18,16,0.477,-4.985,0
2,18,19,4,0.568,-4.940,0
2,18,20,9,0.828,-0.001,0
2,19,0,8,0.733,-5.001,0
2,19,1,20,0.359,-5.002,0
2,19,2,2,0.509,-4.974,0
2,19,3,20,0.811,-1.385,0
2,19,4,14,0.449,-5.002,0
2,19,5,0,0.490,-4.994,0
2,19,6,11,0.669,-2.735,0
2,19,7,11,0.659,-5.000,0
2,19,8,3,0.123,-4.999,0
2,19,9,21,0.087,-4.964,0
2,19,10,7,0.388,-4.996,0
2,19,11,8,0.574,-5.002,0
2,19,12,4,0.459,-5.001,0
2,19,13,5,0.624,-4.950,0
2,19,14,18,0.418,-5.000,0
2,19,15,18,0.790,-3.828,0
2,19,16,0,0.261,-5.002,0
2,19,17,5,0.404,-5.003,0
2,19,18,15,0.355,-4.993,0
2,19,19,6,0.790,-4.967,0
2,19,20,8,0.302,-0.001,0
2,20,0,13,0.599,-5.001,0
2,20,1,15,0.813,-5.002,0
2,20,2,21,0.598,-4.986,0
2,20,3,7,0.607,-2.104,0
2,20,4,19,0.471,-5.002,0
2,20,5,21,0.362,-4.998,0
2,20,6,5,0.726,-3.306,0
2,20,7,3,0.495,-5.000,0
2,20,8,0,0.425,-5.000,0
2,20,9,16,0.226,-4.981,0
2,20,10,6,0.740,-4.999,0
2,20,11,5,0.684,-5.002,0
2,20,12,12,0.772,-5.001,0
2,20,13,14,0.974,-4.972,0
2,20,14,3,0.469,-5.000,0
2,20,15,18,0.290,-4.184,0
2,20,16,19,0.996,-5.002,0
2,20,17,10,0.402,-5.003,0
2,20,18,15,0.443,-4.997,0
2,20,19,5,0.382,-4.982,0
2,20,20,8,0.228,-0.001,0
2,21,0,6,0.385,-5.001,0
2,21,1,19,0.368,-5.002,0
2,21,2,17,0.448,-4.993,0
2,21,3,3,0.258,-2.731,0
2,21,4,7,0.514,-5.002,0
2,21,5,9,0.597,-5.000,0
2,21,6,12,0.983,-3.756,0
2,21,7,0,0.445,-5.000,0
2,21,8,6,0.427,-5.001,0
2,21,9,14,0.354,-4.990,0
2,21,10,14,0.347,-5.000,0
2,21,11,3,0.491,-5.003,0
2,21,12,21,0.587,-5.001,0
2,21,13,10,0.914,-4.984,0
2,21,14,3,0.271,-5.001,0
2,21,15,1,0.189,-4.438,0
2,21,16,15,0.355,-5.002,0
2,21,17,3,0.402,-5.003,0
2,21,18,1,0.295,-4.999,0
2,21,19,12,0.352,-4.990,0
2,21,20,21,0.295,-0.001,0
2,22,0,14,0.579,-5.001,0
2,22,1,17,0.268,-5.002,0
2,22,2,3,0.660,-4.996,0
2,22,3,0,0.607,-3.256,0
2,22,4,2,0.588,-5.002,0
2,22,5,16,0.801,-5.001,0
2,22,6,6,0.091,-4.100,0
2,22,7,15,0.110,-5.000,0
2,22,8,13,0.831,-5.001,0
2,22,9,2,0.826,-4.996,0
2,22,10,16,0.888,-5.000,0
2,22,11,3,0.935,-5.003,0
2,22,12,6,0.817,-5.001,0
2,22,13,17,0.835,-4.991,0
2,22,14,9,0.547,-5.001,0
2,22,15,21,0.108,-4.617,0
2,22,16,14,0.149,-5.002,0
2,22,17,0,0.290,-5.003,0
2,22,18,19,0.585,-5.000,0
2,22,19,2,0.565,-4.995,0
2,22,20,20,0.166,-0.001,0
2,23,0,8,0.740,-5.001,0
2,23,1,8,0.721,-5.002,0
2,23,2,21,0.218,-4.999,0
2,23,3,8,0.376,-3.680,0
2,23,4,18,0.862,-5.002,0
2,23,5,8,0.732,-5.001,0
2,23,6,14,0.334,-4.356,0
2,23,7,18,0.611,-5.000,0
2,23,8,9,0.518,-5.001,0
2,23,9,4,0.612,-4.999,0
2,23,10,19,0.655,-5.000,0
2,23,11,19,0.243,-5.003,0
2,23,12,9,0.528,-5.001,0
2,23,13,6,0.151,-4.995,0
2,23,14,2,0.611,-5.001,0
2,23,15,10,0.950,-4.740,0
2,23,16,10,0.694,-5.002,0
2,23,17,6,0.650,-5.003,0
2,23,18,18,0.505,-5.001,0
2,23,19,11,0.609,-4.997,0
2,23,20,8,0.147,-0.001,0
2,24,0,1,0.733,-5.001,0
2,24,1,11,0.569,-5.002,0
2,24,2,7,0.404,-5.000,0
2,24,3,20,0.477,-4.014,0
2,24,4,16,0.312,-5.002,0
2,24,5,9,0.969,-5.002,0
2,24,6,16,0.302,-4.543,0
2,24,7,1,0.243,-5.000,0
2,24,8,2,0.534,-5.001,0
2,24,9,16,0.629,-5.000,0
2,24,10,16,0.734,-5.001,0
2,24,11,9,0.384,-5.003,0
2,24,12,15,0.095,-5.001,0
2,24,13,3,0.186,-4.998,0
2,24,14,5,0.806,-5.001,0
2,24,15,8,0.874,-4.825,0
2,24,16,0,0.928,-5.002,0
2,24,17,13,0.379,-5.003,0
2,24,18,11,0.545,-5.001,0
2,24,19,17,0.478,-4.999,0
2,24,20,15,0.146,-0.001,0
2,25,0,20,0.860,-5.001,0
2,25,1,4,0.290,-5.002,0
2,25,2,19,0.474,-5.000,0
2,25,3,20,0.834,-4.270,0
2,25,4,7,0.585,-5.002,0
2,25,5,13,0.508,-5.002,0
2,25,6,3,0.518,-4.678,0
2,25,7,2,0.921,-5.000,0
2,25,8,14,0.485,-5.001,0
2,25,9,19,0.464,-5.001,0
2,25,10,1,0.446,-5.001,0
2,25,11,18,0.506,-5.003,0
2,25,12,9,0.604,-5.001,0
2,25,13,6,0.378,-4.999,0
2,25,14,1,0.189,-5.001,0
2,25,15,7,0.528,-4.882,0
2,25,16,14,0.285,-5.002,0
2,25,17,21,0.430,-5.003,0
2,25,18,6,0.823,-5.001,0
2,25,19,2,0.135,-5.000,0
2,25,20,21,0.335,-0.203,0
2,26,0,18,0.215,-5.001,0
2,26,1,20,0.337,-5.002,0
2,26,2,5,0.042,-5.001,0
2,26,3,19,0.351,-4.464,0
2,26,4,1,0.289,-5.002,0
2,26,5,17,0.783,-5.002,0
2,26,6,18,0.757,-4.774,0
2,26,7,1,0.412,-5.000,0
2,26,8,11,0.574,-5.001,0
2,26,9,16,0.864,-5.002,0
2,26,10,7,0.295,-5.001,0
2,26,11,7,0.479,-5.003,0
2,26,12,7,0.773,-5.001,0
2,26,13,0,0.788,-5.000,0
2,26,14,21,0.256,-5.001,0
2,26,15,21,0.231,-4.921,0
2,26,16,12,0.680,-5.002,0
2,26,17,16,0.548,-5.003,0
2,26,18,5,0.274,-5.001,0
2,26,19,4,0.771,-5.000,0
2,26,20,14,0.514,-1.659,0
2,27,0,4,0.350,-5.001,0
2,27,1,10,0.696,-5.002,0
2,27,2,1,0.283,-5.001,0
2,27,3,17,0.426,-4.609,0
2,27,4,12,0.671,-5.002,0
2,27,5,20,0.783,-5.002,0
2,27,6,4,0.226,-4.842,0
2,27,7,0,0.206,-5.000,0
2,27,8,12,0.919,-5.001,0
2,27,9,5,0.579,-5.002,0
2,27,10,19,0.491,-5.001,0
2,27,11,1,0.442,-5.003,0
2,27,12,7,0.408,-5.001,0
2,27,13,3,0.574,-5.000,0
2,27,14,14,0.459,-5.001,0
2,27,15,16,0.333,-4.947,0
2,27,16,16,0.614,-5.002,0
2,27,17,11,0.518,-5.003,0
2,27,18,17,0.581,-5.001,0
2,27,19,1,0.932,-5.000,0
2,27,20,11,0.729,-2.855,0
2,28,0,3,0.913,-5.001,0
2,28,1,11,0.452,-5.002,0
2,28,2,9,0.585,-5.001,0
2,28,3,4,0.582,-4.716,0
2,28,4,3,0.663,-5.002,0
2,28,5,6,0.717,-5.002,0
2,28,6,1,0.393,-4.890,0
2,28,7,3,0.530,-5.000,0
2,28,8,17,0.578,-5.001,0
2,28,9,10,0.387,-5.002,0
2,28,10,2,0.263,-5.001,0
2,28,11,20,0.371,-5.003,0
2,28,12,5,0.709,-5.001,0
2,28,13,1,0.114,-5.000,0
2,28,14,2,0.743,-5.001,0
2,28,15,3,0.563,-4.965,0
2,28,16,11,0.746,-5.002,0
2,28,17,20,0.714,-5.003,0
2,28,18,6,0.353,-5.001,0
2,28,19,7,0.396,-5.000,0
2,28,20,7,0.425,-3.706,0
2,29,0,19,0.529,-5.001,0
2,29,1,14,0.588,-5.002,0
2,29,2,14,0.196,-5.001,0
2,29,3,3,0.299,-4.795,0
2,29,4,11,0.077,-5.002,0
2,29,5,2,0.377,-5.002,0
2,29,6,14,0.766,-4.924,0
2,29,7,19,0.119,-5.000,0
2,29,8,3,0.148,-5.001,0
2,29,9,17,0.574,-5.002,0
2,29,10,19,0.382,-5.001,0
2,29,11,15,0.271,-5.003,0
2,29,12,6,0.508,-5.001,0
2,29,13,12,0.730,-5.000,0
2,29,14,11,0.534,-5.001,0
2,29,15,13,0.374,-4.976,0
2,29,16,8,0.209,-5.002,0
2,29,17,14,0.546,-5.003,0
2,29,18,18,0.455,-5.001,0
2,29,19,3,0.512,-5.000,0
2,29,20,15,0.687,-4.252,0
2,30,0,18,0.533,-5.001,0
2,30,1,5,0.085,-5.002,0
2,30,2,11,0.041,-5.006,1
2,30,3,21,0.446,-4.852,0
2,30,4,8,0.666,-5.002,0
2,30,5,4,0.419,-5.002,0
2,30,6,19,0.493,-4.947,0
2,30,7,10,0.404,-5.000,0
2,30,8,16,0.806,-5.001,0
2,30,9,0,0.328,-5.002,0
2,30,10,21,0.317,-5.001,0
2,30,11,14,0.138,-5.003,0
2,30,12,17,0.260,-5.001,0
2,30,13,11,0.456,-5.001,0
2,30,14,5,0.808,-5.001,0
2,30,15,1,0.541,-4.984,0
2,30,16,8,0.445,-5.002,0
2,30,17,9,0.418,-5.003,0
2,30,18,9,0.541,-5.001,0
2,30,19,1,0.487,-5.001,0
2,30,20,17,0.598,-4.579,0
2,30,21,4,0.501,-0.245,0
2,31,0,4,0.544,-5.001,0
2,31,1,16,0.671,-5.002,0
2,31,2,20,0.383,-5.006,1
2,31,3,13,0.308,-4.894,0
2,31,4,2,0.795,-5.002,0
2,31,5,9,0.107,-5.002,0
2,31,6,16,0.574,-4.964,0
2,31,7,0,0.513,-5.000,0
2,31,8,1,0.566,-5.001,0
2,31,9,1,0.567,-5.002,0
2,31,10,20,0.451,-5.001,0
2,31,11,7,0.196,-5.003,0
2,31,12,11,0.422,-5.001,0
2,31,13,21,0.348,-5.001,0
2,31,14,12,0.852,-5.001,0
2,31,15,19,0.342,-4.990,0
2,31,16,11,0.523,-5.002,0
2,31,17,3,0.499,-5.003,0
2,31,18,6,0.467,-5.001,0
2,31,19,10,0.573,-5.001,0
2,31,20,15,0.287,-4.766,0
2,31,21,0,0.777,-0.248,0
2,32,0,15,0.803,-5.001,0
2,32,1,7,0.685,-5.002,0
2,32,2,12,0.307,-5.006,1
2,32,3,13,0.318,-4.924,0
2,32,4,19,0.380,-5.002,0
2,32,5,5,0.617,-5.002,0
2,32,6,13,0.511,-4.975,0
2,32,7,18,0.648,-5.000,0
2,32,8,12,0.648,-5.001,0
2,32,9,5,0.562,-5.002,0
2,32,10,8,0.814,-5.001,0
2,32,11,17,0.680,-5.003,0
2,32,12,10,0.615,-5.001,0
2,32,13,17,0.396,-5.001,0
2,32,14,5,0.725,-5.001,0
2,32,15,12,0.698,-4.993,0
2,32,16,10,0.778,-5.002,0
2,32,17,17,0.256,-5.003,0
2,32,18,9,0.150,-5.001,0
2,32,19,9,0.801,-5.001,0
2,32,20,17,0.411,-4.872,0
2,32,21,19,0.260,-0.251,0
2,33,0,5,0.670,-5.001,0
2,33,1,15,0.504,-5.002,0
2,33,2,15,0.445,-5.001,0
2,33,3,7,0.487,-4.946,0
2,33,4,8,0.360,-5.002,0
2,33,5,17,0.081,-5.002,0
2,33,6,7,0.308,-4.984,0
2,33,7,7,0.428,-5.000,0
2,33,8,5,0.792,-5.001,0
2,33,9,21,0.507,-5.002,0
2,33,10,4,0.672,-5.001,0
2,33,11,7,0.722,-5.003,0
2,33,12,16,0.431,-5.001,0
2,33,13,2,0.700,-5.001,0
2,33,14,13,0.299,-5.001,0
2,33,15,2,0.647,-4.996,0
2,33,16,7,0.139,-5.002,0
2,33,17,11,0.528,-5.003,0
2,33,18,13,0.472,-5.001,0
2,33,19,0,0.111,-5.001,0
2,33,20,19,0.714,-4.930,0
2,33,21,19,0.552,-0.002,0
2,34,0,8,0.532,-5.001,0
2,34,1,20,0.474,-5.002,0
2,34,2,17,0.274,-5.001,0
2,34,3,4,0.401,-4.962,0
2,34,4,17,0.741,-5.002,0
2,34,5,15,0.475,-5.002,0
2,34,6,7,0.751,-4.989,0
2,34,7,11,0.652,-5.000,0
2,34,8,18,0.484,-5.001,0
2,34,9,1,0.399,-5.002,0
2,34,10,3,0.343,-5.001,0
2,34,11,0,0.932,-5.003,0
2,34,12,9,0.519,-5.001,0
2,34,13,8,0.279,-5.001,0
2,34,14,15,0.392,-5.001,0
2,34,15,16,0.428,-4.997,0
2,34,16,11,0.268,-5.002,0
2,34,17,6,0.712,-5.003,0
2,34,18,1,0.438,-5.001,0
2,34,19,17,0.453,-5.001,0
2,34,20,1,0.694,-4.962,0
2,34,21,3,0.232,-0.002,0
2,35,0,13,0.727,-5.001,0
2,35,1,2,0.039,-5.002,0
2,35,2,15,0.379,-5.001,0
2,35,3,16,0.668,-4.973,0
2,35,4,4,0.686,-5.002,0
2,35,5,8,0.375,-5.002,0
2,35,6,14,0.513,-4.993,0
2,35,7,16,0.610,-5.000,0
2,35,8,18,0.267,-5.001,0
2,35,9,14,0.378,-5.002,0
2,35,10,1,0.452,-5.001,0
2,35,11,9,0.820,-5.003,0
2,35,12,16,0.716,-5.001,0
2,35,13,1,0.504,-5.001,0
2,35,14,3,0.304,-5.001,0
2,35,15,8,0.239,-4.998,0
2,35,16,14,0.689,-5.002,0
2,35,17,3,0.901,-5.003,0
2,35,18,1,0.202,-5.001,0
2,35,19,20,0.809,-5.001,0
2,35,20,17,0.401,-4.980,0
2,35,21,8,0.454,-0.002,0
2,36,0,17,0.165,-5.001,0
2,36,1,19,0.797,-5.002,0
2,36,2,1,0.306,-5.001,0
2,36,3,14,0.318,-4.981,0
2,36,4,13,0.096,-5.002,0
2,36,5,15,0.673,-5.002,0
2,36,6,13,0.436,-4.996,0
2,36,7,0,0.503,-5.000,0
2,36,8,5,0.588,-5.001,0
2,36,9,12,0.496,-5.002,0
2,36,10,9,0.135,-5.001,0
2,36,11,9,0.218,-5.003,0
2,36,12,3,0.446,-5.001,0
2,36,13,16,0.238,-5.001,0
2,36,14,5,0.059,-5.001,0
2,36,15,16,0.653,-4.999,0
2,36,16,15,0.694,-5.002,0
2,36,17,3,0.883,-5.003,0
2,36,18,5,0.201,-5.001,0
2,36,19,5,0.431,-5.001,0
2,36,20,4,0.513,-4.989,0
2,36,21,15,0.644,-0.358,0
2,37,0,17,0.660,-5.001,0
2,37,1,19,0.718,-5.002,0
2,37,2,5,0.692,-5.001,0
2,37,3,3,0.160,-4.987,0
2,37,4,8,0.789,-5.002,0
2,37,5,2,0.258,-5.002,0
2,37,6,5,0.683,-4.998,0
2,37,7,20,0.481,-5.000,0
2,37,8,8,0.370,-5.001,0
2,37,9,18,0.794,-5.002,0
2,37,10,2,0.614,-5.001,0
2,37,11,3,0.390,-5.003,0
2,37,12,11,0.754,-5.001,0
2,37,13,6,0.544,-5.001,0
2,37,14,8,0.529,-5.001,0
2,37,15,8,0.457,-4.999,0
2,37,16,6,0.758,-5.002,0
2,37,17,6,0.524,-5.003,0
2,37,18,10,0.880,-5.001,0
2,37,19,15,0.147,-5.001,0
2,37,20,19,0.524,-4.995,0
2,37,21,14,0.600,-2.133,0
2,38,0,3,0.416,-5.001,0
2,38,1,13,0.966,-5.002,0
2,38,2,5,0.190,-5.001,0
2,38,3,7,0.094,-4.992,0
2,38,4,0,0.200,-5.002,0
2,38,5,5,0.120,-5.002,0
2,38,6,16,0.244,-4.999,0
2,38,7,12,0.233,-5.000,0
2,38,8,9,0.857,-5.001,0
2,38,9,18,0.393,-5.002,0
2,38,10,19,0.331,-5.001,0
2,38,11,20,0.409,-5.003,0
2,38,12,17,0.822,-5.001,0
2,38,13,14,0.534,-5.001,0
2,38,14,6,0.518,-5.001,0
2,38,15,2,0.642,-5.000,0
2,38,16,21,0.786,-5.002,0
2,38,17,15,0.740,-5.003,0
2,38,18,17,0.174,-5.001,0
2,38,19,9,0.368,-5.001,0
2,38,20,6,0.628,-4.997,0
2,38,21,20,0.318,-3.429,0
2,39,0,15,0.279,-5.001,0
2,39,1,14,0.505,-5.002,0
2,39,2,16,0.365,-5.001,0
2,39,3,16,0.557,-4.995,0
2,39,4,11,0.617,-5.002,0
2,39,5,15,0.048,-5.002,0
2,39,6,2,0.680,-5.000,0
2,39,7,7,0.379,-5.000,0
2,39,8,8,0.570,-5.001,0
2,39,9,9,0.566,-5.002,0
2,39,10,15,0.873,-5.001,0
2,39,11,12,0.151,-5.003,0
2,39,12,19,0.300,-5.001,0
2,39,13,3,0.763,-5.001,0
2,39,14,5,0.421,-5.001,0
2,39,15,5,0.502,-5.000,0
2,39,16,3,0.180,-5.002,0
2,39,17,15,0.056,-5.003,0
2,39,18,18,0.552,-5.001,0
2,39,19,3,0.271,-5.001,0
2,39,20,17,0.694,-4.999,0
2,39,21,8,0.371,-4.205,0
2,40,0,13,0.342,-5.001,0
2,40,1,1,0.578,-5.002,0
2,40,2,0,0.436,-5.001,0
2,40,3,7,0.369,-4.997,0
2,40,4,13,0.564,-5.002,0
2,40,5,3,0.621,-5.002,0
2,40,6,16,0.405,-5.001,0
2,40,7,20,0.360,-5.000,0
2,40,8,1,0.500,-5.001,0
2,40,9,5,0.522,-5.002,0
2,40,10,3,0.708,-5.001,0
2,40,11,20,0.218,-5.003,0
2,40,12,21,0.547,-5.001,0
2,40,13,12,0.955,-5.001,0
2,40,14,1,0.412,-5.001,0
2,40,15,9,0.537,-5.000,0
2,40,16,16,0.487,-5.002,0
2,40,17,21,0.353,-5.003,0
2,40,18,2,0.438,-5.001,0
2,40,19,11,0.584,-5.001,0
2,40,20,1,0.926,-5.000,0
2,40,21,13,0.126,-4.616,0
2,41,0,14,0.418,-5.001,0
2,41,1,9,0.398,-5.002,0
2,41,2,5,0.550,-5.001,0
2,41,3,15,0.756,-4.999,0
2,41,4,9,0.591,-5.002,0
2,41,5,11,0.770,-5.002,0
2,41,6,14,0.440,-5.001,0
2,41,7,4,0.428,-5.000,0
2,41,8,0,0.347,-5.001,0
2,41,9,17,0.283,-5.002,0
2,41,10,9,0.686,-5.001,0
2,41,11,18,0.641,-5.003,0
2,41,12,8,0.621,-5.001,0
2,41,13,11,0.743,-5.001,0
2,41,14,2,0.962,-5.001,0
2,41,15,12,0.814,-5.000,0
2,41,16,15,0.521,-5.002,0
2,41,17,3,0.439,-5.003,0
2,41,18,10,0.279,-5.001,0
2,41,19,2,0.529,-5.001,0
2,41,20,14,0.556,-5.000,0
2,41,21,3,0.573,-4.819,0
2,42,0,14,0.330,-5.001,0
2,42,1,19,0.846,-5.002,0
2,42,2,8,0.711,-5.001,0
2,42,3,0,0.959,-5.000,0
2,42,4,19,0.921,-5.002,0
2,42,5,0,0.676,-5.002,0
2,42,6,3,0.251,-5.001,0
2,42,7,14,0.146,-5.000,0
2,42,8,20,0.590,-5.001,0
2,42,9,5,0.586,-5.002,0
2,42,10,9,0.463,-5.001,0
2,42,11,20,0.487,-5.003,0
2,42,12,2,0.715,-5.001,0
2,42,13,9,0.681,-5.001,0
2,42,14,12,0.702,-5.001,0
2,42,15,20,0.132,-5.000,0
2,42,16,9,0.609,-5.002,0
2,42,17,13,0.521,-5.003,0
2,42,18,1,0.306,-5.001,0
2,42,19,13,0.542,-5.001,0
2,42,20,17,0.785,-5.001,0
2,42,21,15,0.401,-4.917,0
2,43,0,20,0.721,-5.001,0
2,43,1,8,0.606,-5.002,0
2,43,2,0,0.797,-5.001,0
2,43,3,3,0.455,-5.001,0
2,43,4,18,0.682,-5.002,0
2,43,5,13,0.596,-5.002,0
2,43,6,4,0.329,-5.002,0
2,43,7,7,0.333,-5.000,0
2,43,8,2,0.641,-5.001,0
2,43,9,3,0.509,-5.002,0
2,43,10,0,0.486,-5.001,0
2,43,11,10,0.373,-5.003,0
2,43,12,16,0.455,-5.001,0
2,43,13,2,0.748,-5.001,0
2,43,14,9,0.380,-5.001,0
2,43,15,13,0.550,-5.000,0
2,43,16,11,0.358,-5.002,0
2,43,17,8,0.782,-5.003,0
2,43,18,7,0.511,-5.001,0
2,43,19,7,0.395,-5.001,0
2,43,20,4,0.513,-5.001,0
2,43,21,2,0.506,-4.962,0
2,44,0,18,0.473,-5.001,0
2,44,1,7,0.769,-5.002,0
2,44,2,2,0.598,-5.001,0
2,44,3,11,0.268,-5.001,0
2,44,4,14,0.469,-5.002,0
2,44,5,1,0.097,-5.002,0
2,44,6,13,0.691,-5.002,0
2,44,7,18,0.701,-5.000,0
2,44,8,2,0.624,-5.001,0
2,44,9,1,0.330,-5.002,0
2,44,10,7,0.373,-5.001,0
2,44,11,5,0.441,-5.003,0
2,44,12,3,0.392,-5.001,0
2,44,13,3,0.353,-5.001,0
2,44,14,17,0.614,-5.001,0
2,44,15,16,0.274,-5.000,0
2,44,16,6,0.393,-5.002,0
2,44,17,20,0.674,-5.003,0
2,44,18,19,0.240,-5.001,0
2,44,19,2,0.092,-5.001,0
2,44,20,1,0.545,-5.001,0
2,44,21,8,0.531,-4.984,0
2,45,0,16,0.252,-5.001,0
2,45,1,10,0.211,-5.002,0
2,45,2,16,0.530,-5.001,0
2,45,3,1,0.178,-5.002,0
2,45,4,9,0.599,-5.002,0
2,45,5,9,0.094,-5.002,0
2,45,6,7,0.268,-5.002,0
2,45,7,12,0.487,-5.000,0
2,45,8,4,0.779,-5.001,0
2,45,9,16,0.746,-5.002,0
2,45,10,18,0.701,-5.001,0
2,45,11,17,0.473,-5.003,0
2,45,12,8,0.458,-5.001,0
2,45,13,5,0.783,-5.001,0
2,45,14,7,0.229,-5.001,0
2,45,15,2,0.233,-5.000,0
2,45,16,3,0.564,-5.002,0
2,45,17,16,0.345,-5.003,0
2,45,18,12,0.414,-5.001,0
2,45,19,5,0.293,-5.001,0
2,45,20,11,0.731,-5.001,0
2,45,21,19,0.798,-4.994,0
2,46,0,12,0.502,-5.001,0
2,46,1,2,0.803,-5.002,0
2,46,2,15,0.327,-5.001,0
2,46,3,18,0.494,-5.002,0
2,46,4,12,0.396,-5.002,0
2,46,5,0,0.965,-5.002,0
2,46,6,11,0.499,-5.002,0
2,46,7,0,0.643,-5.000,0
2,46,8,15,0.329,-5.001,0
2,46,9,1,0.333,-5.002,0
2,46,10,2,0.774,-5.001,0
2,46,11,12,0.595,-5.003,0
2,46,12,17,0.482,-5.001,0
2,46,13,10,0.021,-5.001,0
2,46,14,7,0.384,-5.001,0
2,46,15,19,0.564,-5.000,0
2,46,16,17,0.419,-5.002,0
2,46,17,9,0.537,-5.003,0
2,46,18,17,0.395,-5.001,0
2,46,19,9,0.682,-5.001,0
2,46,20,1,0.193,-5.001,0
2,46,21,16,0.614,-4.998,0
2,47,0,10,0.181,-5.001,0
2,47,1,6,0.233,-5.006,1
2,47,2,19,0.675,-5.001,0
2,47,3,19,0.693,-5.002,0
2,47,4,13,0.550,-5.002,0
2,47,5,0,0.059,-5.002,0
2,47,6,3,0.589,-5.002,0
2,47,7,2,0.793,-5.000,0
2,47,8,14,0.840,-5.001,0
2,47,9,8,0.540,-5.002,0
2,47,10,8,0.454,-5.001,0
2,47,11,18,0.603,-5.003,0
2,47,12,12,0.658,-5.001,0
2,47,13,12,0.593,-5.001,0
2,47,14,14,0.515,-5.001,0
2,47,15,16,0.229,-5.000,0
2,47,16,19,0.794,-5.002,0
2,47,17,13,0.366,-5.003,0
2,47,18,5,0.866,-5.001,0
2,47,19,10,0.651,-5.001,0
2,47,20,19,0.410,-5.001,0
2,47,21,14,0.297,-5.001,0
2,47,22,3,0.252,-0.191,0
2,48,0,3,0.851,-5.001,0
2,48,1,5,0.165,-5.002,0
2,48,2,16,0.676,-5.001,0
2,48,3,7,0.447,-5.002,0
2,48,4,13,0.503,-5.002,0
2,48,5,19,0.775,-5.002,0
2,48,6,3,0.613,-5.002,0
2,48,7,13,0.403,-5.000,0
2,48,8,4,0.600,-5.001,0
2,48,9,0,0.666,-5.002,0
2,48,10,3,0.706,-5.001,0
2,48,11,9,0.343,-5.003,0
2,48,12,21,0.713,-5.001,0
2,48,13,14,0.128,-5.001,0
2,48,14,9,0.561,-5.001,0
2,48,15,3,0.552,-5.000,0
2,48,16,0,0.532,-5.002,0
2,48,17,12,0.790,-5.003,0
2,48,18,18,0.291,-5.001,0
2,48,19,16,0.941,-5.001,0
2,48,20,12,0.316,-5.001,0
2,48,21,21,0.620,-5.002,0
2,48,22,13,0.579,-0.001,0
2,49,0,16,0.291,-5.001,0
2,49,1,6,0.632,-5.002,0
2,49,2,3,0.351,-5.001,0
2,49,3,12,0.509,-5.002,0
2,49,4,13,0.712,-5.002,0
2,49,5,12,0.541,-5.002,0
2,49,6,0,0.638,-5.002,0
2,49,7,0,0.748,-5.000,0
2,49,8,12,0.697,-5.001,0
2,49,9,12,0.528,-5.002,0
2,49,10,14,0.553,-5.001,0
2,49,11,11,0.403,-5.003,0
2,49,12,11,0.228,-5.001,0
2,49,13,14,0.618,-5.001,0
2,49,14,11,0.340,-5.001,0
2,49,15,1,0.167,-5.000,0
2,49,16,6,0.621,-5.002,0
2,49,17,15,0.270,-5.003,0
2,49,18,15,0.746,-5.001,0
2,49,19,3,0.113,-5.001,0
2,49,20,14,0.507,-5.001,0
2,49,21,7,0.760,-5.002,0
2,49,22,17,0.446,-0.607,0
3,0,0,14,0.806,0.640,1
3,0,1,18,0.196,0.978,2
3,0,2,8,0.370,-0.005,1
3,0,3,10,0.814,0.643,0
3,0,4,15,0.560,0.934,0
3,0,5,2,0.395,0.983,0
3,0,6,4,0.633,0.986,0
3,0,7,13,0.449,0.970,1
3,0,8,18,0.941,0.984,0
3,0,9,14,0.751,0.943,1
3,0,10,17,0.490,-0.933,0
3,0,11,20,0.314,0.983,1
3,0,12,3,0.555,0.947,2
3,0,13,9,0.707,-0.006,2
3,0,14,9,0.463,0.930,1
3,0,15,3,0.599,0.905,0
3,0,16,0,0.206,-0.016,2
3,0,17,13,0.557,0.960,2
3,0,18,14,0.602,0.862,0
3,0,19,1,0.153,-0.008,1
3,1,0,1,0.155,-0.001,0
3,1,1,7,0.663,-0.006,1
3,1,2,20,0.514,-0.001,0
3,1,3,21,0.267,0.651,0
3,1,4,1,0.650,-0.002,0
3,1,5,21,0.914,-0.001,0
3,1,6,14,0.867,-0.002,0
3,1,7,10,0.631,-0.006,1
3,1,8,16,0.756,-0.001,0
3,1,9,15,0.209,-0.006,1
3,1,10,20,0.748,-0.001,0
3,1,11,7,0.727,-0.002,0
3,1,12,21,0.244,-0.002,0
3,1,13,17,0.276,-0.000,0
3,1,14,21,0.145,0.902,0
3,1,15,5,0.190,0.963,0
3,1,16,19,0.450,-0.010,1
3,1,17,1,0.552,-0.002,0
3,1,18,10,0.947,-0.000,0
3,1,19,3,0.321,-0.002,0
3,2,0,1,0.675,-0.001,0
3,2,1,1,0.316,-0.002,0
3,2,2,2,0.151,-0.001,0
3,2,3,7,0.845,0.660,0
3,2,4,1,0.262,-0.002,0
3,2,5,2,0.290,-0.001,0
3,2,6,20,0.137,-0.002,0
3,2,7,15,0.443,-0.000,0
3,2,8,12,0.550,-0.001,0
3,2,9,15,0.756,-0.006,1
3,2,10,7,0.708,-0.001,0
3,2,11,18,0.666,-0.002,0
3,2,12,15,0.373,-0.002,0
3,2,13,14,0.462,-0.000,0
3,2,14,15,0.948,-0.003,0
3,2,15,3,0.302,-0.003,0
3,2,16,3,0.250,-0.003,0
3,2,17,3,0.214,-0.002,0
3,2,18,19,0.601,-0.000,0
3,2,19,14,0.353,-0.002,0
3,3,0,10,0.497,-0.001,0
3,3,1,17,0.814,-0.002,0
3,3,2,0,0.683,-0.001,0
3,3,3,16,0.943,-0.002,0
3,3,4,16,0.438,-0.002,0
3,3,5,4,0.961,-0.001,0
3,3,6,0,0.332,-0.002,0
3,3,7,14,0.849,-0.000,0
3,3,8,15,0.159,-0.001,0
3,3,9,20,0.507,-0.001,0
3,3,10,5,0.471,-0.001,0
3,3,11,7,0.044,-0.002,0
3,3,12,19,0.210,-0.002,0
3,3,13,12,0.386,-0.000,0
3,3,14,15,0.283,-0.003,0
3,3,15,4,0.439,-0.003,0
3,3,16,2,0.408,-0.003,0
3,3,17,7,0.056,-0.002,0
3,3,18,8,0.625,-0.000,0
3,3,19,14,0.683,-0.002,0
3,4,0,13,0.266,-0.001,0
3,4,1,20,0.841,-0.002,0
3,4,2,15,0.542,-0.001,0
3,4,3,8,0.274,-0.002,0
3,4,4,10,0.609,-0.002,0
3,4,5,1,0.453,-0.371,0
3,4,6,1,0.902,-0.002,0
3,4,7,7,0.894,-0.000,0
3,4,8,5,0.597,-0.001,0
3,4,9,20,0.957,-0.001,0
3,4,10,1,0.344,-0.001,0
3,4,11,2,0.751,-0.002,0
3,4,12,10,0.079,-0.002,0
3,4,13,14,0.051,-0.000,0
3,4,14,20,0.307,-0.003,0
3,4,15,5,0.854,-0.003,0
3,4,16,20,0.560,-0.003,0
3,4,17,0,0.236,-0.002,0
3,4,18,19,0.595,-0.000,0
3,4,19,15,0.513,-0.002,0
3,5,0,10,0.331,-0.001,0
3,5,1,2,0.352,-0.002,0
3,5,2,20,0.404,-0.071,0
3,5,3,18,0.399,-0.002,0
3,5,4,19,0.774,-0.002,0
3,5,5,3,0.752,-2.988,0
3,5,6,7,0.364,-0.002,0
3,5,7,2,0.836,-0.000,0
3,5,8,2,0.445,-0.001,0
3,5,9,18,0.724,-0.001,0
3,5,10,19,0.093,-0.032,0
3,5,11,16,0.534,-0.002,0
3,5,12,3,0.936,-0.002,0
3,5,13,5,0.419,-0.000,0
3,5,14,2,0.598,-0.003,0
3,5,15,9,0.770,-0.003,0
3,5,16,10,0.551,-0.003,0
3,5,17,14,0.230,-2.043,0
3,5,18,15,0.480,-0.000,0
3,5,19,12,0.605,-1.503,0
3,6,0,6,0.316,-2.141,0
3,6,1,7,0.413,-0.002,0
3,6,2,0,0.489,-2.376,0
3,6,3,21,0.943,-0.002,0
3,6,4,9,0.140,-1.153,0
3,6,5,19,0.548,-4.315,0
3,6,6,17,0.364,-0.002,0
3,6,7,13,0.355,-0.000,0
3,6,8,0,0.125,-0.001,0
3,6,9,6,0.274,-0.001,0
3,6,10,16,0.236,-2.340,0
3,6,11,3,0.504,-0.447,0
3,6,12,7,0.156,-0.002,0
3,6,13,1,0.580,-0.000,0
3,6,14,12,0.268,-0.003,0
3,6,15,15,0.560,-0.003,0
3,6,16,13,0.107,-0.003,0
3,6,17,6,0.235,-3.822,0
3,6,18,2,0.147,-0.000,0
3,6,19,11,0.663,-3.487,0
3,7,0,1,0.440,-3.703,0
3,7,1,11,0.625,-0.002,0
3,7,2,15,0.696,-3.848,0
3,7,3,11,0.382,-0.066,0
3,7,4,7,0.519,-3.012,0
3,7,5,12,0.724,-4.790,0
3,7,6,17,0.751,-0.002,0
3,7,7,12,0.182,-0.000,0
3,7,8,2,0.695,-0.001,0
3,7,9,21,0.480,-0.001,0
3,7,10,3,0.053,-3.826,0
3,7,11,2,0.560,-2.431,0
3,7,12,17,0.440,-0.002,0
3,7,13,0,0.734,-0.000,0
3,7,14,2,0.112,-0.003,0
3,7,15,2,0.596,-0.003,0
3,7,16,4,0.280,-0.003,0
3,7,17,15,0.648,-4.594,0
3,7,18,7,0.836,-0.000,0
3,7,19,17,0.877,-4.443,0
3,8,0,5,0.271,-4.475,0
3,8,1,21,0.532,-0.002,0
3,8,2,16,0.905,-4.545,0
3,8,3,3,0.711,-1.856,0
3,8,4,19,0.881,-4.105,0
3,8,5,8,0.304,-4.938,0
3,8,6,16,0.943,-0.002,0
3,8,7,16,0.666,-0.000,0
3,8,8,13,0.283,-0.001,0
3,8,9,7,0.628,-0.001,0
3,8,10,13,0.732,-4.535,0
3,8,11,19,0.274,-3.750,0
3,8,12,2,0.404,-0.002,0
3,8,13,2,0.594,-0.000,0
3,8,14,13,0.164,-0.003,0
3,8,15,21,0.153,-0.003,0
3,8,16,14,0.145,-0.003,0
3,8,17,9,0.344,-4.868,0
3,8,18,3,0.278,-1.409,0
3,8,19,15,0.659,-4.809,0
3,9,0,20,0.549,-4.798,0
3,9,1,13,0.030,-0.002,0
3,9,2,13,0.621,-4.829,0
3,9,3,21,0.357,-3.225,0
3,9,4,2,0.813,-4.626,0
3,9,5,20,0.449,-4.983,0
3,9,6,11,0.701,-0.002,0
3,9,7,8,0.764,-0.049,0
3,9,8,14,0.361,-0.001,0
3,9,9,1,0.565,-0.492,0
3,9,10,13,0.150,-4.824,0
3,9,11,20,0.578,-4.443,0
3,9,12,12,0.475,-1.429,0
3,9,13,14,0.029,-0.000,0
3,9,14,14,0.325,-1.451,0
3,9,15,5,0.852,-0.003,0
3,9,16,3,0.416,-0.003,0
3,9,17,12,0.367,-4.959,0
3,9,18,1,0.171,-2.875,0
3,9,19,1,0.931,-4.937,0
3,10,0,13,0.645,-4.925,0
3,10,1,10,0.256,-0.800,0
3,10,2,19,0.666,-4.937,0
3,10,3,15,0.051,-4.079,0
3,10,4,4,0.674,-4.849,0
3,10,5,21,0.915,-4.996,0
3,10,6,12,0.636,-0.529,0
3,10,7,8,0.270,-1.506,0
3,10,8,15,0.605,-0.001,0
3,10,9,17,0.673,-1.936,0
3,10,10,1,0.410,-4.935,0
3,10,11,16,0.135,-4.763,0
3,10,12,12,0.472,-2.768,0
3,10,13,2,0.632,-0.408,0
3,10,14,2,0.489,-2.786,0
3,10,15,20,0.864,-0.464,0
3,10,16,0,0.525,-0.003,0
3,10,17,5,0.444,-4.989,0
3,10,18,13,0.913,-3.851,0
3,10,19,3,0.153,-4.980,0
3,11,0,8,0.698,-4.972,0
3,11,1,7,0.867,-2.105,0
3,11,2,20,0.245,-4.977,0
3,11,3,21,0.410,-4.545,0
3,11,4,11,0.877,-4.941,0
3,11,5,18,0.263,-4.999,0
3,11,6,16,0.843,-1.850,0
3,11,7,19,0.247,-2.727,0
3,11,8,17,0.598,-0.001,0
3,11,9,6,0.273,-3.080,0
3,11,10,14,0.571,-4.977,0
3,11,11,18,0.607,-4.902,0
3,11,12,18,0.065,-3.706,0
3,11,13,6,0.507,-1.734,0
3,11,14,3,0.878,-3.719,0
3,11,15,0,0.401,-1.788,0
3,11,16,2,0.084,-0.003,0
3,11,17,17,0.851,-4.998,0
3,11,18,7,0.372,-4.412,0
3,11,19,20,0.408,-4.995,0
3,12,0,5,0.661,-4.990,0
3,12,1,2,0.686,-3.135,0
3,12,2,18,0.651,-4.992,0
3,12,3,11,0.757,-4.782,0
3,12,4,16,0.767,-4.978,0
3,12,5,8,0.625,-5.000,0
3,12,6,14,0.494,-2.928,0
3,12,7,10,0.282,-3.612,0
3,12,8,0,0.444,-0.001,0
3,12,9,3,0.334,-3.867,0
3,12,10,1,0.818,-4.992,0
3,12,11,17,0.745,-4.960,0
3,12,12,10,0.582,-4.287,0
3,12,13,6,0.481,-2.831,0
3,12,14,18,0.727,-4.295,0
3,12,15,2,0.736,-2.877,0
3,12,16,19,0.881,-0.003,0
3,12,17,7,0.496,-5.001,0
3,12,18,15,0.275,-4.708,0
3,12,19,18,0.534,-5.000,0
3,13,0,18,0.727,-4.997,0
3,13,1,0,0.707,-3.858,0
3,13,2,10,0.171,-4.997,0
3,13,3,10,0.934,-4.897,0
3,13,4,11,0.094,-4.993,0
3,13,5,3,0.531,-5.001,0
3,13,6,16,0.468,-3.707,0
3,13,7,7,0.352,-4.189,0
3,13,8,17,0.335,-0.001,0
3,13,9,6,0.251,-4.357,0
3,13,10,3,0.433,-4.997,0
3,13,11,12,0.452,-4.985,0
3,13,12,7,0.524,-4.619,0
3,13,13,2,0.049,-3.635,0
3,13,14,15,0.201,-4.624,0
3,13,15,9,0.621,-3.669,0
3,13,16,7,0.344,-0.003,0
3,13,17,11,0.431,-5.002,0
3,13,18,2,0.734,-4.858,0
3,13,19,4,0.640,-5.001,0
3,14,0,20,0.568,-4.999,0
3,14,1,10,0.590,-4.324,0
3,14,2,6,0.118,-4.999,0
3,14,3,4,0.845,-4.953,0
3,14,4,8,0.330,-4.998,0
3,14,5,6,0.815,-5.001,0
3,14,6,4,0.442,-4.223,0
3,14,7,0,0.298,-4.539,0
3,14,8,19,0.171,-0.001,0
3,14,9,13,0.678,-4.644,0
3,14,10,11,0.976,-5.000,0
3,14,11,12,0.494,-4.995,0
3,14,12,3,0.420,-4.800,0
3,14,13,17,0.675,-4.172,0
3,14,14,9,0.738,-4.803,0
3,14,15,16,0.358,-4.197,0
3,14,16,7,0.528,-0.003,0
3,14,17,3,0.712,-5.002,0
3,14,18,19,0.360,-4.931,0
3,14,19,9,0.686,-5.002,0
3,15,0,1,0.474,-5.000,0
3,15,1,9,0.641,-4.609,0
3,15,2,14,0.548,-5.000,0
3,15,3,4,0.493,-4.979,0
3,15,4,16,0.426,-5.001,0
3,15,5,3,0.482,-5.001,0
3,15,6,18,0.471,-4.544,0
3,15,7,16,0.673,-4.742,0
3,15,8,4,0.684,-0.424,0
3,15,9,4,0.585,-4.805,0
3,15,10,16,0.784,-5.000,0
3,15,11,15,0.509,-4.999,0
3,15,12,19,0.015,-4.897,0
3,15,13,12,0.572,-4.510,0
3,15,14,10,0.631,-4.899,0
3,15,15,0,0.282,-4.527,0
3,15,16,5,0.387,-0.389,0
3,15,17,12,0.082,-5.002,0
3,15,18,12,0.575,-4.967,0
3,15,19,20,0.786,-5.002,0
3,16,0,14,0.873,-5.001,0
3,16,1,10,0.211,-4.777,0
3,16,2,14,0.261,-5.000,0
3,16,3,16,0.793,-4.991,0
3,16,4,21,0.318,-5.002,0
3,16,5,15,0.367,-5.001,0
3,16,6,6,0.528,-4.736,0
3,16,7,12,0.103,-4.857,0
3,16,8,8,0.675,-1.355,0
3,16,9,14,0.666,-4.895,0
3,16,10,16,0.206,-5.001,0
3,16,11,2,0.290,-5.001,0
3,16,12,10,0.787,-4.947,0
3,16,13,10,0.748,-4.714,0
3,16,14,21,0.161,-4.949,0
3,16,15,0,0.164,-4.726,0
3,16,16,9,0.706,-1.320,0
3,16,17,10,0.800,-5.002,0
3,16,18,1,0.312,-4.984,0
3,16,19,20,0.878,-5.002,0
3,17,0,19,0.243,-5.001,0
3,17,1,13,0.719,-4.874,0
3,17,2,17,0.359,-5.000,0
3,17,3,18,0.325,-4.997,0
3,17,4,5,0.874,-5.002,0
3,17,5,18,0.474,-5.001,0
3,17,6,11,0.215,-4.849,0
3,17,7,17,0.515,-4.922,0
3,17,8,20,0.801,-2.194,0
3,17,9,12,0.538,-4.943,0
3,17,10,9,0.763,-5.001,0
3,17,11,9,0.655,-5.002,0
3,17,12,17,0.774,-4.974,0
3,17,13,9,0.298,-4.835,0
3,17,14,1,0.530,-4.975,0
3,17,15,2,0.614,-4.843,0
3,17,16,11,0.723,-2.162,0
3,17,17,6,0.860,-5.002,0
3,17,18,2,0.802,-4.993,0
3,17,19,15,0.523,-5.002,0
3,18,0,20,0.211,-5.001,0
3,18,1,8,0.718,-4.930,0
3,18,2,0,0.756,-5.001,0
3,18,3,12,0.342,-5.000,0
3,18,4,21,0.884,-5.002,0
3,18,5,1,0.810,-5.001,0
3,18,6,14,0.494,-4.915,0
3,18,7,8,0.979,-4.957,0
3,18,8,18,0.460,-2.904,0
3,18,9,17,0.633,-4.970,0
3,18,10,17,0.389,-5.001,0
3,18,11,1,0.788,-5.002,0
3,18,12,4,0.548,-4.987,0
3,18,13,1,0.590,-4.905,0
3,18,14,18,0.655,-4.988,0
3,18,15,1,0.531,-4.911,0
3,18,16,20,0.672,-2.876,0
3,18,17,11,0.539,-5.002,0
3,18,18,12,0.561,-4.997,0
3,18,19,14,0.694,-5.002,0
3,19,0,3,0.615,-5.001,0
3,19,1,9,0.280,-4.961,0
3,19,2,11,0.595,-5.001,0
3,19,3,16,0.785,-5.001,0
3,19,4,8,0.653,-5.002,0
3,19,5,18,0.730,-5.001,0
3,19,6,4,0.253,-4.952,0
3,19,7,20,0.593,-4.977,0
3,19,8,13,0.271,-3.472,0
3,19,9,16,0.516,-4.984,0
3,19,10,4,0.066,-5.001,0
3,19,11,20,0.640,-5.002,0
3,19,12,20,0.416,-4.995,0
3,19,13,2,0.687,-4.946,0
3,19,14,15,0.436,-4.995,0
3,19,15,4,0.348,-4.950,0
3,19,16,15,0.960,-3.450,0
3,19,17,7,0.696,-5.002,0
3,19,18,11,0.783,-4.999,0
3,19,19,2,0.408,-5.002,0
3,20,0,13,0.480,-5.001,0
3,20,1,15,0.337,-4.979,0
3,20,2,2,0.605,-5.001,0
3,20,3,8,0.187,-5.002,0
3,20,4,19,0.317,-5.002,0
3,20,5,12,0.474,-5.001,0
3,20,6,13,0.693,-4.974,0
3,20,7,10,0.784,-4.987,0
3,20,8,12,0.322,-3.908,0
3,20,9,6,0.299,-4.992,0
3,20,10,3,0.305,-5.001,0
3,20,11,17,0.582,-5.002,0
3,20,12,12,0.791,-4.998,0
3,20,13,16,0.208,-4.969,0
3,20,14,21,0.657,-4.999,0
3,20,15,12,0.738,-4.973,0
3,20,16,7,0.938,-3.890,0
3,20,17,18,0.462,-5.002,0
3,20,18,9,0.355,-5.000,0
3,20,19,0,0.336,-5.002,0
3,21,0,7,0.687,-5.001,0
3,21,1,7,0.305,-4.989,0
3,21,2,0,0.138,-5.001,0
3,21,3,20,0.626,-5.002,0
3,21,4,5,0.645,-5.002,0
3,21,5,3,0.240,-5.001,0
3,21,6,4,0.756,-4.986,0
3,21,7,21,0.398,-4.993,0
3,21,8,20,0.461,-4.231,0
3,21,9,9,0.162,-4.996,0
3,21,10,2,0.471,-5.001,0
3,21,11,18,0.469,-5.002,0
3,21,12,10,0.081,-5.000,0
3,21,13,0,0.443,-4.983,0
3,21,14,2,0.636,-5.001,0
3,21,15,11,0.317,-4.986,0
3,21,16,13,0.860,-4.218,0
3,21,17,15,0.840,-5.002,0
3,21,18,19,0.613,-5.000,0
3,21,19,0,0.782,-5.002,0
3,22,0,5,0.636,-5.001,0
3,22,1,6,0.382,-4.995,0
3,22,2,12,0.324,-5.001,0
3,22,3,19,0.443,-5.002,0
3,22,4,14,0.682,-5.002,0
3,22,5,3,0.390,-5.001,0
3,22,6,1,0.819,-4.993,0
3,22,7,6,0.546,-4.997,0
3,22,8,21,0.305,-4.464,0
3,22,9,13,0.180,-4.998,0
3,22,10,19,0.846,-5.001,0
3,22,11,14,0.474,-5.002,0
3,22,12,20,0.881,-5.001,0
3,22,13,1,0.726,-4.990,0
3,22,14,20,0.249,-5.002,0
3,22,15,10,0.780,-4.993,0
3,22,16,3,0.267,-4.455,0
3,22,17,5,0.636,-5.002,0
3,22,18,0,0.413,-5.000,0
3,22,19,11,0.913,-5.002,0
3,23,0,12,0.706,-5.001,0
3,23,1,10,0.461,-4.998,0
3,23,2,9,0.230,-5.001,0
3,23,3,14,0.348,-5.002,0
3,23,4,20,0.624,-5.002,0
3,23,5,11,0.924,-5.001,0
3,23,6,6,0.587,-4.997,0
3,23,7,1,0.529,-4.998,0
3,23,8,17,0.646,-4.630,0
3,23,9,15,0.478,-4.999,0
3,23,10,18,0.217,-5.001,0
3,23,11,17,0.344,-5.002,0
3,23,12,12,0.247,-5.002,0
3,23,13,11,0.681,-4.995,0
3,23,14,13,0.549,-5.002,0
3,23,15,18,0.788,-4.997,0
3,23,16,17,0.281,-4.623,0
3,23,17,14,0.774,-5.002,0
3,23,18,3,0.265,-5.000,0
3,23,19,14,0.516,-5.002,0
3,24,0,6,0.837,-5.001,0
3,24,1,14,0.062,-5.000,0
3,24,2,20,0.567,-5.001,0
3,24,3,16,0.148,-5.002,0
3,24,4,11,0.575,-5.002,0
3,24,5,20,0.376,-5.001,0
3,24,6,1,0.934,-4.999,0
3,24,7,1,0.212,-4.999,0
3,24,8,9,0.769,-4.745,0
3,24,9,2,0.226,-5.000,0
3,24,10,20,0.814,-5.001,0
3,24,11,21,0.648,-5.002,0
3,24,12,2,0.317,-5.002,0
3,24,13,20,0.816,-4.997,0
3,24,14,5,0.716,-5.003,0
3,24,15,3,0.443,-5.000,0
3,24,16,3,0.188,-4.741,0
3,24,17,17,0.469,-5.002,0
3,24,18,0,0.325,-5.000,0
3,24,19,8,0.410,-5.002,0
3,25,0,5,0.380,-5.001,0
3,25,1,7,0.471,-5.001,0
3,25,2,2,0.724,-5.001,0
3,25,3,8,0.729,-5.002,0
3,25,4,15,0.706,-5.002,0
3,25,5,16,0.558,-5.001,0
3,25,6,9,0.322,-5.001,0
3,25,7,8,0.940,-5.000,0
3,25,8,18,0.674,-4.826,0
3,25,9,20,0.500,-5.000,0
3,25,10,19,0.093,-5.001,0
3,25,11,21,0.361,-5.002,0
3,25,12,17,0.326,-5.002,0
3,25,13,13,0.680,-4.998,0
3,25,14,3,0.279,-5.003,0
3,25,15,20,0.473,-5.001,0
3,25,16,12,0.527,-4.823,0
3,25,17,14,0.264,-5.002,0
3,25,18,19,0.669,-5.000,0
3,25,19,7,0.531,-5.002,0
3,26,0,4,0.564,-5.001,0
3,26,1,7,0.403,-5.001,0
3,26,2,12,0.277,-5.001,0
3,26,3,21,0.260,-5.002,0
3,26,4,18,0.129,-5.002,0
3,26,5,1,0.228,-5.001,0
3,26,6,4,0.216,-5.002,0
3,26,7,11,0.193,-5.000,0
3,26,8,1,0.523,-4.881,0
3,26,9,1,0.507,-5.001,0
3,26,10,3,0.481,-5.001,0
3,26,11,1,0.544,-5.002,0
3,26,12,4,0.643,-5.002,0
3,26,13,6,0.685,-4.999,0
3,26,14,5,0.716,-5.003,0
3,26,15,11,0.790,-5.002,0
3,26,16,10,0.734,-4.880,0
3,26,17,20,0.521,-5.002,0
3,26,18,21,0.264,-5.000,0
3,26,19,12,0.664,-5.002,0
3,27,0,3,0.521,-5.001,0
3,27,1,17,0.662,-5.002,0
3,27,2,15,0.443,-5.001,0
3,27,3,19,0.296,-5.002,0
3,27,4,8,0.340,-5.002,0
3,27,5,3,0.992,-5.001,0
3,27,6,16,0.147,-5.002,0
3,27,7,0,0.500,-5.000,0
3,27,8,2,0.387,-4.919,0
3,27,9,16,0.591,-5.001,0
3,27,10,8,0.344,-5.001,0
3,27,11,7,0.850,-5.002,0
3,27,12,13,0.490,-5.002,0
3,27,13,8,0.830,-5.000,0
3,27,14,4,0.354,-5.003,0
3,27,15,16,0.719,-5.002,0
3,27,16,15,0.339,-4.919,0
3,27,17,9,0.536,-5.002,0
3,27,18,0,0.716,-5.000,0
3,27,19,8,0.336,-5.002,0
3,28,0,0,0.252,-5.001,0
3,28,1,12,0.128,-5.002,0
3,28,2,18,0.405,-5.001,0
3,28,3,13,0.296,-5.002,0
3,28,4,20,0.423,-5.002,0
3,28,5,15,0.190,-5.001,0
3,28,6,20,0.212,-5.002,0
3,28,7,0,0.613,-5.000,0
3,28,8,8,0.770,-4.945,0
3,28,9,16,0.218,-5.001,0
3,28,10,14,0.650,-5.001,0
3,28,11,2,0.373,-5.002,0
3,28,12,12,0.798,-5.002,0
3,28,13,4,0.893,-5.000,0
3,28,14,7,0.523,-5.003,0
3,28,15,9,0.376,-5.002,0
3,28,16,2,0.469,-4.945,0
3,28,17,4,0.818,-5.002,0
3,28,18,16,0.831,-5.000,0
3,28,19,20,0.824,-5.002,0
3,29,0,20,0.266,-5.001,0
3,29,1,9,0.285,-5.002,0
3,29,2,8,0.283,-5.001,0
3,29,3,17,0.525,-5.002,0
3,29,4,0,0.444,-5.002,0
3,29,5,16,0.637,-5.001,0
3,29,6,20,0.749,-5.002,0
3,29,7,18,0.548,-5.000,0
3,29,8,18,0.296,-4.963,0
3,29,9,20,0.291,-5.001,0
3,29,10,4,0.703,-5.001,0
3,29,11,12,0.773,-5.002,0
3,29,12,17,0.735,-5.002,0
3,29,13,16,0.456,-5.000,0
3,29,14,13,0.569,-5.003,0
3,29,15,7,0.787,-5.003,0
3,29,16,14,0.275,-4.963,0
3,29,17,21,0.767,-5.002,0
3,29,18,1,0.450,-5.000,0
3,29,19,17,0.211,-5.002,0
3,30,0,10,0.137,-5.001,0
3,30,1,9,0.626,-5.002,0
3,30,2,12,0.501,-5.001,0
3,30,3,0,0.235,-5.002,0
3,30,4,16,0.561,-5.002,0
3,30,5,10,0.352,-5.001,0
3,30,6,4,0.253,-5.002,0
3,30,7,1,0.590,-5.000,0
3,30,8,17,0.785,-4.975,0
3,30,9,16,0.319,-5.001,0
3,30,10,18,0.280,-5.001,0
3,30,11,21,0.561,-5.002,0
3,30,12,0,0.473,-5.002,0
3,30,13,6,0.862,-5.000,0
3,30,14,11,0.293,-5.003,0
3,30,15,18,0.957,-5.003,0
3,30,16,8,0.231,-4.976,0
3,30,17,20,0.636,-5.002,0
3,30,18,19,0.510,-5.000,0
3,30,19,9,0.691,-5.002,0
3,31,0,18,0.703,-5.001,0
3,31,1,15,0.549,-5.002,0
3,31,2,10,0.224,-5.001,0
3,31,3,2,0.593,-5.002,0
3,31,4,15,0.204,-5.002,0
3,31,5,2,0.567,-5.001,0
3,31,6,21,0.076,-5.002,0
3,31,7,20,0.377,-5.000,0
3,31,8,4,0.250,-4.984,0
3,31,9,6,0.357,-5.001,0
3,31,10,14,0.430,-5.001,0
3,31,11,3,0.306,-5.002,0
3,31,12,9,0.361,-5.002,0
3,31,13,2,0.423,-5.000,0
3,31,14,20,0.646,-5.003,0
3,31,15,1,0.550,-5.003,0
3,31,16,15,0.570,-4.984,0
3,31,17,11,0.477,-5.002,0
3,31,18,3,0.857,-5.000,0
3,31,19,8,0.606,-5.002,0
3,32,0,5,0.604,-5.001,0
3,32,1,14,0.882,-5.002,0
3,32,2,20,0.557,-5.001,0
3,32,3,2,0.327,-5.002,0
3,32,4,14,0.511,-5.002,0
3,32,5,3,0.237,-5.001,0
3,32,6,18,0.330,-5.002,0
3,32,7,16,0.884,-5.000,0
3,32,8,11,0.436,-4.989,0
3,32,9,3,0.751,-5.001,0
3,32,10,19,0.721,-5.001,0
3,32,11,15,0.829,-5.002,0
3,32,12,21,0.342,-5.002,0
3,32,13,1,0.702,-5.000,0
3,32,14,3,0.631,-5.003,0
3,32,15,11,0.779,-5.003,0
3,32,16,13,0.490,-4.990,0
3,32,17,15,0.680,-5.002,0
3,32,18,11,0.567,-5.000,0
3,32,19,18,0.400,-5.002,0
3,33,0,11,0.888,-5.001,0
3,33,1,10,0.753,-5.002,0
3,33,2,0,0.614,-5.001,0
3,33,3,17,0.496,-5.002,0
3,33,4,5,0.266,-5.002,0
3,33,5,1,0.292,-5.001,0
3,33,6,16,0.270,-5.002,0
3,33,7,17,0.978,-5.000,0
3,33,8,13,0.738,-4.993,0
3,33,9,10,0.759,-5.001,0
3,33,10,19,0.229,-5.001,0
3,33,11,2,0.545,-5.002,0
3,33,12,5,0.133,-5.002,0
3,33,13,6,0.658,-5.000,0
3,33,14,20,0.484,-5.003,0
3,33,15,20,0.257,-5.003,0
3,33,16,20,0.798,-4.994,0
3,33,17,3,0.579,-5.002,0
3,33,18,2,0.747,-5.000,0
3,33,19,1,0.889,-5.002,0
3,34,0,21,0.578,-5.001,0
3,34,1,8,0.124,-5.002,0
3,34,2,19,0.306,-5.001,0
3,34,3,11,0.088,-5.002,0
3,34,4,4,0.517,-5.002,0
3,34,5,3,0.457,-5.001,0
3,34,6,21,0.334,-5.002,0
3,34,7,5,0.922,-5.000,0
3,34,8,7,0.166,-4.996,0
3,34,9,3,0.784,-5.001,0
3,34,10,4,0.358,-5.001,0
3,34,11,19,0.319,-5.002,0
3,34,12,8,0.375,-5.002,0
3,34,13,14,0.844,-5.000,0
3,34,14,10,0.659,-5.003,0
3,34,15,20,0.204,-5.003,0
3,34,16,11,0.276,-4.997,0
3,34,17,3,0.544,-5.002,0
3,34,18,3,0.151,-5.000,0
3,34,19,12,0.864,-5.002,0
3,35,0,16,0.723,-5.001,0
3,35,1,1,0.335,-5.002,0
3,35,2,12,0.554,-5.001,0
3,35,3,16,0.760,-5.002,0
3,35,4,10,0.537,-5.002,0
3,35,5,3,0.462,-5.001,0
3,35,6,14,0.631,-5.002,0
3,35,7,7,0.165,-5.000,0
3,35,8,9,0.140,-4.998,0
3,35,9,2,0.764,-5.001,0
3,35,10,15,0.341,-5.001,0
3,35,11,6,0.180,-5.002,0
3,35,12,20,0.385,-5.002,0
3,35,13,13,0.557,-5.000,0
3,35,14,14,0.232,-5.003,0
3,35,15,1,0.321,-5.003,0
3,35,16,16,0.152,-4.999,0
3,35,17,4,0.609,-5.002,0
3,35,18,18,0.403,-5.000,0
3,35,19,13,0.726,-5.002,0
3,36,0,15,0.606,-5.001,0
3,36,1,18,0.582,-5.002,0
3,36,2,10,0.216,-5.001,0
3,36,3,4,0.247,-5.002,0
3,36,4,19,0.576,-5.002,0
3,36,5,14,0.826,-5.001,0
3,36,6,19,0.580,-5.002,0
3,36,7,3,0.420,-5.000,0
3,36,8,20,0.633,-4.999,0
3,36,9,0,0.491,-5.001,0
3,36,10,11,0.364,-5.001,0
3,36,11,4,0.455,-5.002,0
3,36,12,20,0.639,-5.002,0
3,36,13,18,0.766,-5.000,0
3,36,14,20,0.570,-5.003,0
3,36,15,3,0.344,-5.003,0
3,36,16,20,0.152,-5.000,0
3,36,17,21,0.619,-5.002,0
3,36,18,1,0.549,-5.000,0
3,36,19,8,0.415,-5.002,0
3,37,0,16,0.669,-5.001,0
3,37,1,5,0.581,-5.002,0
3,37,2,20,0.221,-5.001,0
3,37,3,9,0.326,-5.002,0
3,37,4,18,0.655,-5.002,0
3,37,5,20,0.576,-5.001,0
3,37,6,6,0.460,-5.002,0
3,37,7,16,0.706,-5.000,0
3,37,8,17,0.452,-5.000,0
3,37,9,3,0.705,-5.001,0
3,37,10,14,0.703,-5.001,0
3,37,11,9,0.352,-5.002,0
3,37,12,13,0.505,-5.002,0
3,37,13,14,0.532,-5.000,0
3,37,14,2,0.414,-5.003,0
3,37,15,4,0.125,-5.003,0
3,37,16,8,0.224,-5.001,0
3,37,17,1,0.649,-5.002,0
3,37,18,3,0.343,-5.000,0
3,37,19,1,0.264,-5.002,0
3,38,0,12,0.773,-5.001,0
3,38,1,15,0.451,-5.002,0
3,38,2,18,0.511,-5.001,0
3,38,3,14,0.637,-5.002,0
3,38,4,4,0.780,-5.002,0
3,38,5,1,0.513,-5.001,0
3,38,6,15,0.640,-5.002,0
3,38,7,1,0.312,-5.000,0
3,38,8,2,0.537,-5.000,0
3,38,9,1,0.335,-5.001,0
3,38,10,2,0.744,-5.001,0
3,38,11,7,0.546,-5.002,0
3,38,12,15,0.497,-5.002,0
3,38,13,2,0.207,-5.000,0
3,38,14,12,0.165,-5.003,0
3,38,15,11,0.205,-5.003,0
3,38,16,7,0.260,-5.001,0
3,38,17,14,0.424,-5.002,0
3,38,18,2,0.410,-5.000,0
3,38,19,0,0.380,-5.002,0
3,39,0,9,0.519,-5.001,0
3,39,1,14,0.440,-5.002,0
3,39,2,20,0.528,-5.001,0
3,39,3,20,0.486,-5.002,0
3,39,4,18,0.779,-5.002,0
3,39,5,13,0.696,-5.001,0
3,39,6,12,0.816,-5.002,0
3,39,7,1,0.339,-5.000,0
3,39,8,14,0.397,-5.000,0
3,39,9,3,0.699,-5.001,0
3,39,10,13,0.195,-5.001,0
3,39,11,12,0.328,-5.002,0
3,39,12,11,0.880,-5.002,0
3,39,13,20,0.633,-5.000,0
3,39,14,19,0.620,-5.003,0
3,39,15,5,0.491,-5.003,0
3,39,16,20,0.544,-5.002,0
3,39,17,21,0.491,-5.002,0
3,39,18,18,0.178,-5.000,0
3,39,19,17,0.871,-5.002,0
3,40,0,12,0.670,-5.001,0
3,40,1,8,0.700,-5.002,0
3,40,2,16,0.434,-5.001,0
3,40,3,3,0.906,-5.002,0
3,40,4,16,0.702,-5.002,0
3,40,5,6,0.776,-5.001,0
3,40,6,13,0.501,-5.002,0
3,40,7,0,0.415,-5.000,0
3,40,8,14,0.444,-5.001,0
3,40,9,18,0.299,-5.001,0
3,40,10,7,0.179,-5.001,0
3,40,11,18,0.192,-5.002,0
3,40,12,1,0.523,-5.002,0
3,40,13,18,0.435,-5.000,0
3,40,14,18,0.242,-5.003,0
3,40,15,12,0.523,-5.003,0
3,40,16,12,0.219,-5.002,0
3,40,17,0,0.356,-5.002,0
3,40,18,2,0.686,-5.000,0
3,40,19,10,0.541,-5.002,0
3,41,0,13,0.413,-5.001,0
3,41,1,5,0.707,-5.002,0
3,41,2,7,0.858,-5.001,0
3,41,3,14,0.093,-5.002,0
3,41,4,12,0.406,-5.002,0
3,41,5,11,0.205,-5.001,0
3,41,6,12,0.747,-5.002,0
3,41,7,7,0.694,-5.000,0
3,41,8,19,0.620,-5.001,0
3,41,9,5,0.580,-5.001,0
3,41,10,2,0.504,-5.001,0
3,41,11,20,0.153,-5.002,0
3,41,12,20,0.755,-5.002,0
3,41,13,9,0.075,-5.000,0
3,41,14,18,0.365,-5.003,0
3,41,15,4,0.667,-5.003,0
3,41,16,6,0.523,-5.002,0
3,41,17,15,0.459,-5.002,0
3,41,18,1,0.248,-5.000,0
3,41,19,2,0.494,-5.002,0
3,42,0,7,0.484,-5.001,0
3,42,1,20,0.318,-5.002,0
3,42,2,21,0.029,-5.001,0
3,42,3,19,0.562,-5.002,0
3,42,4,21,0.303,-5.002,0
3,42,5,6,0.243,-5.001,0
3,42,6,9,0.214,-5.002,0
3,42,7,2,0.424,-5.000,0
3,42,8,19,0.598,-5.001,0
3,42,9,14,0.738,-5.001,0
3,42,10,7,0.589,-5.001,0
3,42,11,9,0.198,-5.002,0
3,42,12,6,0.286,-5.002,0
3,42,13,16,0.105,-5.000,0
3,42,14,21,0.535,-5.003,0
3,42,15,18,0.418,-5.003,0
3,42,16,21,0.468,-5.002,0
3,42,17,0,0.406,-5.002,0
3,42,18,19,0.351,-5.000,0
3,42,19,4,0.641,-5.002,0
3,43,0,16,0.431,-5.001,0
3,43,1,13,0.611,-5.002,0
3,43,2,2,0.679,-5.001,0
3,43,3,0,0.277,-5.002,0
3,43,4,1,0.460,-5.002,0
3,43,5,6,0.778,-5.001,0
3,43,6,11,0.414,-5.002,0
3,43,7,8,0.922,-5.000,0
3,43,8,15,0.572,-5.001,0
3,43,9,20,0.323,-5.001,0
3,43,10,2,0.470,-5.001,0
3,43,11,18,0.552,-5.002,0
3,43,12,1,0.551,-5.002,0
3,43,13,21,0.500,-5.000,0
3,43,14,9,0.332,-5.003,0
3,43,15,3,0.780,-5.003,0
3,43,16,8,0.349,-5.002,0
3,43,17,18,0.790,-5.002,0
3,43,18,19,0.802,-5.000,0
3,43,19,17,0.783,-5.002,0
3,44,0,16,0.574,-5.001,0
3,44,1,14,0.908,-5.002,0
3,44,2,19,0.408,-5.001,0
3,44,3,16,0.215,-5.002,0
3,44,4,17,0.654,-5.002,0
3,44,5,9,0.475,-5.001,0
3,44,6,13,0.603,-5.002,0
3,44,7,15,0.318,-5.000,0
3,44,8,13,0.463,-5.001,0
3,44,9,16,0.459,-5.001,0
3,44,10,0,0.404,-5.001,0
3,44,11,8,0.267,-5.002,0
3,44,12,21,0.678,-5.002,0
3,44,13,14,0.303,-5.000,0
3,44,14,15,0.253,-5.003,0
3,44,15,16,0.282,-5.003,0
3,44,16,17,0.361,-5.002,0
3,44,17,7,0.745,-5.002,0
3,44,18,11,0.732,-5.000,0
3,44,19,20,0.517,-5.002,0
3,45,0,1,0.067,-5.001,0
3,45,1,7,0.744,-5.002,0
3,45,2,3,0.649,-5.001,0
3,45,3,17,0.320,-5.002,0
3,45,4,1,0.459,-5.002,0
3,45,5,3,0.723,-5.001,0
3,45,6,2,0.103,-5.002,0
3,45,7,19,0.604,-5.000,0
3,45,8,18,0.633,-5.001,0
3,45,9,18,0.385,-5.001,0
3,45,10,17,0.648,-5.001,0
3,45,11,15,0.290,-5.002,0
3,45,12,6,0.413,-5.002,0
3,45,13,6,0.720,-5.000,0
3,45,14,13,0.724,-5.003,0
3,45,15,21,0.567,-5.003,0
3,45,16,19,0.295,-5.002,0
3,45,17,12,0.512,-5.002,0
3,45,18,7,0.628,-5.000,0
3,45,19,20,0.268,-5.002,0
3,46,0,8,0.192,-5.001,0
3,46,1,10,0.821,-5.002,0
3,46,2,6,0.695,-5.001,0
3,46,3,17,0.170,-5.002,0
3,46,4,14,0.169,-5.002,0
3,46,5,17,0.558,-5.001,0
3,46,6,11,0.592,-5.002,0
3,46,7,12,0.491,-5.000,0
3,46,8,2,0.445,-5.001,0
3,46,9,9,0.875,-5.001,0
3,46,10,18,0.547,-5.001,0
3,46,11,9,0.773,-5.002,0
3,46,12,20,0.667,-5.002,0
3,46,13,2,0.331,-5.000,0
3,46,14,17,0.775,-5.003,0
3,46,15,21,0.320,-5.003,0
3,46,16,17,0.749,-5.002,0
3,46,17,17,0.489,-5.002,0
3,46,18,4,0.794,-5.000,0
3,46,19,18,0.415,-5.002,0
3,47,0,14,0.700,-5.001,0
3,47,1,17,0.896,-5.002,0
3,47,2,18,0.438,-5.001,0
3,47,3,10,0.253,-5.002,0
3,47,4,21,0.194,-5.002,0
3,47,5,20,0.673,-5.001,0
3,47,6,19,0.683,-5.002,0
3,47,7,3,0.134,-5.000,0
3,47,8,3,0.004,-5.001,0
3,47,9,16,0.473,-5.001,0
3,47,10,15,0.350,-5.001,0
3,47,11,14,0.657,-5.002,0
3,47,12,9,0.633,-5.002,0
3,47,13,19,0.840,-5.000,0
3,47,14,2,0.395,-5.003,0
3,47,15,13,0.250,-5.003,0
3,47,16,20,0.521,-5.003,0
3,47,17,10,0.258,-5.002,0
3,47,18,7,0.574,-5.000,0
3,47,19,3,0.530,-5.002,0
3,48,0,15,0.357,-5.001,0
3,48,1,16,0.284,-5.002,0
3,48,2,3,0.696,-5.001,0
3,48,3,2,0.598,-5.002,0
3,48,4,4,0.149,-5.002,0
3,48,5,14,0.465,-5.001,0
3,48,6,6,0.422,-5.002,0
3,48,7,20,0.454,-5.000,0
3,48,8,14,0.391,-5.001,0
3,48,9,3,0.763,-5.001,0
3,48,10,17,0.189,-5.001,0
3,48,11,7,0.923,-5.002,0
3,48,12,5,0.719,-5.002,0
3,48,13,16,0.380,-5.000,0
3,48,14,1,0.604,-5.003,0
3,48,15,10,0.453,-5.003,0
3,48,16,16,0.162,-5.003,0
3,48,17,2,0.828,-5.002,0
3,48,18,6,0.572,-5.000,0
3,48,19,4,0.737,-5.002,0
3,49,0,20,0.272,-5.001,0
3,49,1,6,0.340,-5.002,0
3,49,2,15,0.763,-5.001,0
3,49,3,11,0.347,-5.002,0
3,49,4,17,0.466,-5.002,0
3,49,5,21,0.593,-5.001,0
3,49,6,13,0.135,-5.002,0
3,49,7,18,0.775,-5.000,0
3,49,8,6,0.203,-5.001,0
3,49,9,13,0.232,-5.001,0
3,49,10,9,0.313,-5.001,0
3,49,11,10,0.640,-5.002,0
3,49,12,19,0.753,-5.002,0
3,49,13,7,0.664,-5.000,0
3,49,14,1,0.346,-5.003,0
3,49,15,14,0.122,-5.003,0
3,49,16,17,0.483,-5.003,0
3,49,17,21,0.038,-5.002,0
3,49,18,2,0.638,-5.000,0
3,49,19,13,0.466,-5.002,0
