episode,steps,wall_time,sim_time,reward_mean,reward_total,reward_p95,vehicle_sr,task_sr,subtask_sr,task_duration_mean,task_duration_p95,completed_tasks,energy_mean,deadline_misses,ratio_local,ratio_rsu,ratio_v2v,tx_created,same_node_no_tx,service_rate_ghz,idle_fraction,actor_loss,critic_loss,entropy,approx_kl,clip_frac,bias_rsu,bias_local
1,121,37.15423059463501,12.100000000000001,-0.4103451371192932,-49.65175693164623,0.2630852460861206,0.06,0.06,0.7239344262295082,8.199999999999987,9.429999999999982,3,0.05682055999024594,47,0.3810330228619814,0.2777307366638442,0.34123624047417445,731,450,224.60463529327265,0.008264462809917375,0.007549117008845012,1.2000928322474163,1.5860307216644287,0.013325162697583437,0.05084342944125334,1.4,1.7
2,121,36.36847639083862,12.100000000000001,-0.4304226338863373,-52.08114096039907,0.24450157582759857,0.02,0.02,0.6811989100817438,8.199999999999987,8.199999999999987,1,0.050401667266899396,49,0.4409302325581395,0.24186046511627907,0.3172093023255814,601,474,208.60092158846743,0.008264462809917375,-0.0003627985715866089,1.1677844524383545,1.528550922870636,0.017262909095734358,0.04102891217917204,1.4,1.7
3,106,32.37994432449341,10.600000000000001,-0.32402920722961426,-34.34710057364699,0.2955371364951134,0.04,0.04,0.7193702943189596,7.899999999999988,9.069999999999984,2,0.058338698877970566,48,0.42226148409893993,0.28091872791519434,0.2968197879858657,654,478,245.20892255471415,0.009433962264150964,0.037870462983846664,1.1804859638214111,1.5175215005874634,0.028559187427163124,0.01785714365541935,1.4,1.7
4,129,37.85349726676941,12.9,-0.5662984848022461,-73.05250011164634,0.28336579799652095,0.04,0.04,0.7695978186775733,8.899999999999984,9.249999999999982,3,0.05638732433073627,48,0.40082644628099173,0.2644628099173554,0.3347107438016529,725,485,209.4869957924193,0.007751937984496142,-0.06588098406791687,1.1320048570632935,1.5433355569839478,0.02245078794658184,0.03999999910593033,1.4,1.7
5,120,35.051008462905884,12.0,-0.38469669222831726,-46.16360518879533,0.31562306284904473,0.08,0.08,0.778682959945689,7.674999999999988,8.464999999999986,4,0.059528812275268135,46,0.40901639344262297,0.260655737704918,0.330327868852459,721,499,229.2472278285816,0.008333333333333352,-0.0018379338085651397,1.0957876920700074,1.5201614856719972,0.009753718413412571,0.06829908937215805,1.4,1.7
6,111,33.958940505981445,11.100000000000001,-0.3575744926929474,-39.690772575048676,0.2614902853965759,0.0,0.0,0.7152361942781105,0.0,0.0,0,0.06214675137252958,50,0.41206896551724137,0.2810344827586207,0.30689655172413793,682,478,243.90093370538636,0.009009009009009028,0.009375217215468487,1.2155910929044087,1.504482587178548,-0.0005629723115513722,0.05909714320053657,1.4,1.7
7,112,34.37333798408508,11.200000000000001,-0.3692978322505951,-41.361357446535735,0.23982350900769225,0.04,0.04,0.7297658862876254,9.499999999999982,9.769999999999982,2,0.06874558579043619,48,0.34165232358003444,0.3270223752151463,0.3313253012048193,765,397,241.6491398141428,0.008928571428571449,0.037208708748221395,1.2325942516326904,1.5364306449890137,0.011879940563812853,0.030055112764239313,1.4,1.7
8,109,33.534077644348145,10.9,-0.3536265194416046,-38.54529068541521,0.18095446825027464,0.02,0.02,0.68717277486911,9.299999999999983,9.299999999999983,1,0.06760585835357324,49,0.34759358288770054,0.34670231729055256,0.3057040998217469,732,390,231.62196398814868,0.009174311926605524,0.0034206204793669963,1.2373185374520042,1.5112914713946255,0.004153430520091206,0.04851988262750886,1.4,1.7
9,111,33.624924182891846,11.100000000000001,-0.3676057755947113,-40.804241865029375,0.2575204223394394,0.0,0.0,0.7453083109919572,8.499999999999986,8.499999999999986,1,0.06569068727226139,50,0.3986543313708999,0.2943650126156434,0.3069806560134567,715,474,244.3084172591317,0.009009009009009028,-0.05268619954586029,1.1153666734695435,1.4978998184204102,0.005427712143864482,0.020868347957730293,1.4,1.7
10,131,38.12936615943909,13.100000000000001,-0.4380135238170624,-57.37977406482252,0.2611680179834366,0.12,0.12,0.7437908496732026,8.44285714285713,9.90999999999998,7,0.05846786856544666,44,0.39173553719008264,0.3239669421487603,0.28429752066115704,736,474,211.58769979366,0.00763358778625956,-0.07005617767572403,1.0417083501815796,1.4610518217086792,0.02135934866964817,0.0517241396009922,1.4,1.7
11,121,36.91435694694519,12.100000000000001,-0.4941118061542511,-59.78753371477222,0.22443437576293945,0.0,0.0,0.6944444444444444,0.0,0.0,0,0.05675176625409402,50,0.4052863436123348,0.3198237885462555,0.2748898678414097,675,460,214.6215944004749,0.008264462809917375,0.034569026902318,1.1603178977966309,1.4930236339569092,0.00733338063582778,0.10072142258286476,1.4,1.7
12,114,34.96068215370178,11.4,-0.38726940751075745,-44.14871355259755,0.27653665393590926,0.0,0.0,0.6878306878306878,0.0,0.0,0,0.05658806967826789,50,0.4297082228116711,0.26790450928381965,0.30238726790450926,645,486,223.8110528941835,0.008771929824561422,0.03868231817614287,1.0713832378387451,1.4787416756153107,0.01030709792394191,0.06413954589515924,1.4,1.7
13,120,35.8507137298584,12.0,-0.47051486372947693,-56.46178459737797,0.23162089884281156,0.0,0.0,0.725130890052356,7.799999999999988,7.799999999999988,1,0.06027738070643197,50,0.39593908629441626,0.3003384094754653,0.30372250423011843,714,468,223.4756549481822,0.016666666666666705,0.005137527361512184,1.13518226146698,1.4746108055114746,0.020728569477796555,0.042553190141916275,1.4,1.7
14,115,34.35895395278931,11.5,-0.37231215834617615,-42.81590145947004,0.30285519957542417,0.04,0.04,0.69,9.149999999999984,10.634999999999978,2,0.055272205437655035,48,0.431266846361186,0.28481581311769993,0.2839173405211141,633,480,224.0611757077107,0.008695652173913063,0.2243591770529747,1.1304638385772705,1.4635272026062012,0.030456760432571173,0.08461538702249527,1.4,1.7
15,119,35.309699058532715,11.9,-0.4236676096916199,-50.41645024105637,0.24435241818428038,0.08,0.08,0.7049731182795699,8.199999999999987,8.484999999999985,4,0.05696640062654595,46,0.4181494661921708,0.298932384341637,0.28291814946619215,654,470,217.887225406187,0.008403361344537834,0.02918703220784664,1.0425088942050933,1.4733750462532043,0.0011281118262559176,0.05096122119575739,1.4,1.7
16,111,33.41283416748047,11.100000000000001,-0.3282816708087921,-36.439264667020936,0.2244076281785965,0.02,0.02,0.6911862160371107,9.799999999999981,9.799999999999981,1,0.061481950113230995,49,0.4072759538598048,0.3220940550133097,0.2706299911268855,668,459,234.01044672691796,0.009009009009009028,0.013320020710428556,1.0026425818602245,1.4769378503163655,-0.007270987116498873,0.033869724720716476,1.4,1.7
17,107,32.850523471832275,10.700000000000001,-0.37838906049728394,-40.48762680887569,0.2158815950155257,0.0,0.0,0.6419505678022712,0.0,0.0,0,0.05888819990540359,50,0.39411206077872746,0.3162393162393162,0.2896486229819563,638,415,226.79295356075522,0.009345794392523385,-0.10744083300232887,0.9616466641426087,1.4177539587020873,0.014160231570713222,0.05533494651317596,1.4,1.7
18,119,35.10616588592529,11.9,-0.4445863366127014,-52.90576649542211,0.21340567171573632,0.04,0.04,0.7019167217448777,9.99999999999998,11.709999999999974,2,0.05618211520068786,48,0.4114035087719298,0.29210526315789476,0.2964912280701754,671,469,216.44995191366166,0.016806722689075668,0.0117617209131519,0.959829976161321,1.4797231952349346,0.003710899424428741,0.0594273346165816,1.4,1.7
19,117,34.60520553588867,11.700000000000001,-0.3529648780822754,-41.296892633345195,0.30767448544502235,0.12,0.12,0.7340425531914894,8.199999999999987,9.349999999999984,6,0.05664558476871914,44,0.41367521367521365,0.27863247863247864,0.3076923076923077,686,484,235.93188454418902,0.008547008547008567,-0.011523596321543058,0.9688282509644827,1.5128462115923564,0.004860564969324817,0.038543655537068844,1.4,1.7
20,107,30.91461992263794,10.700000000000001,-0.38372695446014404,-41.058782757074496,0.2609680294990537,0.04,0.04,0.7297481279782164,9.89999999999998,9.98999999999998,2,0.06102468506772524,48,0.4277056277056277,0.2857142857142857,0.2865800865800866,661,494,250.47068130291717,0.01869158878504677,-0.06850419798865914,0.8258033394813538,1.5144350826740265,0.011859731515869498,0.05432594195008278,1.4,1.7
21,117,34.41185235977173,11.700000000000001,-0.45278629660606384,-52.97600029803387,0.22144439518451683,0.0,0.0,0.670516304347826,0.0,0.0,0,0.054287848189855235,50,0.3990654205607477,0.32149532710280376,0.2794392523364486,643,427,213.4089206846356,0.008547008547008567,-0.07000306062400341,0.907648116350174,1.4243032932281494,0.020062340947333723,0.021276595070958138,1.4,1.7
22,117,34.53937387466431,11.700000000000001,-0.4561215937137604,-53.36622285981015,0.24865462481975556,0.0,0.0,0.6981891348088531,0.0,0.0,0,0.061790797211802924,50,0.3678571428571429,0.3026785714285714,0.3294642857142857,708,412,226.09032779797315,0.017094017094017134,-0.0605316124856472,0.8647645016511282,1.5267607967058818,0.011529490099443743,0.04009383854766687,1.4,1.7
23,106,32.11519169807434,10.600000000000001,-0.32114776968955994,-34.04166788938963,0.2572065442800522,0.08,0.08,0.7102425876010782,8.099999999999987,9.379999999999983,4,0.07037772520357427,46,0.3303808680248007,0.32418069087688217,0.3454384410983171,756,373,241.85749229854636,0.009433962264150964,-0.011779148633090349,0.8819505893267118,1.5237662975604718,0.003268108792746296,0.10683844782985173,1.4,1.7
24,115,34.42660641670227,11.5,-0.4001629650592804,-46.018744050016984,0.1656444028019905,0.08,0.08,0.6537678207739308,8.624999999999986,10.304999999999978,4,0.06420666168565335,46,0.2929875120076849,0.3688760806916426,0.3381364073006724,736,305,213.4861519169593,0.017391304347826125,0.05156307965517044,0.8481109142303467,1.4687279224395753,0.00636651748791337,0.047378436848521235,1.4,1.7
