episode,total_reward,avg_step_reward,loss,veh_success_rate,vehicle_success_rate,task_success_rate,subtask_success_rate,v2v_subtask_success_rate,decision_frac_local,decision_frac_rsu,decision_frac_v2v,avg_power,avg_queue_len,ma_fairness,ma_reward_gap,ma_collaboration,max_agent_reward,min_agent_reward,avg_assigned_cpu_ghz,episode_vehicle_count,episode_task_count,duration
1,-13.699490542213054,-0.06349745271106527,11.44253198835585,0.0,0.0,0.0,0.1016949152542373,0.0,0.11764705882352941,0.29411764705882354,0.5882352941176471,0.5047537276443715,0.0,1.0,0.0,52.33333333333333,-0.0634974527110655,-0.0634974527110655,4.862963476192096,12,12,7.000689506530762
1,-23.951479996243997,-0.11975739998121998,0.0,0.0,0.0,0.10256410256410256,0.0,0.07458333333333333,0.08583333333333333,0.8395833333333333,0.6017591002287478,0.0,1.0,0.0,0.8395833333333333,-23.951479996243997,-23.951479996243997,0.0,0.0,0.0,Random
1,0.6686424463988061,0.0033432122319940307,0.0,0.0,0.0,0.10434782608695652,0.0,1.0,0.0,0.0,1.0,0.0,1.0,0.0,0.0,0.6686424463988061,0.6686424463988061,0.0,0.0,0.0,Local-Only
1,0.46538616220163437,0.0023269308110081717,0.0,0.0,0.0,0.09917355371900827,0.0,0.0,1.0,0.0,1.0,0.0,1.0,0.0,0.0,0.46538616220163437,0.46538616220163437,0.0,0.0,0.0,Greedy
2,-4.833689058820337,-0.01916844529410168,5.906940778096517,0.0,0.0,0.0,0.10526315789473684,0.0,0.058823529411764705,0.5294117647058824,0.4117647058823529,0.5069690215533289,0.0,1.0,0.0,50.66666666666667,-0.01916844529410194,-0.01916844529410194,5.315218597530665,12,12,6.685250759124756
3,-1.3046674529710696,-0.0015233372648553475,0.36456545756922826,0.0,0.0,0.0,0.0967741935483871,0.0,0.16666666666666666,0.3333333333333333,0.5,0.5035645601347399,0.0,1.0,0.0,49.25,-0.0015233372648553475,-0.0015233372648553475,5.110884202532718,12,12,6.72639799118042
4,-3.0712726761896714,-0.010356363380948357,3.3113279077741833,0.0,0.0,0.0,0.09523809523809523,0.0,0.06666666666666667,0.3333333333333333,0.6,0.5015407710700917,0.0,1.0,0.0,47.95833333333333,-0.01035636338094835,-0.01035636338094835,5.119838297377726,12,12,6.665669202804565
5,3.2880314340194774,0.021440157170097385,3.470802182621426,0.0,0.0,0.0,0.10344827586206896,0.0,0.38461538461538464,0.3076923076923077,0.3076923076923077,0.5020126345503377,0.0,1.0,0.0,45.416666666666664,0.02144015717009739,0.02144015717009739,5.092219658897227,12,12,6.440171003341675
6,-2.806865811347895,-0.009034329056739473,5.8867699146270756,0.0,0.0,0.0,0.10434782608695652,0.0,0.21428571428571427,0.35714285714285715,0.42857142857142855,0.4907050190474062,0.0,1.0,0.0,42.20833333333333,-0.009034329056739508,-0.009034329056739508,5.186024475501471,12,12,6.565828323364258
7,-6.660877337058318,-0.02830438668529159,3.968709831767612,0.0,0.0,0.0,0.10256410256410256,0.0,0.15384615384615385,0.5384615384615384,0.3076923076923077,0.4836716677985775,0.0,1.0,0.0,43.541666666666664,-0.028304386685291654,-0.028304386685291654,5.292962281955883,12,12,6.65467643737793
8,-6.80587846040719,-0.02902939230203595,2.5700003570980496,0.0,0.0,0.0,0.10344827586206896,0.0,0.2857142857142857,0.35714285714285715,0.35714285714285715,0.48231814716321725,0.0,1.0,0.0,35.791666666666664,-0.029029392302035918,-0.029029392302035918,5.798095154260507,12,12,6.551465749740601
9,-1.8875667949516863,-0.0044378339747584315,0.49030429472525916,0.0,0.0,0.0,0.10256410256410256,0.0,0.25,0.5,0.25,0.4884245271293912,0.0,1.0,0.0,34.708333333333336,-0.004437833974758427,-0.004437833974758427,6.172386461097945,12,12,6.43805456161499
10,-10.033278321226371,-0.04516639160613185,6.138192907969157,0.0,0.0,0.0,0.096,0.0,0.375,0.1875,0.4375,0.48916806997576107,0.0,1.0,0.0,35.125,-0.045166391606132165,-0.045166391606132165,6.347431021879331,12,12,6.755556106567383
11,-3.7743476827938642,-0.01387173841396932,0.8523661075366868,0.0,0.0,0.0,0.10084033613445378,0.0,0.23076923076923078,0.6153846153846154,0.15384615384615385,0.47633201304124667,0.0,1.0,0.0,34.708333333333336,-0.013871738413969305,-0.013871738413969305,6.559274527520259,12,12,6.584248781204224
12,-6.069723412394458,-0.02534861706197229,4.274788668420579,0.0,0.0,0.0,0.09836065573770492,0.0,0.26666666666666666,0.6,0.13333333333333333,0.5003680934772516,0.0,1.0,0.0,37.541666666666664,-0.025348617061972646,-0.025348617061972646,6.5352728852079105,12,12,6.63459038734436
13,-4.5499224563439,-0.017749612281719496,1.3715717249446444,0.0,0.0,0.0,0.09523809523809523,0.0,0.16666666666666666,0.5833333333333334,0.25,0.48247788950102405,0.0,1.0,0.0,43.041666666666664,-0.017749612281719496,-0.017749612281719496,5.987791708423445,12,12,6.702916383743286
14,-21.71388601263354,-0.10356943006316771,33.29805139965481,0.0,0.0,0.0,0.1016949152542373,0.0,0.14285714285714285,0.47619047619047616,0.38095238095238093,0.5064966055036833,0.0,1.0,0.0,42.041666666666664,-0.10356943006316817,-0.10356943006316817,6.18597001499067,12,12,6.5925493240356445
15,0.23624104261405243,0.006181205213070262,0.8091006338596344,0.0,0.0,0.0,0.1016949152542373,0.0,0.25,0.4166666666666667,0.3333333333333333,0.5006585135683417,0.0,1.0,0.0,43.666666666666664,0.006181205213070283,0.006181205213070283,5.937159039724319,12,12,6.722390651702881
16,-2.2844767073789507,-0.006422383536894755,0.25056024986422726,0.0,0.0,0.0,0.10084033613445378,0.0,0.07692307692307693,0.6923076923076923,0.23076923076923078,0.49500267626950517,0.0,1.0,0.0,45.458333333333336,-0.00642238353689475,-0.00642238353689475,6.068363329257549,12,12,6.626456260681152
17,-9.902807280421184,-0.04451403640210592,8.201994673411052,0.0,0.0,0.0,0.09917355371900827,0.0,0.06666666666666667,0.4666666666666667,0.4666666666666667,0.516074321102933,0.0,1.0,0.0,45.166666666666664,-0.04451403640210606,-0.04451403640210606,6.137212415010389,12,12,6.669149160385132
18,-1.3965825984874658,-0.001982912992437329,0.24505785449097553,0.0,0.0,0.0,0.10084033613445378,0.0,0.16666666666666666,0.6666666666666666,0.16666666666666666,0.4886689811665565,0.0,1.0,0.0,47.0,-0.001982912992437328,-0.001982912992437328,5.980016686687281,12,12,6.655858039855957
19,-3.5732474724450953,-0.012866237362225476,0.7021239707867305,0.0,0.0,0.0,0.1016949152542373,0.0,0.21428571428571427,0.5,0.2857142857142857,0.4743757122302971,0.0,1.0,0.0,50.458333333333336,-0.01286623736222548,-0.01286623736222548,5.462015153868566,12,12,6.531033754348755
20,-1.1344055086373568,-0.0006720275431867845,0.207294487580657,0.0,0.0,0.0,0.0967741935483871,0.0,0.3333333333333333,0.5833333333333334,0.08333333333333333,0.4887368422160701,0.0,1.0,0.0,50.29166666666667,-0.0006720275431867862,-0.0006720275431867862,5.315352661954415,12,12,6.569100856781006
21,-1.1743660022814357,-0.0008718300114071788,0.3127883949213558,0.0,0.0,0.0,0.10256410256410256,0.0,0.3076923076923077,0.5384615384615384,0.15384615384615385,0.47894584090836967,0.0,1.0,0.0,49.875,-0.0008718300114071768,-0.0008718300114071768,5.036069676497642,12,12,6.466714859008789
22,-0.4921073069174373,0.0025394634654128134,0.020450455384949842,0.0,0.0,0.0,0.10256410256410256,0.0,0.4166666666666667,0.5,0.08333333333333333,0.45317870598364,0.0,1.0,0.0,44.29166666666667,0.0025394634654128134,0.0025394634654128134,5.887808009376552,12,12,6.533888339996338
23,-2.1877187738815236,-0.005938593869407619,0.26974856733447977,0.0,0.0,0.0,0.09836065573770492,0.0,0.15384615384615385,0.7692307692307693,0.07692307692307693,0.44771506916731596,0.0,1.0,0.0,44.83333333333333,-0.005938593869407607,-0.005938593869407607,5.667440359611173,12,12,6.658132791519165
24,-0.24448913584145737,0.003777554320792713,0.02047058656397793,0.0,0.0,0.0,0.09523809523809523,0.0,0.25,0.75,0.0,0.4267405724164564,0.0,1.0,0.0,49.291666666666664,0.0037775543207927125,0.0037775543207927125,5.180507291314827,12,12,6.714224815368652
25,-0.4145060827333995,0.0029274695863330024,0.018802246347897584,0.0,0.0,0.0,0.10084033613445378,0.0,0.25,0.75,0.0,0.4616217565796493,0.0,1.0,0.0,49.625,0.002927469586332994,0.002927469586332994,5.166028009459681,12,12,6.565807819366455
25,-2.5302262355883216,-0.012651131177941609,0.0,0.0,0.0,0.10714285714285714,0.0,0.07791666666666666,0.08958333333333333,0.8325,0.6037439460241252,0.0,1.0,0.0,0.8325,-2.5302262355883216,-2.5302262355883216,0.0,0.0,0.0,Random
25,0.6198921054602375,0.0030994605273011876,0.0,0.0,0.0,0.10526315789473684,0.0,1.0,0.0,0.0,1.0,0.0,1.0,0.0,0.0,0.6198921054602375,0.6198921054602375,0.0,0.0,0.0,Local-Only
25,0.6173495699962682,0.0030867478499813413,0.0,0.0,0.0,0.096,0.0,0.0,1.0,0.0,1.0,0.0,1.0,0.0,0.0,0.6173495699962682,0.6173495699962682,0.0,0.0,0.0,Greedy
26,-0.4665415833393006,0.002667292083303497,0.012038406895266638,0.0,0.0,0.0,0.0967741935483871,0.0,0.16666666666666666,0.8333333333333334,0.0,0.4528073840550981,0.0,1.0,0.0,49.291666666666664,0.0026672920833034895,0.0026672920833034895,5.451152355197924,12,12,6.591416120529175
27,-0.41211069623621965,0.0029394465188189015,0.008301409892737865,0.0,0.0,0.0,0.09230769230769231,0.0,0.0,1.0,0.0,0.45868231418270927,0.0,1.0,0.0,46.416666666666664,0.002939446518818892,0.002939446518818892,5.669045599691746,12,12,6.77039909362793
28,-0.5353472729523259,0.0023232636352383705,0.013125560908681817,0.0,0.0,0.0,0.09836065573770492,0.0,0.0,1.0,0.0,0.4789912736105422,0.0,1.0,0.0,49.583333333333336,0.002323263635238366,0.002323263635238366,5.382582699040424,12,12,6.670987844467163
29,-0.4214980055887797,0.0028925099720561015,0.009899065809117423,0.0,0.0,0.0,0.10256410256410256,0.0,0.0,1.0,0.0,0.46932904600102726,0.0,1.0,0.0,54.833333333333336,0.0028925099720561085,0.0028925099720561085,4.792874664956165,12,12,6.509408235549927
30,-0.4388688852388918,0.002805655573805541,0.012330548506644038,0.0,0.0,0.0,0.10434782608695652,0.0,0.0,1.0,0.0,0.4683650555668282,0.0,1.0,0.0,46.166666666666664,0.002805655573805529,0.002805655573805529,5.8359095606847395,12,12,6.5753138065338135
31,-0.4744917750357859,0.0026275411248210707,0.007237585261464119,0.0,0.0,0.0,0.096,0.0,0.0,1.0,0.0,0.47168250258682143,0.0,1.0,0.0,48.791666666666664,0.0026275411248210647,0.0026275411248210647,5.60253923263676,12,12,6.718578577041626
32,-0.48039617389433276,0.0025980191305283364,0.010384843891693486,0.0,0.0,0.0,0.1,0.0,0.0,1.0,0.0,0.4760668213428774,0.0,1.0,0.0,46.916666666666664,0.0025980191305283286,0.0025980191305283286,5.850460072208958,12,12,6.55561900138855
33,-0.3329140543936985,0.0033354297280315075,0.015202006925311354,0.0,0.0,0.0,0.09836065573770492,0.0,0.0,1.0,0.0,0.4783838839394351,0.0,1.0,0.0,44.04166666666667,0.003335429728031516,0.003335429728031516,6.168654433967342,12,12,6.722279071807861
34,-0.4060100863376538,0.002969949568311731,0.011319450330403116,0.0,0.0,0.0,0.11214953271028037,0.0,0.0,1.0,0.0,0.46975530884228645,0.0,1.0,0.0,43.5,0.0029699495683117288,0.0029699495683117288,6.098848501198561,12,12,6.408820867538452
35,-0.4538546850283227,0.0027307265748583863,0.011160273063513968,0.0,0.0,0.0,0.1016949152542373,0.0,0.0,1.0,0.0,0.46987419173625916,0.0,1.0,0.0,44.375,0.0027307265748583854,0.0027307265748583854,6.30032071424862,12,12,6.680098533630371
36,-0.4693233072757007,0.0026533834636214963,0.011565916116038959,0.0,0.0,0.0,0.0967741935483871,0.0,0.08333333333333333,0.9166666666666666,0.0,0.4762487448750956,0.0,1.0,0.0,46.166666666666664,0.0026533834636214954,0.0026533834636214954,6.095482005074269,12,12,6.613917589187622
37,-0.3511357903479819,0.0032443210482600905,0.01197795934147305,0.0,0.0,0.0,0.10084033613445378,0.0,0.0,1.0,0.0,0.4727797815015462,0.0,1.0,0.0,44.166666666666664,0.0032443210482600905,0.0032443210482600905,6.247145883983496,12,12,6.513802766799927
38,-0.4046986723938878,0.002976506638030561,0.013341176489161121,0.0,0.0,0.0,0.10256410256410256,0.0,0.08333333333333333,0.9166666666666666,0.0,0.4623915396853893,0.0,1.0,0.0,42.75,0.0029765066380305666,0.0029765066380305666,6.558623321997064,12,12,6.483961582183838
39,-0.39586604634913725,0.0030206697682543136,0.013156177807185384,0.0,0.0,0.0,0.0975609756097561,0.0,0.0,1.0,0.0,0.4920539530836201,0.0,1.0,0.0,44.916666666666664,0.003020669768254317,0.003020669768254317,6.658051267567496,12,12,6.747388601303101
40,-0.4865945726632349,0.0025670271366838252,0.006862186392148336,0.0,0.0,0.0,0.1016949152542373,0.0,0.08333333333333333,0.9166666666666666,0.0,0.48367646490766975,0.0,1.0,0.0,50.24999999999999,0.0025670271366838196,0.0025670271366838196,5.952214806282377,12,12,6.550673246383667
41,-0.4818691909312487,0.0025906540453437565,0.010875807826717694,0.0,0.0,0.0,0.10434782608695652,0.0,0.08333333333333333,0.9166666666666666,0.0,0.49359806849388405,0.0,1.0,0.0,47.0,0.0025906540453437543,0.0025906540453437543,6.134810115229267,12,12,6.604454278945923
42,-0.2702196290094945,0.0036489018549525276,0.01431202238632573,0.0,0.0,0.0,0.096,0.0,0.0,1.0,0.0,0.5012657866611456,0.0,1.0,0.0,51.708333333333336,0.0036489018549525315,0.0036489018549525315,5.878110551301405,12,12,6.664469957351685
43,-0.5688458780446928,0.002155770609776536,0.009393546792368094,0.0,0.0,0.0,0.0975609756097561,0.0,0.0,1.0,0.0,0.48643483758360767,0.0,1.0,0.0,53.25,0.0021557706097765344,0.0021557706097765344,5.700180704112893,12,12,6.642423391342163
44,-0.47668500244610346,0.0026165749877694825,0.0036006326062811744,0.0,0.0,0.0,0.1016949152542373,0.0,0.0,1.0,0.0,0.49034532929576624,0.0,1.0,0.0,49.5,0.002616574987769482,0.002616574987769482,6.2080595238454155,12,12,6.536122798919678
45,-0.3407698720692889,0.0032961506396535557,0.0066082489780253835,0.0,0.0,0.0,0.09302325581395349,0.0,0.0,1.0,0.0,0.5138732539478224,0.0,1.0,0.0,56.25,0.003296150639653561,0.003296150639653561,5.4833520755457945,12,12,6.760733366012573
46,-0.4680599619944177,0.0026597001900279115,0.003456336384018262,0.0,0.0,0.0,0.09917355371900827,0.0,0.0,1.0,0.0,0.5139912500096641,0.0,1.0,0.0,57.875,0.0026597001900279106,0.0026597001900279106,5.405957407907619,12,12,6.627093076705933
47,-0.3930996457734992,0.003034501771132504,0.00914357261111339,0.0,0.0,0.0,0.1016949152542373,0.0,0.0,1.0,0.0,0.5057880798046245,0.0,1.0,0.0,50.583333333333336,0.003034501771132507,0.003034501771132507,5.538675838708416,12,12,6.521489143371582
48,-0.23144725461793692,0.0038427637269103153,0.006391170993447303,0.0,0.0,0.0,0.10344827586206896,0.0,0.0,1.0,0.0,0.5087020861332228,0.0,1.0,0.0,51.79166666666667,0.0038427637269103127,0.0038427637269103127,5.548569969241667,12,12,6.472928524017334
49,-0.3650003274281106,0.003174998362859447,0.010991882781187694,0.0,0.0,0.0,0.09523809523809523,0.0,0.0,1.0,0.0,0.5150596133743723,0.0,1.0,0.0,43.833333333333336,0.0031749983628594452,0.0031749983628594452,6.259776301926184,12,12,6.578261375427246
50,-0.43912105013919533,0.0028043947493040233,0.01165370059510072,0.0,0.0,0.0,0.10526315789473684,0.0,0.0,1.0,0.0,0.5135945547554487,0.0,1.0,0.0,40.875,0.0028043947493040142,0.0028043947493040142,6.622790550557366,12,12,6.492650747299194
50,-0.8537888874609578,-0.004268944437304789,0.0,0.0,0.0,0.10084033613445378,0.0,0.07541666666666667,0.08625,0.8383333333333334,0.5959132955695031,0.0,1.0,0.0,0.8383333333333334,-0.8537888874609578,-0.8537888874609578,0.0,0.0,0.0,Random
50,0.523556321859431,0.0026177816092971553,0.0,0.0,0.0,0.1016949152542373,0.0,1.0,0.0,0.0,1.0,0.0,1.0,0.0,0.0,0.523556321859431,0.523556321859431,0.0,0.0,0.0,Local-Only
50,0.5311572055022629,0.0026557860275113142,0.0,0.0,0.0,0.10256410256410256,0.0,0.0,1.0,0.0,1.0,0.0,1.0,0.0,0.0,0.5311572055022629,0.5311572055022629,0.0,0.0,0.0,Greedy
51,-0.39838081598274855,0.0030080959200862573,0.010904027066297001,0.0,0.0,0.0,0.096,0.0,0.0,1.0,0.0,0.5096549203561154,0.0,1.0,0.0,44.208333333333336,0.003008095920086263,0.003008095920086263,6.389932549495904,12,12,6.65932035446167
52,0.2633583893379292,0.006316791946689646,0.5068776312801573,0.0,0.0,0.0,0.096,0.0,0.08333333333333333,0.75,0.16666666666666666,0.5259392860463898,0.0,1.0,0.0,42.833333333333336,0.006316791946689646,0.006316791946689646,6.428732903314884,12,12,6.618110656738281
53,-0.6752253025769479,0.0016238734871152607,1.4170273496045007,0.0,0.0,0.0,0.1016949152542373,0.0,0.0,0.7692307692307693,0.23076923076923078,0.512670304828013,0.0,1.0,0.0,46.916666666666664,0.0016238734871152631,0.0016238734871152631,5.7873167477889425,12,12,6.570867300033569
54,-0.35061646004510794,0.0032469176997744604,0.012566346385412746,0.0,0.0,0.0,0.10714285714285714,0.0,0.08333333333333333,0.9166666666666666,0.0,0.5327714997487298,0.0,1.0,0.0,44.79166666666667,0.003246917699774462,0.003246917699774462,5.946001845516774,12,12,6.612658262252808
55,-0.46441041926535676,0.002677947903673216,0.006607186732192834,0.0,0.0,0.0,0.09523809523809523,0.0,0.08333333333333333,0.9166666666666666,0.0,0.5399683854814309,0.0,1.0,0.0,47.458333333333336,0.0026779479036732096,0.0026779479036732096,5.380768909555871,12,12,6.621521472930908
56,-0.4330438971518774,0.002834780514240613,0.008805498170355955,0.0,0.0,0.0,0.09836065573770492,0.0,0.08333333333333333,0.9166666666666666,0.0,0.5213561286288314,0.0,1.0,0.0,54.91666666666667,0.00283478051424062,0.00283478051424062,5.031392088131069,12,12,6.571148872375488
57,-0.20014997323347017,0.003999250133832649,0.009716093333231078,0.0,0.0,0.0,0.10619469026548672,0.0,0.0,0.9166666666666666,0.08333333333333333,0.522456159585466,0.0,1.0,0.0,55.875,0.003999250133832651,0.003999250133832651,5.036108068680206,12,12,6.423953294754028
58,-0.3026225641369116,0.003486887179315442,0.014645729006992446,0.0,0.0,0.0,0.10434782608695652,0.0,0.0,1.0,0.0,0.516445909855344,0.0,1.0,0.0,53.583333333333336,0.0034868871793154455,0.0034868871793154455,5.393086776278976,12,12,6.544302940368652
59,-0.4712347288925738,0.002643826355537131,0.010399370040330622,0.0,0.0,0.0,0.10256410256410256,0.0,0.0,1.0,0.0,0.5186711550092635,0.0,1.0,0.0,52.75,0.0026438263555371346,0.0026438263555371346,5.2235229256048115,12,12,6.620723724365234
60,-0.4386489689349422,0.002806755155325289,0.00772908123003112,0.0,0.0,0.0,0.1016949152542373,0.0,0.08333333333333333,0.9166666666666666,0.0,0.5019939824368339,0.0,1.0,0.0,48.375,0.002806755155325291,0.002806755155325291,5.468715312424627,12,12,6.550703287124634
61,-0.41423356533043676,0.0029288321733478163,0.007812967234187656,0.0,0.0,0.0,0.10256410256410256,0.0,0.0,1.0,0.0,0.4924643442713811,0.0,1.0,0.0,54.75,0.002928832173347829,0.002928832173347829,4.9539287928542866,12,12,6.511525869369507
62,-0.48725836972388525,0.002563708151380574,0.00998091645952728,0.0,0.0,0.0,0.1016949152542373,0.0,0.08333333333333333,0.9166666666666666,0.0,0.4896180441203372,0.0,1.0,0.0,56.833333333333336,0.0025637081513805765,0.0025637081513805765,5.105086467393081,12,12,6.536930084228516
63,-0.30561346312356674,0.0034719326843821664,0.008906346062819164,0.0,0.0,0.0,0.10619469026548672,0.0,0.0,1.0,0.0,0.49125814498208153,0.0,1.0,0.0,59.833333333333336,0.0034719326843821573,0.0034719326843821573,4.740349176048132,12,12,6.525907754898071
64,-4.172170793016681,-0.015860853965083403,1.1815624038378398,0.0,0.0,0.0,0.1016949152542373,0.0,0.0,0.9166666666666666,0.08333333333333333,0.49712673704954796,0.0,1.0,0.0,52.166666666666664,-0.015860853965083403,-0.015860853965083403,4.81079843111036,12,12,6.532719373703003
65,-0.354419459899195,0.003227902700504025,0.008429596883555253,0.0,0.0,0.0,0.09836065573770492,0.0,0.0,1.0,0.0,0.4944853971117603,0.0,1.0,0.0,50.79166666666667,0.0032279027005040224,0.0032279027005040224,4.8374071461961625,12,12,6.610307931900024
66,-0.5400444914896565,0.0022997775425517178,0.011716635090609391,0.0,0.0,0.0,0.1,0.0,0.0,1.0,0.0,0.5079341050982475,0.0,1.0,0.0,50.708333333333336,0.0022997775425517143,0.0022997775425517143,5.155919621854582,12,12,6.569688320159912
67,-0.31847372402740204,0.00340763137986299,0.014039915117124716,0.0,0.0,0.0,0.09375,0.0,0.0,1.0,0.0,0.49672223710493807,0.0,1.0,0.0,52.166666666666664,0.003407631379862981,0.003407631379862981,4.7271432986244,12,12,6.705057621002197
68,-0.5685938994089048,0.0021570305029554758,0.00963285660578145,0.0,0.0,0.0,0.096,0.0,0.0,1.0,0.0,0.4972795496188337,0.0,1.0,0.0,57.62500000000001,0.002157030502955475,0.002157030502955475,4.493841613689491,12,12,6.638556241989136
69,-0.4616404548286681,0.0026917977258566596,0.010982654905981487,0.0,0.0,0.0,0.09448818897637795,0.0,0.0,1.0,0.0,0.5202581080322367,0.0,1.0,0.0,54.625,0.002691797725856659,0.002691797725856659,4.586638012948569,12,12,6.654944658279419
70,-0.4259172181287698,0.0028704139093561508,0.01058180992388063,0.0,0.0,0.0,0.0916030534351145,0.0,0.0,1.0,0.0,0.5291450004209765,0.0,1.0,0.0,57.04166666666667,0.0028704139093561547,0.0028704139093561547,4.296818107548637,12,12,6.780398845672607
71,-0.4848456482091831,0.0025757717589540846,0.011727984497944514,0.0,0.0,0.0,0.096,0.0,0.0,1.0,0.0,0.5432897468012137,0.0,1.0,0.0,58.12500000000001,0.0025757717589540863,0.0025757717589540863,4.515228215576157,12,12,6.76067328453064
72,-0.3511414776245032,0.0032442926118774838,0.013408251831101047,0.0,0.0,0.0,0.10084033613445378,0.0,0.0,1.0,0.0,0.5313817721228892,0.0,1.0,0.0,58.04166666666667,0.003244292611877479,0.003244292611877479,4.623513958554925,12,12,6.565487623214722
73,-0.14885985354575537,0.004255700732271223,0.014076472570498785,0.0,0.0,0.0,0.10344827586206896,0.0,0.0,1.0,0.0,0.5393868713329236,0.0,1.0,0.0,60.333333333333336,0.0042557007322712335,0.0042557007322712335,4.22290985976855,12,12,6.494405508041382
74,-0.43042601148280346,0.0028478699425859826,0.012024270784523752,0.0,0.0,0.0,0.0975609756097561,0.0,0.0,1.0,0.0,0.5669217062966587,0.0,1.0,0.0,58.166666666666664,0.002847869942585983,0.002847869942585983,4.495716805632959,12,12,6.690357208251953
75,-0.2969693243502841,0.0035151533782485796,0.011255861756702264,0.0,0.0,0.0,0.10619469026548672,0.0,0.0,1.0,0.0,0.5572155553180104,0.0,1.0,0.0,59.875,0.003515153378248571,0.003515153378248571,4.203823994820825,12,12,6.480156660079956
75,-17.661373794078738,-0.08830686897039369,0.0,0.0,0.0,0.10344827586206896,0.0,0.07958333333333334,0.07541666666666667,0.845,0.6096000993409696,0.0,1.0,0.0,0.845,-17.661373794078738,-17.661373794078738,0.0,0.0,0.0,Random
75,0.7129527131717124,0.0035647635658585617,0.0,0.0,0.0,0.1016949152542373,0.0,1.0,0.0,0.0,1.0,0.0,1.0,0.0,0.0,0.7129527131717124,0.7129527131717124,0.0,0.0,0.0,Local-Only
75,0.732697869340647,0.003663489346703235,0.0,0.0,0.0,0.10434782608695652,0.0,0.0,1.0,0.0,1.0,0.0,1.0,0.0,0.0,0.732697869340647,0.732697869340647,0.0,0.0,0.0,Greedy
76,-0.49978289504838846,0.002501085524758058,0.00988994472556644,0.0,0.0,0.0,0.0975609756097561,0.0,0.0,1.0,0.0,0.5798478724008116,0.0,1.0,0.0,57.375,0.0025010855247580587,0.0025010855247580587,4.399372518344613,12,12,6.606461524963379
77,-0.4565736502408271,0.0027171317487958645,0.018997892530428037,0.0,0.0,0.0,0.09523809523809523,0.0,0.0,0.9166666666666666,0.08333333333333333,0.5652981782425195,0.0,1.0,0.0,62.875,0.0027171317487958645,0.0027171317487958645,4.175446843323187,12,12,6.786658763885498
78,-0.5101520419120071,0.0024492397904399645,0.010320401502152283,0.0,0.0,0.0,0.096,0.0,0.0,1.0,0.0,0.5814935136671799,0.0,1.0,0.0,58.958333333333336,0.0024492397904399606,0.0024492397904399606,4.540810002245848,12,12,6.65682053565979
79,-0.5240492125351506,0.002379753937324247,0.009847965381211705,0.0,0.0,0.0,0.1,0.0,0.0,1.0,0.0,0.5758111117710359,0.0,1.0,0.0,61.875,0.002379753937324244,0.002379753937324244,4.4502097389923945,12,12,6.5132105350494385
80,-0.38457404573751364,0.003077129771312432,0.006364854714936681,0.0,0.0,0.0,0.09917355371900827,0.0,0.0,0.9166666666666666,0.08333333333333333,0.5562992298874694,0.0,1.0,0.0,60.875,0.003077129771312433,0.003077129771312433,4.540992825135448,12,12,6.562891244888306
81,-0.4724136342604257,0.0026379318286978717,0.010271808318793773,0.0,0.0,0.0,0.09230769230769231,0.0,0.08333333333333333,0.9166666666666666,0.0,0.5856982160033658,0.0,1.0,0.0,59.12500000000001,0.0026379318286978786,0.0026379318286978786,4.6803117837032175,12,12,6.676728010177612
82,-0.32241134345524225,0.003387943282723789,0.01071317262119717,0.0,0.0,0.0,0.0975609756097561,0.0,0.0,1.0,0.0,0.5929023045254871,0.0,1.0,0.0,62.20833333333333,0.003387943282723783,0.003387943282723783,4.122868861710236,12,12,6.665055513381958
83,-0.5782076815763398,0.002108961592118301,0.0091265804030829,0.0,0.0,0.0,0.09448818897637795,0.0,0.0,1.0,0.0,0.5671217043170085,0.0,1.0,0.0,56.791666666666664,0.0021089615921183013,0.0021089615921183013,4.653773254176027,12,12,6.674476861953735
84,-11.498586143056484,-0.05249293071528242,6.214624908897612,0.0,0.0,0.0,0.11214953271028037,0.0,0.0,0.9375,0.0625,0.5285566761744364,0.0,1.0,0.0,59.62499999999999,-0.05249293071528279,-0.05249293071528279,4.57798457700338,12,12,6.420563459396362
85,-0.4568626830974504,0.0027156865845127482,0.04773997813463211,0.0,0.0,0.0,0.10434782608695652,0.0,0.0,1.0,0.0,0.5524965849130725,0.0,1.0,0.0,59.916666666666664,0.0027156865845127474,0.0027156865845127474,4.141292181368622,12,12,6.516495704650879
86,-0.053810114661781316,0.004730949426691094,0.030208057247930103,0.0,0.0,0.0,0.10434782608695652,0.0,0.0,0.9166666666666666,0.08333333333333333,0.5427718958289673,0.0,1.0,0.0,61.375,0.004730949426691093,0.004730949426691093,3.9311403271001146,12,12,6.55408501625061
87,-0.2822020004192278,0.003588989997903861,0.013588885259297159,0.0,0.0,0.0,0.1,0.0,0.0,1.0,0.0,0.5467320123722311,0.0,1.0,0.0,60.958333333333336,0.003588989997903862,0.003588989997903862,4.221942820021731,12,12,6.586154937744141
88,-0.47022543599201194,0.0026488728200399405,0.012275294380055533,0.0,0.0,0.0,0.11009174311926606,0.0,0.0,1.0,0.0,0.5288180222699884,0.0,1.0,0.0,60.16666666666667,0.002648872820039946,0.002648872820039946,4.4483298359040555,12,12,6.393325328826904
89,-0.39592309296124295,0.003020384535193785,0.008582244896226459,0.0,0.0,0.0,0.1,0.0,0.0,1.0,0.0,0.523352925478636,0.0,1.0,0.0,58.54166666666667,0.003020384535193799,0.003020384535193799,4.630815405810735,12,12,6.689123868942261
90,-0.38148327171795393,0.0030925836414102304,0.010885445401072502,0.0,0.0,0.0,0.096,0.0,0.0,1.0,0.0,0.5420146083156578,0.0,1.0,0.0,61.20833333333333,0.003092583641410229,0.003092583641410229,4.433578764320602,12,12,6.723033666610718
91,-0.3746257325012764,0.003126871337493618,0.012462897619439497,0.0,0.0,0.0,0.10344827586206896,0.0,0.0,1.0,0.0,0.5100211299148699,0.0,1.0,0.0,66.875,0.0031268713374936158,0.0031268713374936158,3.8940751072123456,12,12,6.608194589614868
92,-0.3882045646507819,0.0030589771767460905,0.011721975915133954,0.0,0.0,0.0,0.096,0.0,0.0,1.0,0.0,0.556034988508715,0.0,1.0,0.0,65.08333333333334,0.0030589771767460874,0.0030589771767460874,4.1661905988851755,12,12,6.665724992752075
93,-0.2907264580328527,0.0035463677098357366,0.014460219649804963,0.0,0.0,0.0,0.10256410256410256,0.0,0.0,1.0,0.0,0.53202350772374,0.0,1.0,0.0,66.79166666666667,0.003546367709835728,0.003546367709835728,4.022664278223806,12,12,6.515485525131226
94,-0.3331070741016945,0.0033344646294915276,0.011952861812379626,0.0,0.0,0.0,0.0975609756097561,0.0,0.0,1.0,0.0,0.5464957757348505,0.0,1.0,0.0,69.83333333333334,0.003334464629491525,0.003334464629491525,3.8736056974779736,12,12,6.618761301040649
95,-0.4512439767518931,0.0027437801162405345,0.008195683649844594,0.0,0.0,0.0,0.1016949152542373,0.0,0.0,1.0,0.0,0.5195162203151267,0.0,1.0,0.0,71.29166666666666,0.0027437801162405392,0.0027437801162405392,3.851635852868802,12,12,6.496717929840088
96,-0.22806983192754537,0.0038596508403622733,0.012405377936859925,0.0,0.0,0.0,0.09836065573770492,0.0,0.0,1.0,0.0,0.5408945557358674,0.0,1.0,0.0,70.79166666666666,0.003859650840362268,0.003859650840362268,4.01340552987207,12,12,6.683755397796631
97,-0.5101916790007828,0.0024490416049960865,0.010033886155320538,0.0,0.0,0.0,0.09917355371900827,0.0,0.0,1.0,0.0,0.5497704723943024,0.0,1.0,0.0,65.08333333333334,0.0024490416049960826,0.0024490416049960826,4.62357346425834,12,12,6.626733064651489
98,-0.38623088101538794,0.00306884559492306,0.007133025613923868,0.0,0.0,0.0,0.09448818897637795,0.0,0.0,1.0,0.0,0.5672326661937405,0.0,1.0,0.0,63.87500000000001,0.0030688455949230567,0.0030688455949230567,4.3226801562462684,12,12,6.678577184677124
99,-0.2847543458143157,0.0035762282709284215,0.008411553067465624,0.0,0.0,0.0,0.096,0.0,0.0,1.0,0.0,0.5706484920531512,0.0,1.0,0.0,67.45833333333333,0.00357622827092842,0.00357622827092842,4.248729174349523,12,12,6.7503662109375
100,-0.48154542595140837,0.002592272870242958,0.009929486757351292,0.0,0.0,0.0,0.10714285714285714,0.0,0.0,1.0,0.0,0.5580505387795468,0.0,1.0,0.0,67.33333333333333,0.002592272870242951,0.002592272870242951,4.548255403475533,12,12,6.379059553146362
100,-6.5611884444951265,-0.03280594222247563,0.0,0.0,0.0,0.1,0.0,0.08791666666666667,0.06875,0.8433333333333334,0.6006356836096339,0.0,1.0,0.0,0.8433333333333334,-6.5611884444951265,-6.5611884444951265,0.0,0.0,0.0,Random
100,0.6058159470558876,0.003029079735279438,0.0,0.0,0.0,0.1,0.0,1.0,0.0,0.0,1.0,0.0,1.0,0.0,0.0,0.6058159470558876,0.6058159470558876,0.0,0.0,0.0,Local-Only
100,0.6309345861276714,0.003154672930638357,0.0,0.0,0.0,0.09448818897637795,0.0,0.0,1.0,0.0,1.0,0.0,1.0,0.0,0.0,0.6309345861276714,0.6309345861276714,0.0,0.0,0.0,Greedy
101,-0.2642898609240151,0.0036785506953799247,0.010040792636573315,0.0,0.0,0.0,0.10256410256410256,0.0,0.0,1.0,0.0,0.5536794549174374,0.0,1.0,0.0,75.29166666666667,0.0036785506953799325,0.0036785506953799325,3.639128145901011,12,12,6.502607107162476
102,-0.40575172503782164,0.002971241374810892,0.011202286577059163,0.0,0.0,0.0,0.09375,0.0,0.0,1.0,0.0,0.5527167694086287,0.0,1.0,0.0,75.08333333333333,0.0029712413748108923,0.0029712413748108923,3.5342401900245988,12,12,6.631368637084961
103,-0.4243743518987565,0.0028781282405062176,0.012423369660973549,0.0,0.0,0.0,0.11009174311926606,0.0,0.0,1.0,0.0,0.5178274609008804,0.0,1.0,0.0,76.16666666666667,0.0028781282405062098,0.0028781282405062098,3.5385778500267695,12,12,6.368589639663696
104,-0.5016289005676196,0.002491855497161902,0.011758622920347584,0.0,0.0,0.0,0.10714285714285714,0.0,0.0,1.0,0.0,0.5243333938679037,0.0,1.0,0.0,78.33333333333333,0.0024918554971619026,0.0024918554971619026,3.5826220685201475,12,12,6.373192310333252
105,-2.3577225506304984,-0.006788612753152491,0.8118286404344771,0.0,0.0,0.0,0.09523809523809523,0.0,0.0,0.9166666666666666,0.08333333333333333,0.5236544206637579,0.0,1.0,0.0,78.20833333333333,-0.006788612753152494,-0.006788612753152494,3.4947451843725896,12,12,6.627317428588867
106,-0.3767477571963561,0.0031162612140182193,0.009612824540171358,0.0,0.0,0.0,0.09523809523809523,0.0,0.0,1.0,0.0,0.5182348532724427,0.0,1.0,0.0,73.70833333333333,0.0031162612140182237,0.0031162612140182237,3.662877190499614,12,12,6.681140661239624
107,-0.41862508654587316,0.0029068745672706344,0.012686694185766909,0.0,0.0,0.0,0.10256410256410256,0.0,0.0,1.0,0.0,0.5231043941768196,0.0,1.0,0.0,75.79166666666667,0.0029068745672706335,0.0029068745672706335,3.6920411481742765,12,12,6.501657962799072
108,-0.504277482628751,0.002478612586856245,0.010887567098769877,0.0,0.0,0.0,0.09836065573770492,0.0,0.0,1.0,0.0,0.5170016971106816,0.0,1.0,0.0,73.33333333333333,0.002478612586856243,0.002478612586856243,3.659803392898216,12,12,6.717215299606323
109,-0.32165314753843177,0.0033917342623078412,0.009060441992349094,0.0,0.0,0.0,0.09917355371900827,0.0,0.08333333333333333,0.9166666666666666,0.0,0.5272104236231341,0.0,1.0,0.0,73.5,0.0033917342623078395,0.0033917342623078395,3.366415948452452,12,12,6.50891637802124
110,-0.3901772797106977,0.0030491136014465115,0.010909283099075158,0.0,0.0,0.0,0.1016949152542373,0.0,0.0,1.0,0.0,0.5425321725340715,0.0,1.0,0.0,76.45833333333333,0.0030491136014465076,0.0030491136014465076,3.2932620454404753,12,12,6.4951276779174805
111,-0.40356778601798216,0.002982161069910089,0.005277026527457767,0.0,0.0,0.0,0.09917355371900827,0.0,0.0,1.0,0.0,0.5392797989114964,0.0,1.0,0.0,78.66666666666666,0.002982161069910087,0.002982161069910087,3.258789432776597,12,12,6.4944469928741455
112,-7.008183976014385,-0.030040919880071924,8.612855916553073,0.0,0.0,0.0,0.1,0.0,0.0,0.75,0.25,0.5358133246283978,0.0,1.0,0.0,80.91666666666667,-0.03004091988007211,-0.03004091988007211,3.164083357751815,12,12,6.641841650009155
113,-0.41955618560307184,0.0029022190719846406,0.058087440931962595,0.0,0.0,0.0,0.09375,0.0,0.0,1.0,0.0,0.5301960041983208,0.0,1.0,0.0,79.20833333333334,0.0029022190719846467,0.0029022190719846467,3.3672139478837435,12,12,6.768254041671753
114,-0.3382876366376172,0.003308561816811914,0.013219724740419122,0.0,0.0,0.0,0.09448818897637795,0.0,0.0,1.0,0.0,0.5211344763221374,0.0,1.0,0.0,79.875,0.0033085618168119165,0.0033085618168119165,3.3108267501067106,12,12,6.614242076873779
115,-0.45463272432479185,0.002726836378376041,0.011070661929746468,0.0,0.0,0.0,0.10084033613445378,0.0,0.0,1.0,0.0,0.5217179332064309,0.0,1.0,0.0,79.25,0.0027268363783760443,0.0027268363783760443,3.485329777442023,12,12,6.5837931632995605
116,-0.29175638904167,0.00354121805479165,0.011510179709229204,0.0,0.0,0.0,0.10256410256410256,0.0,0.0,1.0,0.0,0.5244836655980908,0.0,1.0,0.0,77.79166666666667,0.0035412180547916452,0.0035412180547916452,3.4705605120403815,12,12,6.586376428604126
117,-0.4163891921440068,0.002918054039279966,0.011052691357003317,0.0,0.0,0.0,0.09523809523809523,0.0,0.0,1.0,0.0,0.5251384890203674,0.0,1.0,0.0,79.5,0.0029180540392799753,0.0029180540392799753,3.2311400098631844,12,12,6.699355125427246
118,-0.3732023735840423,0.0031339881320797884,0.005436525990565618,0.0,0.0,0.0,0.10084033613445378,0.0,0.0,1.0,0.0,0.531711113951169,0.0,1.0,0.0,80.04166666666667,0.0031339881320797975,0.0031339881320797975,3.314084368103888,12,12,6.608758926391602
119,-0.4399443020422543,0.0028002784897887285,0.00855581412712733,0.0,0.0,0.0,0.1016949152542373,0.0,0.0,1.0,0.0,0.5331202877407971,0.0,1.0,0.0,78.70833333333334,0.0028002784897887285,0.0028002784897887285,3.323838218413285,12,12,6.693603754043579
120,-0.38801782826575604,0.00305991085867122,0.011440136428508494,0.0,0.0,0.0,0.0975609756097561,0.0,0.0,1.0,0.0,0.5360113243184362,0.0,1.0,0.0,81.16666666666667,0.003059910858671226,0.003059910858671226,3.1548982196547337,12,12,6.717233419418335
121,-0.42663048704457984,0.0028668475647771006,0.008501776597566076,0.0,0.0,0.0,0.1,0.0,0.0,1.0,0.0,0.5336801223899238,0.0,1.0,0.0,77.54166666666666,0.002866847564777094,0.002866847564777094,3.150558306637115,12,12,6.54721474647522
122,-0.49109025299541986,0.002544548735022901,0.013980713217622703,0.0,0.0,0.0,0.0967741935483871,0.0,0.0,1.0,0.0,0.5305196376424283,0.0,1.0,0.0,78.54166666666667,0.0025445487350229,0.0025445487350229,3.546583596733215,12,12,6.613094329833984
123,-0.35694846014174486,0.0032152576992912755,0.011899522650572989,0.0,0.0,0.0,0.10084033613445378,0.0,0.0,1.0,0.0,0.5349506706049821,0.0,1.0,0.0,75.04166666666666,0.003215257699291267,0.003215257699291267,3.614245727425838,12,12,6.618378639221191
124,-0.47979045410944,0.0026010477294528002,0.011502225883305073,0.0,0.0,0.0,0.1,0.0,0.0,1.0,0.0,0.5240872796446395,0.0,1.0,0.0,74.5,0.0026010477294528067,0.0026010477294528067,3.6218991320021097,12,12,6.6695027351379395
125,-0.330738993982405,0.003346305030087975,0.015627411235537795,0.0,0.0,0.0,0.09917355371900827,0.0,0.0,1.0,0.0,0.5077743204799481,0.0,1.0,0.0,74.625,0.003346305030087983,0.003346305030087983,3.783353408507193,12,12,6.56011962890625
125,-7.297241876522626,-0.03648620938261313,0.0,0.0,0.0,0.09448818897637795,0.0,0.07041666666666667,0.075,0.8545833333333334,0.6002398123294298,0.0,1.0,0.0,0.8545833333333334,-7.297241876522626,-7.297241876522626,0.0,0.0,0.0,Random
125,0.5802257607381265,0.0029011288036906325,0.0,0.0,0.0,0.1,0.0,1.0,0.0,0.0,1.0,0.0,1.0,0.0,0.0,0.5802257607381265,0.5802257607381265,0.0,0.0,0.0,Local-Only
125,0.5557895203432137,0.0027789476017160684,0.0,0.0,0.0,0.10619469026548672,0.0,0.0,1.0,0.0,1.0,0.0,1.0,0.0,0.0,0.5557895203432137,0.5557895203432137,0.0,0.0,0.0,Greedy
126,-0.25314060101899294,0.0037342969949050353,0.00984496037579245,0.0,0.0,0.0,0.09523809523809523,0.0,0.0,1.0,0.0,0.5046769521237972,0.0,1.0,0.0,78.33333333333333,0.0037342969949050314,0.0037342969949050314,3.330956274676991,12,12,6.705591678619385
127,-0.32904213666908677,0.0033547893166545662,0.008619271839658419,0.0,0.0,0.0,0.096,0.0,0.0,1.0,0.0,0.5086288038974939,0.0,1.0,0.0,79.875,0.0033547893166545597,0.0033547893166545597,3.2647469035317243,12,12,6.692124843597412
128,-0.42280409236741867,0.0028859795381629065,0.010954205277893278,0.0,0.0,0.0,0.1016949152542373,0.0,0.08333333333333333,0.9166666666666666,0.0,0.5062894870666788,0.0,1.0,0.0,80.95833333333333,0.0028859795381629048,0.0028859795381629048,3.1509339137515058,12,12,6.539175271987915
129,-0.37908502916487985,0.0031045748541756006,0.013079924860762225,0.0,0.0,0.0,0.09836065573770492,0.0,0.0,1.0,0.0,0.5174688877173078,0.0,1.0,0.0,79.375,0.003104574854175605,0.003104574854175605,3.184088246815692,12,12,6.66818904876709
130,-0.41177934408180583,0.0029411032795909706,0.011978942962984244,0.0,0.0,0.0,0.1,0.0,0.0,1.0,0.0,0.5322402487408059,0.0,1.0,0.0,80.33333333333333,0.002941103279590962,0.002941103279590962,3.433242345963602,12,12,6.586787700653076
131,-0.3987759699423392,0.003006120150288304,0.013032995019521978,0.0,0.0,0.0,0.10256410256410256,0.0,0.0,1.0,0.0,0.5321354583699334,0.0,1.0,0.0,79.08333333333334,0.003006120150288302,0.003006120150288302,3.376090350949354,12,12,6.569315433502197
132,-0.3958935141562685,0.0030205324292186574,0.009409991858734024,0.0,0.0,0.0,0.10084033613445378,0.0,0.0,1.0,0.0,0.5343458314562061,0.0,1.0,0.0,82.54166666666667,0.0030205324292186483,0.0030205324292186483,3.1155995517431947,12,12,6.5186991691589355
133,-0.42562691867344216,0.0028718654066327894,0.013436315519114336,0.0,0.0,0.0,0.10344827586206896,0.0,0.0,1.0,0.0,0.5024614592532938,0.0,1.0,0.0,82.5,0.002871865406632779,0.002871865406632779,3.108336313296466,12,12,6.546756982803345
134,-0.44688906272245343,0.002765554686387733,0.01443458642396662,0.0,0.0,0.0,0.1016949152542373,0.0,0.0,1.0,0.0,0.5114808982372051,0.0,1.0,0.0,81.41666666666667,0.002765554686387735,0.002765554686387735,3.241384554640545,12,12,6.573076248168945
135,-0.35601055622094024,0.003219947218895299,0.006116894798146354,0.0,0.0,0.0,0.0916030534351145,0.0,0.0,1.0,0.0,0.49316521155104664,0.0,1.0,0.0,83.625,0.0032199472188953137,0.0032199472188953137,3.0311297034063047,12,12,6.86593222618103
136,-0.37540908654523764,0.003122954567273812,0.007403558616836866,0.0,0.0,0.0,0.0967741935483871,0.0,0.0,1.0,0.0,0.4983909472007266,0.0,1.0,0.0,82.25,0.0031229545672738137,0.0031229545672738137,2.981809698372854,12,12,6.8034162521362305
137,-0.3883505960304816,0.003058247019847592,0.011014223823116885,0.0,0.0,0.0,0.0967741935483871,0.0,0.0,1.0,0.0,0.48503256632500175,0.0,1.0,0.0,80.08333333333333,0.0030582470198475893,0.0030582470198475893,3.3426285577329575,12,12,6.524730920791626
138,-0.4106576095024015,0.0029467119524879924,0.010374179006450705,0.0,0.0,0.0,0.1016949152542373,0.0,0.0,1.0,0.0,0.49397224564376907,0.0,1.0,0.0,82.45833333333333,0.0029467119524879833,0.0029467119524879833,3.386011717281347,12,12,6.588624477386475
139,-0.2643934239943103,0.0036780328800284485,0.012621369171473716,0.0,0.0,0.0,0.1,0.0,0.0,1.0,0.0,0.4935514290941258,0.0,1.0,0.0,83.25,0.003678032880028443,0.003678032880028443,3.0699111291524193,12,12,6.6153645515441895
140,-0.45446923375122805,0.00272765383124386,0.013035629524124993,0.0,0.0,0.0,0.09375,0.0,0.0,1.0,0.0,0.4974506926656856,0.0,1.0,0.0,85.0,0.00272765383124387,0.00272765383124387,3.066034804045544,12,12,6.736805438995361
141,-0.3514714141686037,0.0032426429291569814,0.007975737564265728,0.0,0.0,0.0,0.09836065573770492,0.0,0.0,1.0,0.0,0.506405109000237,0.0,1.0,0.0,81.79166666666666,0.0032426429291569784,0.0032426429291569784,3.315127909824664,12,12,6.602411270141602
142,-0.3679350366194324,0.003160324816902838,0.010853781861563523,0.0,0.0,0.0,0.0975609756097561,0.0,0.0,1.0,0.0,0.5002603165009835,0.0,1.0,0.0,83.66666666666667,0.0031603248169028344,0.0031603248169028344,3.36011837020407,12,12,6.554620265960693
143,-0.33086447417729103,0.0033456776291135447,0.012058690397275819,0.0,0.0,0.0,0.10434782608695652,0.0,0.0,1.0,0.0,0.5254418745217845,0.0,1.0,0.0,81.0,0.0033456776291135534,0.0033456776291135534,3.3084470096128054,12,12,6.448980093002319
144,-0.3816747268040269,0.0030916263659798654,0.011753408507340484,0.0,0.0,0.0,0.1,0.0,0.0,1.0,0.0,0.508014520611614,0.0,1.0,0.0,84.95833333333334,0.003091626365979868,0.003091626365979868,3.3375431867818555,12,12,6.706477165222168
145,-0.4367145995298316,0.002816427002350842,0.008767610146767564,0.0,0.0,0.0,0.10344827586206896,0.0,0.0,1.0,0.0,0.49335854967163567,0.0,1.0,0.0,83.0,0.002816427002350845,0.002816427002350845,3.3785389834990047,12,12,6.610487222671509
146,-0.33581339816245437,0.003320933009187728,0.009364970276753109,0.0,0.0,0.0,0.0975609756097561,0.0,0.0,1.0,0.0,0.48419498550744416,0.0,1.0,0.0,81.75,0.0033209330091877355,0.0033209330091877355,3.4182615604346878,12,12,6.729320049285889
147,-0.4082236041624634,0.002958881979187683,0.012080442781249682,0.0,0.0,0.0,0.09523809523809523,0.0,0.0,1.0,0.0,0.4729590884083882,0.0,1.0,0.0,81.25,0.0029588819791876854,0.0029588819791876854,3.457948362493953,12,12,6.773049354553223
148,-0.30031026403102223,0.0034984486798448886,0.010937728608647982,0.0,0.0,0.0,0.09836065573770492,0.0,0.0,1.0,0.0,0.5003750776994275,0.0,1.0,0.0,80.04166666666667,0.003498448679844896,0.003498448679844896,3.660526714792462,12,12,6.504839897155762
149,-0.31167677044861486,0.003441616147756926,0.013816228032939963,0.0,0.0,0.0,0.09302325581395349,0.0,0.0,1.0,0.0,0.49117078936018516,0.0,1.0,0.0,80.66666666666666,0.003441616147756932,0.003441616147756932,3.612357582958052,12,12,6.699137926101685
150,-0.3970402081806764,0.003014798959096618,0.008915138865510623,0.0,0.0,0.0,0.09836065573770492,0.0,0.0,1.0,0.0,0.5020526526907149,0.0,1.0,0.0,82.0,0.0030147989590966293,0.0030147989590966293,3.2829069951850482,12,12,6.707417249679565
150,-19.972290784120442,-0.09986145392060221,0.0,0.0,0.0,0.09836065573770492,0.0,0.0875,0.06958333333333333,0.8429166666666666,0.6033196078700319,0.0,1.0,0.0,0.8429166666666666,-19.972290784120442,-19.972290784120442,0.0,0.0,0.0,Random
150,0.7722263038159126,0.003861131519079563,0.0,0.0,0.0,0.0967741935483871,0.0,1.0,0.0,0.0,1.0,0.0,1.0,0.0,0.0,0.7722263038159126,0.7722263038159126,0.0,0.0,0.0,Local-Only
150,0.48578766485062397,0.00242893832425312,0.0,0.0,0.0,0.1,0.0,0.0,1.0,0.0,1.0,0.0,1.0,0.0,0.0,0.48578766485062397,0.48578766485062397,0.0,0.0,0.0,Greedy
151,-0.18945059180252577,0.004052747040987371,0.011434474690920777,0.0,0.0,0.0,0.10084033613445378,0.0,0.0,1.0,0.0,0.520733016114779,0.0,1.0,0.0,78.45833333333333,0.004052747040987368,0.004052747040987368,3.668586624341578,12,12,6.472799777984619
152,-0.5907398809988582,0.002046300595005709,0.0078123236075043675,0.0,0.0,0.0,0.1,0.0,0.0,1.0,0.0,0.5294613487952544,0.0,1.0,0.0,80.66666666666666,0.0020463005950057084,0.0020463005950057084,3.578164552243968,12,12,6.792191743850708
153,-0.9514310558636273,0.00024284472068186334,0.10198145475652483,0.0,0.0,0.0,0.10344827586206896,0.0,0.0,0.9166666666666666,0.08333333333333333,0.5357378586269139,0.0,1.0,0.0,76.91666666666667,0.00024284472068186364,0.00024284472068186364,4.226668805738294,12,12,6.525590181350708
154,-0.4102428108453039,0.0029487859457734806,0.007018668928907977,0.0,0.0,0.0,0.0967741935483871,0.0,0.0,1.0,0.0,0.526214628283633,0.0,1.0,0.0,78.41666666666667,0.0029487859457734797,0.0029487859457734797,3.8532399219153843,12,12,6.7260191440582275
155,-0.4447389493385234,0.002776305253307383,0.00879103077782525,0.0,0.0,0.0,0.09090909090909091,0.0,0.0,1.0,0.0,0.5187184312912481,0.0,1.0,0.0,76.95833333333333,0.0027763052533073818,0.0027763052533073818,4.14641180717152,12,12,6.786716938018799
156,-0.3403031180301602,0.003298484409849199,0.012742480801211462,0.0,0.0,0.0,0.10434782608695652,0.0,0.0,1.0,0.0,0.5359247072072079,0.0,1.0,0.0,79.54166666666667,0.0032984844098492045,0.0032984844098492045,3.493450851199594,12,12,6.5228424072265625
157,-0.3451759964226967,0.0032741200178865166,0.011777033305002583,0.0,0.0,0.0,0.09836065573770492,0.0,0.0,1.0,0.0,0.5338247419102118,0.0,1.0,0.0,78.58333333333334,0.0032741200178865166,0.0032741200178865166,3.640652108243698,12,12,6.565576076507568
158,-0.41084911425901494,0.0029457544287049254,0.007325581378406948,0.0,0.0,0.0,0.1016949152542373,0.0,0.0,1.0,0.0,0.5043611014087219,0.0,1.0,0.0,80.625,0.002945754428704935,0.002945754428704935,3.527941544627866,12,12,6.505456209182739
159,-0.5028468966483362,0.0024857655167583193,0.00966803077608347,0.0,0.0,0.0,0.09836065573770492,0.0,0.0,1.0,0.0,0.5001792618651719,0.0,1.0,0.0,76.875,0.00248576551675832,0.00248576551675832,4.138303602208051,12,12,6.605947971343994
160,-0.18846701582265812,0.00405766492088671,0.011995340138673783,0.0,0.0,0.0,0.09230769230769231,0.0,0.0,1.0,0.0,0.5098774362068312,0.0,1.0,0.0,76.41666666666667,0.0040576649208867105,0.0040576649208867105,3.813457687946432,12,12,6.67952561378479
161,-0.38007858892274715,0.003099607055386264,0.007363506551418039,0.0,0.0,0.0,0.10084033613445378,0.0,0.0,1.0,0.0,0.512903188863226,0.0,1.0,0.0,75.20833333333333,0.0030996070553862627,0.0030996070553862627,4.043614759067234,12,12,6.54818058013916
162,-0.47812055548025045,0.002609397222598748,0.009874941760467158,0.0,0.0,0.0,0.09836065573770492,0.0,0.0,1.0,0.0,0.5304690711262325,0.0,1.0,0.0,71.04166666666667,0.002609397222598749,0.002609397222598749,4.202305963139985,12,12,6.570485830307007
163,-0.2215805749097739,0.0038920971254511306,0.008310825874408087,0.0,0.0,0.0,0.1016949152542373,0.0,0.0,1.0,0.0,0.504723642783938,0.0,1.0,0.0,73.29166666666667,0.0038920971254511245,0.0038920971254511245,4.143960534340692,12,12,6.622203350067139
164,-0.4475970417260424,0.002762014791369788,0.009243109573920568,0.0,0.0,0.0,0.09448818897637795,0.0,0.0,1.0,0.0,0.5198801952887637,0.0,1.0,0.0,70.29166666666666,0.0027620147913697936,0.0027620147913697936,4.681319699158221,12,12,6.765419960021973
165,-0.3621879816054582,0.003189060091972709,0.016378798853192066,0.0,0.0,0.0,0.09230769230769231,0.0,0.0,1.0,0.0,0.5147804909048136,0.0,1.0,0.0,71.79166666666667,0.0031890600919727064,0.0031890600919727064,4.2937136414953185,12,12,6.802313804626465
166,-0.5395925392706473,0.0023020373036467634,0.008812274701065487,0.0,0.0,0.0,0.10526315789473684,0.0,0.0,1.0,0.0,0.5128867442797248,0.0,1.0,0.0,70.75,0.0023020373036467608,0.0023020373036467608,4.31267900121322,12,12,6.511830806732178
167,-0.31861013174050135,0.003406949341297493,0.008799700625240802,0.0,0.0,0.0,0.09448818897637795,0.0,0.0,1.0,0.0,0.5068675264029298,0.0,1.0,0.0,73.66666666666667,0.0034069493412975027,0.0034069493412975027,4.013630393301461,12,12,6.686877250671387
168,-0.3829656889040558,0.003085171555479721,0.015223498683836725,0.0,0.0,0.0,0.09375,0.0,0.0,1.0,0.0,0.4967162661941256,0.0,1.0,0.0,72.91666666666666,0.0030851715554797224,0.0030851715554797224,3.9771297674235107,12,12,6.666544437408447
169,-0.5511767019827452,0.002244116490086274,0.0028986212487022082,0.0,0.0,0.0,0.09448818897637795,0.0,0.0,1.0,0.0,0.4881096285727108,0.0,1.0,0.0,75.75,0.002244116490086275,0.002244116490086275,4.110515321742454,12,12,6.627192735671997
170,-0.3686216821272471,0.0031568915893637646,0.009498764450351397,0.0,0.0,0.0,0.10256410256410256,0.0,0.0,1.0,0.0,0.5004498656486976,0.0,1.0,0.0,73.125,0.0031568915893637715,0.0031568915893637715,4.04482383871306,12,12,6.490804195404053
171,-0.33377166589094065,0.003331141670545297,0.006403054772979684,0.0,0.0,0.0,0.09836065573770492,0.0,0.0,1.0,0.0,0.49021238372253717,0.0,1.0,0.0,73.58333333333333,0.003331141670545297,0.003331141670545297,3.8641913771736935,12,12,6.702117443084717
172,-0.3512459595997416,0.003243770202001292,0.012425842508673669,0.0,0.0,0.0,0.10344827586206896,0.0,0.0,1.0,0.0,0.50775715186736,0.0,1.0,0.0,69.625,0.0032437702020012915,0.0032437702020012915,4.323351883925751,12,12,6.531103610992432
173,-0.33853150655818953,0.0033073424672090523,0.008725698105990887,0.0,0.0,0.0,0.09836065573770492,0.0,0.0,1.0,0.0,0.5034309478558134,0.0,1.0,0.0,71.125,0.0033073424672090588,0.0033073424672090588,4.317263418923536,12,12,6.589559078216553
174,-0.4884806871413473,0.0025575965642932637,0.00884294534722964,0.0,0.0,0.0,0.1,0.0,0.0,1.0,0.0,0.48822956257048644,0.0,1.0,0.0,70.08333333333333,0.0025575965642932632,0.0025575965642932632,4.5716496780659615,12,12,6.610155820846558
175,-0.23078166941794565,0.0038460916529102717,0.009270124758283297,0.0,0.0,0.0,0.09302325581395349,0.0,0.0,1.0,0.0,0.4682850299901717,0.0,1.0,0.0,68.04166666666667,0.0038460916529102687,0.0038460916529102687,4.394846360174756,12,12,6.676870346069336
175,-3.679119775692548,-0.01839559887846274,0.0,0.0,0.0,0.10619469026548672,0.0,0.08,0.07333333333333333,0.8466666666666667,0.601917511522597,0.0,1.0,0.0,0.8466666666666667,-3.679119775692548,-3.679119775692548,0.0,0.0,0.0,Random
175,0.6640547762315191,0.0033202738811575956,0.0,0.0,0.0,0.1016949152542373,0.0,1.0,0.0,0.0,1.0,0.0,1.0,0.0,0.0,0.6640547762315191,0.6640547762315191,0.0,0.0,0.0,Local-Only
175,0.6384435296059378,0.0031922176480296887,0.0,0.0,0.0,0.09836065573770492,0.0,0.0,1.0,0.0,1.0,0.0,1.0,0.0,0.0,0.6384435296059378,0.6384435296059378,0.0,0.0,0.0,Greedy
176,-0.5423051714896436,0.002288474142551782,0.007574722295006117,0.0,0.0,0.0,0.096,0.0,0.0,1.0,0.0,0.4643459608238967,0.0,1.0,0.0,70.41666666666667,0.0022884741425517777,0.0022884741425517777,4.669669650487686,12,12,6.642209529876709
177,-0.3154552330572714,0.0034227238347136427,0.014089614525437355,0.0,0.0,0.0,0.10526315789473684,0.0,0.0,1.0,0.0,0.4519467194232857,0.0,1.0,0.0,69.25,0.0034227238347136575,0.0034227238347136575,4.577238300182647,12,12,6.498287677764893
178,-0.48527385791135735,0.0025736307104432133,0.01339565496891737,0.0,0.0,0.0,0.09917355371900827,0.0,0.0,1.0,0.0,0.4318804744128041,0.0,1.0,0.0,71.75,0.0025736307104432168,0.0025736307104432168,4.407881971068763,12,12,6.662186622619629
179,-0.4951718052227566,0.002524140973886217,0.009920401126146316,0.0,0.0,0.0,0.0967741935483871,0.0,0.0,1.0,0.0,0.4688725167065665,0.0,1.0,0.0,76.25,0.0025241409738862093,0.0025241409738862093,4.0231784263151535,12,12,6.630156755447388
180,-0.38708727558446787,0.003064563622077661,0.010464024316105578,0.0,0.0,0.0,0.09523809523809523,0.0,0.0,1.0,0.0,0.4305252632726721,0.0,1.0,0.0,72.95833333333334,0.003064563622077661,0.003064563622077661,4.221465540401451,12,12,6.5783350467681885
181,-0.27023562292250847,0.003648821885387458,0.012080700343681706,0.0,0.0,0.0,0.0975609756097561,0.0,0.0,1.0,0.0,0.42535392665052013,0.0,1.0,0.0,68.08333333333333,0.0036488218853874556,0.0036488218853874556,4.5189406648055295,12,12,6.6190571784973145
182,-0.41678295532855236,0.002916085223357238,0.012480244578586683,0.0,0.0,0.0,0.09230769230769231,0.0,0.0,1.0,0.0,0.4338212217666781,0.0,1.0,0.0,69.83333333333334,0.002916085223357238,0.002916085223357238,4.464791437952401,12,12,6.827569484710693
183,-0.4222335020700372,0.002888832489649814,0.010257785622444417,0.0,0.0,0.0,0.10344827586206896,0.0,0.0,1.0,0.0,0.4226670990941542,0.0,1.0,0.0,72.54166666666667,0.0028888324896498103,0.0028888324896498103,4.276406860294212,12,12,6.490201711654663
184,-0.4668066253264037,0.0026659668733679813,0.009149214915103383,0.0,0.0,0.0,0.10084033613445378,0.0,0.0,1.0,0.0,0.44098327169578017,0.0,1.0,0.0,71.95833333333333,0.002665966873367984,0.002665966873367984,3.9159012448993114,12,12,6.5246052742004395
185,-0.5605749885240483,0.0021971250573797584,0.00983003048847119,0.0,0.0,0.0,0.09448818897637795,0.0,0.0,1.0,0.0,0.44319110610580537,0.0,1.0,0.0,71.625,0.0021971250573797605,0.0021971250573797605,4.485690484355044,12,12,6.70572566986084
186,-0.44351650774471785,0.002782417461276411,0.004930390045046806,0.0,0.0,0.0,0.10810810810810811,0.0,0.0,1.0,0.0,0.43855280722307116,0.0,1.0,0.0,74.25,0.00278241746127641,0.00278241746127641,4.169897337275736,12,12,6.596394777297974
187,-0.4890708476304301,0.0025546457618478495,0.007197000293268098,0.0,0.0,0.0,0.10256410256410256,0.0,0.0,1.0,0.0,0.42397111053355424,0.0,1.0,0.0,75.08333333333333,0.002554645761847851,0.002554645761847851,4.058353625627112,12,12,6.531821250915527
188,-0.6467534204323373,0.0017662328978383139,0.013738564567433463,0.0,0.0,0.0,0.1016949152542373,0.0,0.0,1.0,0.0,0.45969037659815515,0.0,1.0,0.0,76.04166666666666,0.0017662328978383121,0.0017662328978383121,3.9242136222603214,12,12,6.569254159927368
189,-0.3173590799172018,0.003413204600413991,0.0038334578689601688,0.0,0.0,0.0,0.0975609756097561,0.0,0.0,1.0,0.0,0.462202028996835,0.0,1.0,0.0,77.04166666666666,0.0034132046004139954,0.0034132046004139954,3.8404616890693024,12,12,6.55439829826355
190,-0.5618725319702702,0.002190637340148649,0.007264871150255203,0.0,0.0,0.0,0.09917355371900827,0.0,0.0,1.0,0.0,0.4702656866014392,0.0,1.0,0.0,72.54166666666667,0.0021906373401486467,0.0021906373401486467,4.412887335985902,12,12,6.571340084075928
191,-0.1749185820419863,0.004125407089790069,0.010585023504164483,0.0,0.0,0.0,0.09836065573770492,0.0,0.0,1.0,0.0,0.45564371310019247,0.0,1.0,0.0,73.875,0.004125407089790063,0.004125407089790063,4.022319904836527,12,12,6.569671392440796
192,-0.40991898377729286,0.0029504050811135357,0.015684335947864586,0.0,0.0,0.0,0.09836065573770492,0.0,0.0,1.0,0.0,0.4440070185321383,0.0,1.0,0.0,77.16666666666666,0.0029504050811135357,0.0029504050811135357,3.8864536298364314,12,12,6.540578603744507
193,-0.27872238059831356,0.0036063880970084324,0.006960089442630609,0.0,0.0,0.0,0.10619469026548672,0.0,0.0,1.0,0.0,0.43780343712292963,0.0,1.0,0.0,74.45833333333334,0.0036063880970084268,0.0036063880970084268,4.285387747160737,12,12,6.400612831115723
194,-0.36873182654373615,0.0031563408672813193,0.01355301673627562,0.0,0.0,0.0,0.0967741935483871,0.0,0.0,1.0,0.0,0.4171318502899279,0.0,1.0,0.0,74.875,0.0031563408672813154,0.0031563408672813154,4.261738627277556,12,12,6.615381956100464
195,-0.4287058711051228,0.002856470644474386,0.008738013957109715,0.0,0.0,0.0,0.10619469026548672,0.0,0.0,1.0,0.0,0.4182317168505021,0.0,1.0,0.0,77.33333333333333,0.002856470644474385,0.002856470644474385,3.846652876982991,12,12,6.44082498550415
196,-0.41687417527032644,0.002915629123648368,0.013037663967245155,0.0,0.0,0.0,0.10344827586206896,0.0,0.0,1.0,0.0,0.4081144145871925,0.0,1.0,0.0,81.54166666666667,0.0029156291236483636,0.0029156291236483636,3.47474273716629,12,12,6.48822808265686
197,-0.5273310691117528,0.0023633446544412363,0.006572440370089478,0.0,0.0,0.0,0.11428571428571428,0.0,0.0,1.0,0.0,0.40999123385399194,0.0,1.0,0.0,80.08333333333333,0.002363344654441235,0.002363344654441235,3.8022137305420074,12,12,6.308620929718018
198,-0.37071777880184476,0.003146411105990776,0.01098088479290406,0.0,0.0,0.0,0.0975609756097561,0.0,0.0,1.0,0.0,0.3930520023703381,0.0,1.0,0.0,80.25,0.003146411105990765,0.003146411105990765,3.6440006065654553,12,12,6.694023132324219
199,-0.3533545235792086,0.003233227382103957,0.007252543191942904,0.0,0.0,0.0,0.10714285714285714,0.0,0.0,1.0,0.0,0.39441868272949554,0.0,1.0,0.0,79.91666666666667,0.003233227382103958,0.003233227382103958,4.010064487031804,12,12,6.366329669952393
200,-0.4780120253562212,0.002609939873218894,0.026191565973891152,0.0,0.0,0.0,0.10256410256410256,0.0,0.0,0.9166666666666666,0.08333333333333333,0.37199435004278103,0.0,1.0,0.0,77.625,0.0026099398732188925,0.0026099398732188925,3.784748195223864,12,12,6.6030590534210205
200,-19.692123646537414,-0.09846061823268708,0.0,0.0,0.0,0.1016949152542373,0.0,0.08333333333333333,0.06916666666666667,0.8475,0.6032756077756329,0.0,1.0,0.0,0.8475,-19.692123646537414,-19.692123646537414,0.0,0.0,0.0,Random
200,0.6720069795847651,0.003360034897923825,0.0,0.0,0.0,0.0916030534351145,0.0,1.0,0.0,0.0,1.0,0.0,1.0,0.0,0.0,0.6720069795847651,0.6720069795847651,0.0,0.0,0.0,Local-Only
200,0.4023268570503309,0.0020116342852516543,0.0,0.0,0.0,0.1,0.0,0.0,1.0,0.0,1.0,0.0,1.0,0.0,0.0,0.4023268570503309,0.4023268570503309,0.0,0.0,0.0,Greedy
201,-0.3743092318375184,0.0031284538408124078,0.013664366739491621,0.0,0.0,0.0,0.09836065573770492,0.0,0.0,1.0,0.0,0.3387489657748665,0.0,1.0,0.0,81.83333333333334,0.003128453840812403,0.003128453840812403,3.5601097464040055,12,12,6.737926483154297
202,-0.4074383874733528,0.0029628080626332358,0.010672744798163573,0.0,0.0,0.0,0.1,0.0,0.0,1.0,0.0,0.36581542859851957,0.0,1.0,0.0,83.875,0.002962808062633234,0.002962808062633234,3.253799492382617,12,12,6.650227308273315
203,-0.31584067642681724,0.0034207966178659136,0.01056366388996442,0.0,0.0,0.0,0.096,0.0,0.0,1.0,0.0,0.38050780103390025,0.0,1.0,0.0,85.45833333333334,0.00342079661786592,0.00342079661786592,3.118900244416579,12,12,6.611562490463257
204,-0.4928200542926091,0.0025358997285369546,0.010276006431215338,0.0,0.0,0.0,0.1,0.0,0.0,1.0,0.0,0.3584534222105503,0.0,1.0,0.0,84.29166666666667,0.002535899728536961,0.002535899728536961,3.4012770848187404,12,12,6.565250873565674
205,-0.5638072987396796,0.002180963506301602,0.010599877706004514,0.0,0.0,0.0,0.10256410256410256,0.0,0.0,1.0,0.0,0.36110785194124523,0.0,1.0,0.0,85.25,0.0021809635063015998,0.0021809635063015998,3.36936748453571,12,12,6.686035633087158
206,-0.19769768913579744,0.004011511554321012,0.014466192345652315,0.0,0.0,0.0,0.10434782608695652,0.0,0.0,1.0,0.0,0.3696896923996398,0.0,1.0,0.0,85.41666666666666,0.004011511554321011,0.004011511554321011,3.106338703121326,12,12,6.468129634857178
207,-0.43188267449530926,0.0028405866275234538,0.007145938815342055,0.0,0.0,0.0,0.0967741935483871,0.0,0.0,1.0,0.0,0.3853573744610185,0.0,1.0,0.0,85.45833333333334,0.002840586627523459,0.002840586627523459,2.997509271079704,12,12,6.689697742462158
208,-0.4003379096586791,0.0029983104517066045,0.007331866998639372,0.0,0.0,0.0,0.10084033613445378,0.0,0.0,1.0,0.0,0.3807541642706686,0.0,1.0,0.0,83.33333333333334,0.0029983104517066054,0.0029983104517066054,3.1622095724147563,12,12,6.536649703979492
209,-0.26384724676601934,0.0036807637661699032,0.012749977885848945,0.0,0.0,0.0,0.10084033613445378,0.0,0.0,1.0,0.0,0.36826227409736023,0.0,1.0,0.0,84.5,0.003680763766169902,0.003680763766169902,3.1614730142745824,12,12,6.583134889602661
210,-0.3602606654166467,0.0031986966729167666,0.010183693572050996,0.0,0.0,0.0,0.09917355371900827,0.0,0.0,1.0,0.0,0.39816929352249036,0.0,1.0,0.0,85.16666666666667,0.0031986966729167675,0.0031986966729167675,3.0043034035578873,12,12,6.58621072769165
211,-0.42736222098264065,0.002863188895086797,0.011270350259211328,0.0,0.0,0.0,0.10434782608695652,0.0,0.0,1.0,0.0,0.39200064044460303,0.0,1.0,0.0,86.33333333333333,0.002863188895086803,0.002863188895086803,3.18743120452532,12,12,6.543063640594482
212,-0.3248610198497067,0.0033756949007514663,0.012262306465870804,0.0,0.0,0.0,0.10344827586206896,0.0,0.0,1.0,0.0,0.38708257546978225,0.0,1.0,0.0,87.41666666666667,0.0033756949007514685,0.0033756949007514685,3.1014834933004884,12,12,6.491655111312866
213,-0.42587380607915537,0.002870630969604223,0.007991927882863415,0.0,0.0,0.0,0.0975609756097561,0.0,0.0,1.0,0.0,0.38772127744695656,0.0,1.0,0.0,87.0,0.002870630969604212,0.002870630969604212,2.998299468657174,12,12,6.661576747894287
214,-0.4247081379095001,0.0028764593104524993,0.013330121255583234,0.0,0.0,0.0,0.09917355371900827,0.0,0.0,1.0,0.0,0.3856491436610425,0.0,1.0,0.0,86.625,0.002876459310452499,0.002876459310452499,2.606082334380564,12,12,6.6773786544799805
215,-0.48880213002356665,0.002555989349882167,0.011893425240284868,0.0,0.0,0.0,0.096,0.0,0.0,1.0,0.0,0.3856027738211257,0.0,1.0,0.0,86.95833333333334,0.0025559893498821634,0.0025559893498821634,3.3067273725312214,12,12,6.714872598648071
216,-0.43030459185434144,0.0028484770407282926,0.009928190956513087,0.0,0.0,0.0,0.10714285714285714,0.0,0.0,1.0,0.0,0.38908369242594326,0.0,1.0,0.0,85.45833333333334,0.0028484770407282887,0.0028484770407282887,3.3347435464900768,12,12,6.4005372524261475
217,-0.45549448331190023,0.002722527583440499,0.007740330282184813,0.0,0.0,0.0,0.0975609756097561,0.0,0.0,1.0,0.0,0.42382315666618525,0.0,1.0,0.0,87.54166666666666,0.0027225275834405,0.0027225275834405,2.971152237499736,12,12,6.563849449157715
218,-0.22407018641623855,0.003879649067918807,0.008055782069762547,0.0,0.0,0.0,0.10619469026548672,0.0,0.0,1.0,0.0,0.4234539306877802,0.0,1.0,0.0,86.20833333333333,0.0038796490679188127,0.0038796490679188127,3.0035588030095552,12,12,6.517893552780151
219,-0.3955590575932748,0.0030222047120336258,0.006579555715951655,0.0,0.0,0.0,0.1,0.0,0.0,1.0,0.0,0.37949722901734884,0.0,1.0,0.0,86.41666666666666,0.0030222047120336275,0.0030222047120336275,3.1636523580027722,12,12,6.577753782272339
220,-0.42459128797047196,0.00287704356014764,0.00891763067079915,0.0,0.0,0.0,0.10084033613445378,0.0,0.0,1.0,0.0,0.3778285649632744,0.0,1.0,0.0,87.875,0.002877043560147641,0.002877043560147641,3.1421063854415925,12,12,6.505291700363159
221,-0.4281419118244729,0.002859290440877635,0.005206715481148825,0.0,0.0,0.0,0.09917355371900827,0.0,0.0,1.0,0.0,0.39273771978070726,0.0,1.0,0.0,87.91666666666667,0.002859290440877634,0.002859290440877634,2.8542707633113786,12,12,6.511176824569702
222,-0.24006866912040115,0.0037996566543979943,0.012206127556661764,0.0,0.0,0.0,0.09836065573770492,0.0,0.0,1.0,0.0,0.37832099464785035,0.0,1.0,0.0,88.41666666666667,0.0037996566543979995,0.0037996566543979995,2.7184531894662456,12,12,6.615234136581421
223,-0.4230003406603412,0.002884998296698294,0.010630891410013039,0.0,0.0,0.0,0.09375,0.0,0.0,1.0,0.0,0.41285696204412187,0.0,1.0,0.0,85.41666666666666,0.00288499829669829,0.00288499829669829,3.4489454374743227,12,12,6.877669095993042
224,-0.35333110392086464,0.0032333444803956768,0.008830172816912334,0.0,0.0,0.0,0.0967741935483871,0.0,0.0,1.0,0.0,0.39478915813281373,0.0,1.0,0.0,87.79166666666667,0.0032333444803956724,0.0032333444803956724,2.8892323488236245,12,12,6.68561315536499
225,-0.39119838178150845,0.0030440080910924578,0.009185346298747593,0.0,0.0,0.0,0.0967741935483871,0.0,0.0,1.0,0.0,0.39952318966408107,0.0,1.0,0.0,87.41666666666667,0.0030440080910924647,0.0030440080910924647,2.9915436793378536,12,12,6.681998252868652
225,-7.237050771713193,-0.03618525385856596,0.0,0.0,0.0,0.10434782608695652,0.0,0.0775,0.08791666666666667,0.8345833333333333,0.6005927034678804,0.0,1.0,0.0,0.8345833333333333,-7.237050771713193,-7.237050771713193,0.0,0.0,0.0,Random
225,0.7581163197756524,0.003790581598878262,0.0,0.0,0.0,0.0975609756097561,0.0,1.0,0.0,0.0,1.0,0.0,1.0,0.0,0.0,0.7581163197756524,0.7581163197756524,0.0,0.0,0.0,Local-Only
225,0.6686912725369853,0.0033434563626849267,0.0,0.0,0.0,0.10344827586206896,0.0,0.0,1.0,0.0,1.0,0.0,1.0,0.0,0.0,0.6686912725369853,0.6686912725369853,0.0,0.0,0.0,Greedy
226,-0.3871369709570507,0.0030643151452147467,0.008937819571130805,0.0,0.0,0.0,0.10434782608695652,0.0,0.0,1.0,0.0,0.3932541768788815,0.0,1.0,0.0,84.5,0.0030643151452147545,0.0030643151452147545,3.1331087281639296,12,12,6.496048450469971
227,-0.28249493241303014,0.003587525337934849,0.007425719458195899,0.0,0.0,0.0,0.10619469026548672,0.0,0.0,1.0,0.0,0.37566913464155127,0.0,1.0,0.0,83.33333333333334,0.003587525337934847,0.003587525337934847,3.146743137851774,12,12,6.558234453201294
228,-0.4107891867557457,0.0029460540662212716,0.013679205936690171,0.0,0.0,0.0,0.10084033613445378,0.0,0.0,1.0,0.0,0.37342717286957244,0.0,1.0,0.0,82.95833333333333,0.0029460540662212746,0.0029460540662212746,3.3128694590076857,12,12,6.606059312820435
229,-0.4922412931918372,0.0025387935340408143,0.010501459634138479,0.0,0.0,0.0,0.1,0.0,0.0,1.0,0.0,0.3697964407626326,0.0,1.0,0.0,81.58333333333333,0.0025387935340408065,0.0025387935340408065,3.650796451869707,12,12,6.547801733016968
230,-0.3380862474440819,0.0033095687627795905,0.010994087821907467,0.0,0.0,0.0,0.09523809523809523,0.0,0.0,1.0,0.0,0.3604017590925408,0.0,1.0,0.0,83.79166666666666,0.0033095687627795914,0.0033095687627795914,3.581431468602729,12,12,6.784054756164551
231,-0.3648651738960831,0.0031756741305195846,0.010867722849879,0.0,0.0,0.0,0.10084033613445378,0.0,0.0,1.0,0.0,0.3719451590037594,0.0,1.0,0.0,83.875,0.0031756741305195863,0.0031756741305195863,3.3526293484931777,12,12,6.5677330493927
232,-0.8616638034581428,0.0006916809827092864,0.08974821188797553,0.0,0.0,0.0,0.0975609756097561,0.0,0.0,0.9166666666666666,0.08333333333333333,0.3385471644558614,0.0,1.0,0.0,84.70833333333333,0.0006916809827092833,0.0006916809827092833,3.2309024968770985,12,12,6.714218616485596
233,-0.4167238473891497,0.0029163807630542514,0.012890887260437012,0.0,0.0,0.0,0.10256410256410256,0.0,0.0,1.0,0.0,0.3538167913498243,0.0,1.0,0.0,80.70833333333334,0.0029163807630542497,0.0029163807630542497,3.704394164096141,12,12,6.50844669342041
234,-0.5165201276540041,0.002417399361729979,0.009242227280305491,0.0,0.0,0.0,0.1,0.0,0.0,1.0,0.0,0.34476089071471505,0.0,1.0,0.0,79.875,0.0024173993617299773,0.0024173993617299773,3.575012004327818,12,12,6.609257698059082
235,-0.22425493597977342,0.003878725320101133,0.013054430588252015,0.0,0.0,0.0,0.0967741935483871,0.0,0.0,1.0,0.0,0.3522907991545435,0.0,1.0,0.0,80.58333333333333,0.0038787253201011396,0.0038787253201011396,3.4927075547105786,12,12,6.608246088027954
236,-0.34855309625459574,0.0032572345187270213,0.013198595970041221,0.0,0.0,0.0,0.0967741935483871,0.0,0.0,1.0,0.0,0.34288920018323854,0.0,1.0,0.0,80.20833333333334,0.0032572345187270218,0.0032572345187270218,3.7235319847930115,12,12,6.621595144271851
237,-0.351340557138055,0.003243297214309725,0.009068052346507708,0.0,0.0,0.0,0.09302325581395349,0.0,0.0,1.0,0.0,0.36088675794053415,0.0,1.0,0.0,82.58333333333333,0.0032432972143097293,0.0032432972143097293,3.448419971270409,12,12,6.732863664627075
238,-0.4123506297667112,0.002938246851166444,0.0100570452089111,0.0,0.0,0.0,0.08955223880597014,0.0,0.0,1.0,0.0,0.3470219058794585,0.0,1.0,0.0,85.0,0.0029382468511664444,0.0029382468511664444,3.398440130992259,12,12,6.909956216812134
239,-0.3367255230743965,0.0033163723846280175,0.013350369636383322,0.0,0.0,0.0,0.10526315789473684,0.0,0.0,1.0,0.0,0.37068657273036176,0.0,1.0,0.0,83.79166666666666,0.003316372384628015,0.003316372384628015,3.2289340650357534,12,12,6.515404224395752
240,-0.4578916331131526,0.002710541834434237,0.010663200376762284,0.0,0.0,0.0,0.10810810810810811,0.0,0.0,1.0,0.0,0.35477089732692546,0.0,1.0,0.0,87.95833333333334,0.002710541834434229,0.002710541834434229,3.137960891364178,12,12,6.51410984992981
241,-0.3786260485648406,0.003106869757175797,0.009576329671674304,0.0,0.0,0.0,0.10526315789473684,0.0,0.0,1.0,0.0,0.33618576515370174,0.0,1.0,0.0,86.79166666666667,0.0031068697571758007,0.0031068697571758007,3.1121327914316383,12,12,6.711985349655151
242,-0.4539463023343958,0.002730268488328021,0.0099600730670823,0.0,0.0,0.0,0.0916030534351145,0.0,0.0,1.0,0.0,0.3759367802508253,0.0,1.0,0.0,81.875,0.002730268488328017,0.002730268488328017,3.4649329432238707,12,12,6.804955244064331
243,-0.34607975184910367,0.0032696012407544815,0.011425225685040155,0.0,0.0,0.0,0.09230769230769231,0.0,0.0,1.0,0.0,0.3608042905813242,0.0,1.0,0.0,86.54166666666666,0.0032696012407544823,0.0032696012407544823,3.159778768562394,12,12,6.771809339523315
244,-0.5051329582928898,0.002474335208535551,0.006535742556055387,0.0,0.0,0.0,0.09302325581395349,0.0,0.0,1.0,0.0,0.37030562212752555,0.0,1.0,0.0,83.70833333333333,0.00247433520853555,0.00247433520853555,3.5072175497860028,12,12,6.65919303894043
245,-0.3227710823217316,0.003386144588391342,0.0059026205912232396,0.0,0.0,0.0,0.10084033613445378,0.0,0.0,1.0,0.0,0.39802345348984697,0.0,1.0,0.0,84.25,0.0033861445883913406,0.0033861445883913406,3.461714075150149,12,12,6.558131217956543
246,-0.4085035224754897,0.0029574823876225512,0.009988552207748096,0.0,0.0,0.0,0.0975609756097561,0.0,0.0,1.0,0.0,0.40835623051282405,0.0,1.0,0.0,86.08333333333333,0.0029574823876225525,0.0029574823876225525,3.447593939349228,12,12,6.665657043457031
247,-0.45638832946611296,0.002718058352669435,0.009919706111152967,0.0,0.0,0.0,0.09448818897637795,0.0,0.0,1.0,0.0,0.41967970941584404,0.0,1.0,0.0,84.375,0.002718058352669436,0.002718058352669436,3.240433220350639,12,12,6.634473085403442
248,-0.41125638782970986,0.0029437180608514507,0.003763795768221219,0.0,0.0,0.0,0.10256410256410256,0.0,0.0,1.0,0.0,0.40148873495922693,0.0,1.0,0.0,86.04166666666667,0.0029437180608514533,0.0029437180608514533,3.0979139606906783,12,12,6.522186517715454
249,-0.37077653904748786,0.0031461173047625606,0.006721726639403237,0.0,0.0,0.0,0.10526315789473684,0.0,0.0,1.0,0.0,0.39195371762298387,0.0,1.0,0.0,88.29166666666667,0.00314611730476256,0.00314611730476256,2.964253616459711,12,12,6.4315268993377686
250,-0.4168300678331941,0.0029158496608340297,0.0056120814548598396,0.0,0.0,0.0,0.10256410256410256,0.0,0.0,1.0,0.0,0.42105243631149886,0.0,1.0,0.0,82.66666666666667,0.002915849660834032,0.002915849660834032,3.417529878756975,12,12,6.471684455871582
250,-28.15712946156651,-0.14078564730783255,0.0,0.0,0.0,0.09917355371900827,0.0,0.07041666666666667,0.08625,0.8433333333333334,0.5993193732749801,0.0,1.0,0.0,0.8433333333333334,-28.15712946156651,-28.15712946156651,0.0,0.0,0.0,Random
250,0.8233490586281532,0.004116745293140766,0.0,0.0,0.0,0.1016949152542373,0.0,1.0,0.0,0.0,1.0,0.0,1.0,0.0,0.0,0.8233490586281532,0.8233490586281532,0.0,0.0,0.0,Local-Only
250,0.5068202440938072,0.0025341012204690362,0.0,0.0,0.0,0.09917355371900827,0.0,0.0,1.0,0.0,1.0,0.0,1.0,0.0,0.0,0.5068202440938072,0.5068202440938072,0.0,0.0,0.0,Greedy
251,-0.33185609678420414,0.0033407195160789793,0.006065910723474291,0.0,0.0,0.0,0.09448818897637795,0.0,0.0,1.0,0.0,0.41335531935820957,0.0,1.0,0.0,86.875,0.003340719516078984,0.003340719516078984,3.0217274617828127,12,12,6.6707892417907715
252,-0.3469686433672169,0.0032651567831639156,0.015228345120946566,0.0,0.0,0.0,0.09836065573770492,0.0,0.0,1.0,0.0,0.413606435173618,0.0,1.0,0.0,88.08333333333334,0.003265156783163903,0.003265156783163903,3.0140900384051963,12,12,6.629251480102539
253,-0.4131943831840439,0.0029340280840797804,0.006749359000888136,0.0,0.0,0.0,0.10256410256410256,0.0,0.0,1.0,0.0,0.41741739763247704,0.0,1.0,0.0,84.04166666666667,0.00293402808407978,0.00293402808407978,2.9623660627619306,12,12,6.6163952350616455
254,-0.48273924489808884,0.0025863037755095557,0.007483011463450061,0.0,0.0,0.0,0.10084033613445378,0.0,0.0,1.0,0.0,0.42042539240142407,0.0,1.0,0.0,87.25,0.0025863037755095536,0.0025863037755095536,3.097026321391504,12,12,6.482014179229736
255,-0.3820645163455896,0.0030896774182720523,0.012759562892218431,0.0,0.0,0.0,0.10084033613445378,0.0,0.0,1.0,0.0,0.4073307003150391,0.0,1.0,0.0,88.375,0.003089677418272056,0.003089677418272056,2.9254899075846947,12,12,6.545595169067383
256,-0.3396447102228094,0.003301776448885953,0.007914258125755523,0.0,0.0,0.0,0.09836065573770492,0.0,0.0,1.0,0.0,0.41138635265559664,0.0,1.0,0.0,86.58333333333333,0.0033017764488859555,0.0033017764488859555,3.273759241112363,12,12,6.579885482788086
257,-0.4565979639688428,0.0027170101801557863,0.004114058551688989,0.0,0.0,0.0,0.10084033613445378,0.0,0.0,1.0,0.0,0.4256556248672738,0.0,1.0,0.0,87.125,0.002717010180155792,0.002717010180155792,2.785558007599317,12,12,6.563406705856323
258,-0.5054048051436032,0.002472975974281984,0.0052138211826483405,0.0,0.0,0.0,0.09917355371900827,0.0,0.0,1.0,0.0,0.4090846977129695,0.0,1.0,0.0,85.75,0.0024729759742819855,0.0024729759742819855,3.245105266236502,12,12,6.57262921333313
259,-0.5786479612190818,0.0021067601939045912,0.010626347425083319,0.0,0.0,0.0,0.10619469026548672,0.0,0.0,1.0,0.0,0.4370148513606788,0.0,1.0,0.0,86.5,0.0021067601939045964,0.0021067601939045964,3.392768883176598,12,12,6.514046907424927
260,-0.3006474028030318,0.003496762985984841,0.010392697921229734,0.0,0.0,0.0,0.1016949152542373,0.0,0.0,1.0,0.0,0.4270085997894906,0.0,1.0,0.0,85.79166666666667,0.003496762985984838,0.003496762985984838,3.3721025499274657,12,12,6.5600974559783936
261,-0.3566035727659148,0.003216982136170426,0.008454373789330323,0.0,0.0,0.0,0.1,0.0,0.0,1.0,0.0,0.4384030010907251,0.0,1.0,0.0,86.54166666666666,0.003216982136170424,0.003216982136170424,2.8625513988552878,12,12,6.593558073043823
262,-0.49429770310712706,0.0025285114844643647,0.00870610825303528,0.0,0.0,0.0,0.10434782608695652,0.0,0.0,1.0,0.0,0.4255175322011928,0.0,1.0,0.0,86.45833333333334,0.0025285114844643647,0.0025285114844643647,3.039595355812389,12,12,6.606380939483643
263,-0.34776564439130775,0.0032611717780434615,0.00873317869587077,0.0,0.0,0.0,0.10084033613445378,0.0,0.0,1.0,0.0,0.4297133590161684,0.0,1.0,0.0,88.04166666666666,0.0032611717780434662,0.0032611717780434662,2.897806336721528,12,12,6.507849931716919
264,-0.5455883195002158,0.002272058402498921,0.010497882900138696,0.0,0.0,0.0,0.0975609756097561,0.0,0.0,1.0,0.0,0.4297325400854364,0.0,1.0,0.0,88.08333333333334,0.002272058402498918,0.002272058402498918,3.102058366132411,12,12,6.541175127029419
265,-0.4570726404586736,0.002714636797706632,0.008415859875579674,0.0,0.0,0.0,0.10084033613445378,0.0,0.0,1.0,0.0,0.43982930177245483,0.0,1.0,0.0,86.29166666666667,0.002714636797706642,0.002714636797706642,3.2416396163904557,12,12,6.497969627380371
266,-0.4362442940472824,0.002818778529763588,0.012598632358842426,0.0,0.0,0.0,0.096,0.0,0.0,1.0,0.0,0.45252408811963807,0.0,1.0,0.0,86.29166666666667,0.002818778529763578,0.002818778529763578,3.251278844556509,12,12,6.633737564086914
267,-0.549500445524781,0.0022524977723760954,0.010514266913135846,0.0,0.0,0.0,0.10434782608695652,0.0,0.0,1.0,0.0,0.44880848905774956,0.0,1.0,0.0,87.0,0.0022524977723760984,0.0022524977723760984,3.2288808895899073,12,12,6.55574369430542
268,-0.4299312432606295,0.0028503437836968526,0.005485872096485562,0.0,0.0,0.0,0.09836065573770492,0.0,0.0,1.0,0.0,0.4490608218491252,0.0,1.0,0.0,87.58333333333333,0.002850343783696848,0.002850343783696848,3.1607098184238467,12,12,6.617055177688599
269,-0.35082947214437377,0.0032458526392781313,0.013553282183905443,0.0,0.0,0.0,0.10256410256410256,0.0,0.0,1.0,0.0,0.45277725127215185,0.0,1.0,0.0,87.08333333333333,0.0032458526392781318,0.0032458526392781318,2.8758666553212415,12,12,6.550533771514893
270,-0.30436439812176175,0.003478178009391191,0.012999434893329938,0.0,0.0,0.0,0.09523809523809523,0.0,0.0,1.0,0.0,0.44419933072572654,0.0,1.0,0.0,88.75,0.0034781780093911872,0.0034781780093911872,2.743287085689417,12,12,6.655750751495361
271,-0.4904202967881447,0.0025478985160592767,0.01432398007147842,0.0,0.0,0.0,0.10256410256410256,0.0,0.0,1.0,0.0,0.46616438710479996,0.0,1.0,0.0,87.5,0.0025478985160592776,0.0025478985160592776,3.1766415070064755,12,12,6.5454792976379395
272,-0.4429428627092936,0.002785285686453532,0.010146657936275005,0.0,0.0,0.0,0.1,0.0,0.0,1.0,0.0,0.46395483693825856,0.0,1.0,0.0,88.75,0.002785285686453538,0.002785285686453538,2.8005792011090116,12,12,6.613232851028442
273,-0.580678045749593,0.0020966097712520346,0.010205068377157052,0.0,0.0,0.0,0.0975609756097561,0.0,0.0,1.0,0.0,0.47327440260412307,0.0,1.0,0.0,89.375,0.002096609771252034,0.002096609771252034,3.1623068837724873,12,12,6.561818361282349
274,-0.42973164220643767,0.0028513417889678115,0.007984498598509365,0.0,0.0,0.0,0.09917355371900827,0.0,0.0,1.0,0.0,0.4849754772389618,0.0,1.0,0.0,86.70833333333333,0.002851341788967806,0.002851341788967806,2.8921641815471864,12,12,6.564731121063232
275,-0.35851627339912284,0.003207418633004386,0.004504185418287913,0.0,0.0,0.0,0.10714285714285714,0.0,0.0,1.0,0.0,0.4917140846470344,0.0,1.0,0.0,87.29166666666667,0.0032074186330043847,0.0032074186330043847,3.0118077128833876,12,12,6.38497257232666
275,-19.554925714929826,-0.09777462857464914,0.0,0.0,0.0,0.0967741935483871,0.0,0.08125,0.07583333333333334,0.8429166666666666,0.6026005695659384,0.0,1.0,0.0,0.8429166666666666,-19.554925714929826,-19.554925714929826,0.0,0.0,0.0,Random
275,0.6051248932878888,0.0030256244664394437,0.0,0.0,0.0,0.10619469026548672,0.0,1.0,0.0,0.0,1.0,0.0,1.0,0.0,0.0,0.6051248932878888,0.6051248932878888,0.0,0.0,0.0,Local-Only
275,0.5537927895785072,0.002768963947892536,0.0,0.0,0.0,0.0975609756097561,0.0,0.0,1.0,0.0,1.0,0.0,1.0,0.0,0.0,0.5537927895785072,0.5537927895785072,0.0,0.0,0.0,Greedy
276,-0.33817786475015554,0.003309110676249222,0.011650293630858262,0.0,0.0,0.0,0.10434782608695652,0.0,0.0,1.0,0.0,0.5131053358952825,0.0,1.0,0.0,90.08333333333334,0.0033091106762492234,0.0033091106762492234,2.8313537961188953,12,12,6.544876337051392
277,-0.44312748809648406,0.0027843625595175797,0.012656154897477892,0.0,0.0,0.0,0.09448818897637795,0.0,0.0,1.0,0.0,0.5242538381627916,0.0,1.0,0.0,89.08333333333334,0.0027843625595175797,0.0027843625595175797,2.8085497920025033,12,12,6.681626796722412
278,-0.48833247025800597,0.0025583376487099702,0.009166747849020693,0.0,0.0,0.0,0.10084033613445378,0.0,0.0,1.0,0.0,0.5289483234790775,0.0,1.0,0.0,89.58333333333334,0.0025583376487099707,0.0025583376487099707,2.8220831284342047,12,12,6.608717203140259
279,-0.44829054176800354,0.0027585472911599825,0.012395104248490598,0.0,0.0,0.0,0.096,0.0,0.0,1.0,0.0,0.5163315240429559,0.0,1.0,0.0,89.79166666666667,0.002758547291159985,0.002758547291159985,2.9963498942174946,12,12,6.71630597114563
280,-0.5228863010803146,0.0023855684945984267,0.010881196873055565,0.0,0.0,0.0,0.10084033613445378,0.0,0.0,1.0,0.0,0.5184584224973029,0.0,1.0,0.0,88.58333333333334,0.0023855684945984263,0.0023855684945984263,3.339896905273959,12,12,6.7707679271698
281,-0.5405329763888602,0.0022973351180556986,0.009477150109079149,0.0,0.0,0.0,0.1016949152542373,0.0,0.0,1.0,0.0,0.5065858663929006,0.0,1.0,0.0,88.91666666666667,0.002297335118055699,0.002297335118055699,2.906568826333606,12,12,6.546694278717041
282,-0.37435669203592237,0.003128216539820388,0.009799707680940628,0.0,0.0,0.0,0.1016949152542373,0.0,0.0,1.0,0.0,0.5003748136712238,0.0,1.0,0.0,88.91666666666667,0.003128216539820391,0.003128216539820391,3.071719111182446,12,12,6.5881147384643555
283,-0.38827152053507985,0.0030586423973246006,0.005212324443790647,0.0,0.0,0.0,0.1016949152542373,0.0,0.0,1.0,0.0,0.4917528881902884,0.0,1.0,0.0,89.625,0.0030586423973245997,0.0030586423973245997,3.0441884150119964,12,12,6.546279191970825
284,-0.4684315721193235,0.0026578421394033826,0.010764233912858698,0.0,0.0,0.0,0.1016949152542373,0.0,0.0,1.0,0.0,0.47491516826916874,0.0,1.0,0.0,88.875,0.0026578421394033804,0.0026578421394033804,3.140110564918592,12,12,6.511873006820679
285,-0.4641394416490455,0.0026793027917547726,0.015588066002560987,0.0,0.0,0.0,0.10434782608695652,0.0,0.0,1.0,0.0,0.4919965436286293,0.0,1.0,0.0,86.70833333333333,0.002679302791754761,0.002679302791754761,3.194922703935612,12,12,6.419201850891113
286,-0.5885104189315735,0.002057447905342133,0.003897943782309691,0.0,0.0,0.0,0.09836065573770492,0.0,0.0,1.0,0.0,0.5078297520490014,0.0,1.0,0.0,86.125,0.0020574479053421402,0.0020574479053421402,3.383303521401214,12,12,6.5528788566589355
287,-0.40824692447972977,0.002958765377601351,0.008022523774868912,0.0,0.0,0.0,0.1,0.0,0.0,1.0,0.0,0.5319514856853735,0.0,1.0,0.0,89.66666666666666,0.0029587653776013433,0.0029587653776013433,2.9623961844658595,12,12,6.568891286849976
288,-0.2983166376748967,0.0035084168116255167,0.012576798039178053,0.0,0.0,0.0,0.0967741935483871,0.0,0.0,1.0,0.0,0.5164912646857556,0.0,1.0,0.0,86.75,0.0035084168116255167,0.0035084168116255167,2.8496442198833414,12,12,6.6586833000183105
289,-0.25722882151596504,0.003713855892420175,0.011732738920383984,0.0,0.0,0.0,0.09917355371900827,0.0,0.0,1.0,0.0,0.5263246724609053,0.0,1.0,0.0,86.75,0.003713855892420169,0.003713855892420169,2.9937697666104306,12,12,6.589745998382568
290,-0.41827630003286376,0.002908618499835681,0.013540708045992587,0.0,0.0,0.0,0.10619469026548672,0.0,0.0,1.0,0.0,0.5136346698348643,0.0,1.0,0.0,88.125,0.002908618499835688,0.002908618499835688,3.05221431564218,12,12,6.524929046630859
291,-0.44959657887610704,0.002752017105619465,0.00966614480647776,0.0,0.0,0.0,0.096,0.0,0.0,1.0,0.0,0.5030403372521202,0.0,1.0,0.0,90.20833333333333,0.002752017105619468,0.002752017105619468,2.6901903696177687,12,12,6.627521753311157
292,-0.27283870677146316,0.003635806466142684,0.012566669264601336,0.0,0.0,0.0,0.09917355371900827,0.0,0.0,1.0,0.0,0.490411747682568,0.0,1.0,0.0,88.25,0.003635806466142691,0.003635806466142691,2.9046488184933636,12,12,6.576262950897217
293,-0.4483119000990473,0.0027584404995047635,0.006430632621049881,0.0,0.0,0.0,0.09448818897637795,0.0,0.0,1.0,0.0,0.47465340777319703,0.0,1.0,0.0,88.0,0.002758440499504763,0.002758440499504763,3.0329627344197174,12,12,6.691744327545166
294,-0.32437496880683037,0.0033781251559658484,0.010932832149167855,0.0,0.0,0.0,0.09836065573770492,0.0,0.0,1.0,0.0,0.49053088184125954,0.0,1.0,0.0,88.54166666666666,0.003378125155965842,0.003378125155965842,3.005636380212312,12,12,6.560086965560913
295,-0.5267867793638787,0.0023660661031806064,0.006850213122864564,0.0,0.0,0.0,0.1016949152542373,0.0,0.0,1.0,0.0,0.4929652691363299,0.0,1.0,0.0,89.58333333333334,0.0023660661031806056,0.0023660661031806056,2.958690250928614,12,12,6.503150463104248
296,-0.37552474439136996,0.00312237627804315,0.014086425449285242,0.0,0.0,0.0,0.10526315789473684,0.0,0.0,1.0,0.0,0.4824547882236463,0.0,1.0,0.0,91.91666666666667,0.003122376278043149,0.003122376278043149,2.706586668589204,12,12,6.506424188613892
297,-0.37514863908283913,0.0031242568045858044,0.014758797797063987,0.0,0.0,0.0,0.09836065573770492,0.0,0.0,1.0,0.0,0.4625435936624611,0.0,1.0,0.0,90.79166666666667,0.003124256804585812,0.003124256804585812,2.8710885246805016,12,12,6.601135969161987
298,-0.5040641476709933,0.002479679261645033,0.012894487608638075,0.0,0.0,0.0,0.0975609756097561,0.0,0.0,1.0,0.0,0.4478358755344622,0.0,1.0,0.0,92.20833333333334,0.0024796792616450375,0.0024796792616450375,2.665133192372246,12,12,6.776671409606934
299,-0.3130345642565979,0.0034348271787170105,0.01315280751635631,0.0,0.0,0.0,0.0975609756097561,0.0,0.0,1.0,0.0,0.4483381373258089,0.0,1.0,0.0,91.375,0.003434827178717015,0.003434827178717015,2.417149370163032,12,12,6.59410834312439
300,-0.3345260992645508,0.003327369503677246,0.008337979018688203,0.0,0.0,0.0,0.10714285714285714,0.0,0.0,1.0,0.0,0.47445944490062175,0.0,1.0,0.0,91.54166666666667,0.0033273695036772468,0.0033273695036772468,2.4911387437751413,12,12,6.396493673324585
300,-9.456354727347632,-0.04728177363673816,0.0,0.0,0.0,0.09302325581395349,0.0,0.08208333333333333,0.07041666666666667,0.8475,0.6007456478662353,0.0,1.0,0.0,0.8475,-9.456354727347632,-9.456354727347632,0.0,0.0,0.0,Random
300,0.8051919937134503,0.0040259599685672515,0.0,0.0,0.0,0.09523809523809523,0.0,1.0,0.0,0.0,1.0,0.0,1.0,0.0,0.0,0.8051919937134503,0.8051919937134503,0.0,0.0,0.0,Local-Only
300,0.7106697559357417,0.0035533487796787083,0.0,0.0,0.0,0.09448818897637795,0.0,0.0,1.0,0.0,1.0,0.0,1.0,0.0,0.0,0.7106697559357417,0.7106697559357417,0.0,0.0,0.0,Greedy
