episode,steps,elapsed_sec,seed,terminated,truncated,termination_reason,termination_reason_raw,termination_reason_bucket,time_limit_rate,episode_time_seconds,mean_cft_est,mean_cft_completed,vehicle_cft_count,cft_est_valid,deadline_gamma,deadline_seconds,critical_path_cycles,r_time,r_prog,r_interf,r_risk,r_illegal,r_pbrs,r_term,r_step,r_margin,r_margin_raw,r_margin_norm,r_total,abs_ratio_r_time,abs_ratio_r_energy,abs_ratio_r_interf,abs_ratio_r_risk,abs_ratio_r_illegal,abs_ratio_r_pbrs,abs_ratio_r_term,abs_ratio_r_margin,I_total_mean,I_total_p50,I_total_p95,I_caused_mean,I_caused_p95,rho_selected_mean,rho_selected_p10,uncertainty_selected_mean,uncertainty_selected_p90,rho_selected_p50,rho_selected_p95,rho_selected_lt_0p6_rate,rho_selected_lt_0p7_rate,risk_penalty_mean,chain_tx_total,chain_p95_mean,chain_pfail_mean,chain_risk_cost_total,trust_attempts,trust_failures,trust_failure_rate,trust_retry_count,episode_vehicle_count,episode_task_count,total_subtasks,reward_mean,reward_p50,reward_p95,reward_min,reward_max,reward_abs_mean,dT_mean,cft_prev_rem_mean,cft_curr_rem_mean,dCFT_abs_mean,dCFT_abs_p95,dCFT_rem_mean,dCFT_rem_p95,margin_pre_mean,margin_post_mean,r_margin_abs_mean,r_prog_abs_mean,r_margin_nonzero_rate,margin_valid_count,margin_skip_count,reward_clip_hit_count,reward_clip_hit_rate,abs_ratio_basis,r_prog_on_task_mean,r_margin_on_task_mean,r_time_on_task_mean,r_prog_on_task_abs_mean,r_margin_on_task_abs_mean,r_time_on_task_abs_mean,abs_ratio_on_task_r_prog,abs_ratio_on_task_r_margin,abs_ratio_on_task_r_time,abs_ratio_on_task_r_term,dt_used_mean,implied_dt_mean,dT_eff_mean,dT_eff_p95,energy_norm_mean,energy_norm_p95,t_tx_mean,reward_step_p95,mean_cft,delta_cft_rem_mean,delta_cft_rem_p95,mean_cft_rem,success_rate_end,task_success_rate,subtask_success_rate,deadline_miss_rate,illegal_action_rate,v2v_link_break_rate,top_illegal_reason,top_illegal_reason_count,no_task_rate,on_task_rate,has_task_available_rate,unified_illegal_trigger_rate,hard_trigger_rate,decision_local_frac,decision_rsu_frac,decision_v2v_frac,decision_frac_local,decision_frac_rsu,decision_frac_v2v,power_ratio_mean,power_ratio_p95,entropy,approx_kl,clip_frac,policy_loss,value_loss,total_loss,grad_norm,policy_entropy,entropy_loss,active_ratio,actor_update_active_frac,active_samples,total_samples,adv_mean,adv_std,value_target_mean,value_target_std,value_pred_mean,value_pred_std,value_clip_fraction,mode_aux_loss,mode_aux_acc,skipped_update_count,avail_L,avail_R,avail_V,neighbor_count_mean,best_v2v_rate_mean,best_v2v_valid_rate,best_mode_compare_rate,best_mode_local_rate,best_mode_rsu_rate,best_mode_v2v_rate,oracle_match_rate,oracle_match_eps_abs_rate,oracle_match_eps_rel_rate,action_regret_mean,action_regret_p50,action_regret_p95,oracle_match_rate_on_task,action_regret_mean_on_task,target_match_within_mode_rate,target_regret_within_mode_mean,oracle_local_chosen_local_rate,oracle_local_chosen_rsu_rate,oracle_local_chosen_v2v_rate,oracle_rsu_chosen_local_rate,oracle_rsu_chosen_rsu_rate,oracle_rsu_chosen_v2v_rate,oracle_v2v_chosen_local_rate,oracle_v2v_chosen_rsu_rate,oracle_v2v_chosen_v2v_rate,oracle_v2v_chosen_rsu_count,oracle_v2v_chosen_rsu_adv_mean,oracle_v2v_chosen_rsu_ret_mean,oracle_v2v_chosen_rsu_rew_mean,oracle_v2v_chosen_v2v_count,oracle_v2v_chosen_v2v_adv_mean,oracle_v2v_chosen_v2v_ret_mean,oracle_v2v_chosen_v2v_rew_mean,oracle_rsu_chosen_rsu_count,oracle_rsu_chosen_rsu_adv_mean,oracle_rsu_chosen_rsu_ret_mean,oracle_rsu_chosen_rsu_rew_mean,oracle_rsu_chosen_v2v_count,oracle_rsu_chosen_v2v_adv_mean,oracle_rsu_chosen_v2v_ret_mean,oracle_rsu_chosen_v2v_rew_mean,v2v_beats_rsu_rate,mean_cost_gap_v2v_minus_rsu,mean_cost_rsu,mean_cost_v2v,t_L,t_R,t_V,t_a,t_alt,A_t,r_lat,cp_rem,f_max,d_cp_lb,rate_best,comm_lb,queue_lb,lb,phi,delta_phi,r_shape,overtime_ratio,r_timeout,e_tx,r_energy,r_power,avg_power,avg_rsu_queue,rsu_queue_p95,time_limit_penalty_applied,time_limit_penalty_value,remaining_time_seconds_used,remaining_ratio_used
1,200,7.189610958099365,123,False,True,time_limit,time_limit,time_limit,1.0,20.000000000000014,,2.25546133518219,4,,3.6802854632036874,3.116299926353394,2171251435.4267025,-0.011546172916320025,0.0,-1.3901183943637528e-05,0.0,0.0,0.0,-0.09142664588719941,-0.011690276023656744,0.0,0.0,0.0,-0.010311692191085513,0.10196920189030036,0.0011498689920197468,0.0001227673136662808,0.0,0.0,0.0,0.8967581618040137,0.0,5.183942684838794e-12,0.0,0.0,4.325776715996543e-12,0.0,0.0,0.0,0.0,0.0,0.0,0.0,0.0,0.0,0.0,132,0.0,0.0,0.0,0,0,0.0,0,20,20,253,-0.010311693884432316,-0.0011546172900125384,-0.0011546172900125384,-0.36116763949394226,0.05105958133935928,0.011261693201959133,0.0,0.0,0.0,0.0,0.0,0.0,0.0,0.0,0.0,0.0,0.0,0.0,0,0,0,0.0,unified_mainline,0.0,0.0,-0.011413711194858669,0.0,0.0,0.011413711194858669,0.0,0.0,0.012376389203146848,0.9876236107968531,0.10000000000000561,0.10000000000000561,0.0,0.0,0.003650939034786348,0.0,0.0007351747878074731,-0.008717511981398142,2.25546133518219,,,0.0,0.2,0.2,0.6284584980237155,0.45,0.0,0.8460365853658537,,0,0.953,0.04700000000000004,0.04700000000000004,0.0,0.0,0.2978723404255319,0.39893617021276595,0.30319148936170215,0.2978723404255319,0.39893617021276595,0.30319148936170215,0.5031722455153399,0.8668948173522949,1.957030177116394,0.02450887280671547,0.06666666766007741,0.07365378240744273,1.3949121236801147,0.7476254602273306,1.7573068141937256,1.957030177116394,-1.957030177116394,0.047,0.049479166666666664,188,4000,-0.2032189518213272,1.4049209356307983,0.10700799773136775,0.9467522303263346,0.04982677847146988,0.04296669736504555,0.026520268991589546,0.0,0.0,0,1.0,1.0,0.2671315789473684,5.075500000000011,18988463.80532818,1.0,0.0,0.0,0.0,0.0,0.0,0.0,0.0,0.0,0.0,0.0,0.0,0.0,0.0,0.0,0.0,0.0,0.0,0.0,0.0,0.0,0.0,0.0,0.0,0,0.0,0.0,0.0,0,0.0,0.0,0.0,0,0.0,0.0,0.0,0,0.0,0.0,0.0,0.0,0.0,0.0,0.0,0.0,0.0,0.0,0.0,0.0,0.0,0.0,0.0,0.0,0.0,0.0,0.0,0.0,0.0,0.0,0.0,0.0,0.0,0.0,0.0,-0.00013020192339308209,0.0,0.5022086759400554,0.15,0.0,True,-1.0,0.0,0.0
2,200,7.211416959762573,123,False,True,time_limit,time_limit,time_limit,1.0,20.000000000000014,,2.3849005699157715,2,,3.5221776158948757,3.1276590634600474,2266341671.129229,-0.011596578940958835,0.0,-8.159170103529148e-06,0.0,0.0,0.0,-0.10836835110447479,-0.011754310073804963,0.0,0.0,0.0,-0.012012266117828352,0.09478964991009284,0.0012225910811213094,6.669250316046025e-05,0.0,0.0,0.0,0.9039210665056254,0.0,2.580299689192156e-12,0.0,0.0,2.3876391315458267e-12,0.0,0.0,0.0,0.0,0.0,0.0,0.0,0.0,0.0,0.0,111,0.0,0.0,0.0,0,0,0.0,0,20,20,250,-0.012012268416583538,-0.001159657840617001,-0.001159657840617001,-0.2450394183397293,0.017944887280464172,0.012210823595523834,0.0,0.0,0.0,0.0,0.0,0.0,0.0,0.0,0.0,0.0,0.0,0.0,0,0,0,0.0,unified_mainline,0.0,0.0,-0.011641903647693531,0.0,0.0,0.011641903647693531,0.0,0.0,0.013144787737567576,0.9868552122624323,0.10000000000000561,0.10000000000000561,0.0,0.0,0.00393168224254623,0.0,0.0008203410564084181,-0.008861465507226402,2.3849005699157715,,,0.0,0.1,0.1,0.548,0.7,0.0,0.7218045112781954,,0,0.9585,0.04149999999999998,0.04149999999999998,0.0,0.0,0.3313253012048193,0.3072289156626506,0.3614457831325301,0.3313253012048193,0.3072289156626506,0.3614457831325301,0.5015750765845758,0.8698979467153549,1.995398372411728,0.008237599820131437,0.2333962745964527,0.024385275039821862,1.1373054891824723,0.5690932542085647,1.8847315311431885,1.995398372411728,-1.995398372411728,0.0415,0.0419921875,166,4000,-0.06724552065134048,1.193576455116272,-0.24685389772057534,1.018072274327278,-0.11963234692811966,0.05039758328348398,0.5196530147688463,0.0,0.0,0,1.0,1.0,0.27589473684210586,5.242000000000013,19706553.70394091,1.0,0.0,0.0,0.0,0.0,0.0,0.0,0.0,0.0,0.0,0.0,0.0,0.0,0.0,0.0,0.0,0.0,0.0,0.0,0.0,0.0,0.0,0.0,0.0,0,0.0,0.0,0.0,0,0.0,0.0,0.0,0,0.0,0.0,0.0,0,0.0,0.0,0.0,0.0,0.0,0.0,0.0,0.0,0.0,0.0,0.0,0.0,0.0,0.0,0.0,0.0,0.0,0.0,0.0,0.0,0.0,0.0,0.0,0.0,0.0,0.0,0.0,-0.0001495719627425891,0.0,0.5010852277667728,0.095,0.04999999999998295,True,-1.0,0.0,0.0
3,200,8.101671934127808,123,False,True,time_limit,time_limit,time_limit,1.0,20.000000000000014,,2.993464628855387,3,,3.6839753489350664,3.196709265931304,2312341332.0074167,-0.01091569152603582,0.0,-9.58839382929529e-06,0.0,0.0,0.0,-0.1068461958714285,-0.011084395061114246,0.0,0.0,0.0,-0.011793059093254477,0.08884068885600213,0.0012950071667265138,7.803807122851067e-05,0.0,0.0,0.0,0.9097862659060428,0.0,2.9576955034443797e-12,0.0,0.0,2.798990639957255e-12,0.0,0.0,0.0,0.0,0.0,0.0,0.0,0.0,0.0,0.0,123,0.0,0.0,0.0,0,0,0.0,0,20,20,252,-0.01179305650293827,-0.0010843954514712095,-0.0010843954514712095,-0.2479730248451233,-0.0010843954514712095,0.01179305650293827,0.0,0.0,0.0,0.0,0.0,0.0,0.0,0.0,0.0,0.0,0.0,0.0,0,0,0,0.0,unified_mainline,0.0,0.0,-0.010730936217268427,0.0,0.0,0.010730936217268427,0.0,0.0,0.022469815296567025,0.9775301847034329,0.10000000000000561,0.10000000000000561,0.0,0.0,0.004303133362554945,0.0,0.0008673224131565132,-0.00853697702785041,2.993464628855387,,,0.0,0.15,0.15,0.6547619047619048,0.7,0.0,0.0,,0,0.9485,0.05149999999999999,0.05149999999999999,0.0,0.0,0.4029126213592233,0.3058252427184466,0.2912621359223301,0.4029126213592233,0.3058252427184466,0.2912621359223301,0.5057528429166436,0.8761972635984421,1.888641635576884,0.0010111929926400383,0.09506972537686427,-0.01842783057751755,1.1180280695358913,0.5179225131869316,1.7124590103824933,1.888641635576884,-1.888641635576884,0.0515,0.050618489583333336,206,4000,-0.3005586862564087,1.2188208103179932,0.2684225095435977,1.143241638938586,0.054318303048300244,0.12630600482225418,0.4005662476023038,0.0,0.0,0,1.0,1.0,0.2747368421052637,5.22000000000001,16732905.814370105,1.0,0.0,0.0,0.0,0.0,0.0,0.0,0.0,0.0,0.0,0.0,0.0,0.0,0.0,0.0,0.0,0.0,0.0,0.0,0.0,0.0,0.0,0.0,0.0,0,0.0,0.0,0.0,0,0.0,0.0,0.0,0,0.0,0.0,0.0,0,0.0,0.0,0.0,0.0,0.0,0.0,0.0,0.0,0.0,0.0,0.0,0.0,0.0,0.0,0.0,0.0,0.0,0.0,0.0,0.0,0.0,0.0,0.0,0.0,0.0,0.0,0.0,-0.0001591151412491241,0.0,0.5036185381945688,0.105,1.0,True,-1.0,0.0,0.0
4,200,7.527621030807495,123,False,True,time_limit,time_limit,time_limit,1.0,20.000000000000014,,0.0,0,,3.632374390720424,3.121036163686713,2306020278.8101263,-0.011435431943289213,0.0,-1.0708948253622122e-05,0.0,0.0,0.0,-0.12102800157241078,-0.011593669644399467,0.0,0.0,0.0,-0.013262167121681762,0.08622596773490011,0.0011124030597944503,8.074810214173145e-05,0.0,0.0,0.0,0.9125808811031636,0.0,3.6170257327466926e-12,0.0,0.0,2.673959361224054e-12,0.0,0.0,0.0,0.0,0.0,0.0,0.0,0.0,0.0,0.0,98,0.0,0.0,0.0,0,0,0.0,0,20,20,246,-0.013262166641652584,-0.0011435431661084294,-0.0011435431661084294,-0.36557167768478394,-0.0011435431661084294,0.013262166641652584,0.0,0.0,0.0,0.0,0.0,0.0,0.0,0.0,0.0,0.0,0.0,0.0,0,0,0,0.0,unified_mainline,0.0,0.0,-0.011196201315758835,0.0,0.0,0.011196201315758835,0.0,0.0,0.007970275456559248,0.9920297245434406,0.10000000000000561,0.10000000000000561,0.0,0.0,0.0035917846311349423,0.0,0.00048558877735199876,-0.009651822611359807,0.0,,,0.0,0.0,0.0,0.483739837398374,0.55,0.0,0.883695652173913,,0,0.96125,0.03874999999999995,0.03874999999999995,0.0,0.0,0.36774193548387096,0.2709677419354839,0.36129032258064514,0.36774193548387096,0.2709677419354839,0.36129032258064514,0.4999325489399427,0.8643072247505188,1.8530914222492891,0.023909268715857145,0.03388637567267699,0.02798650830107577,1.2179846412995283,0.6147417496232426,1.7713196558110855,1.8530914222492891,-1.8530914222492891,0.03875,0.03860294117647059,155,4000,-0.8740244507789612,1.5767176151275635,0.24667971690787988,1.1516011848169214,0.11835142991998616,0.15082557192620108,0.009221353075083564,0.0,0.0,0,1.0,1.0,0.24584210526315828,4.671000000000012,15416779.01599556,1.0,0.0,0.0,0.0,0.0,0.0,0.0,0.0,0.0,0.0,0.0,0.0,0.0,0.0,0.0,0.0,0.0,0.0,0.0,0.0,0.0,0.0,0.0,0.0,0,0.0,0.0,0.0,0,0.0,0.0,0.0,0,0.0,0.0,0.0,0,0.0,0.0,0.0,0.0,0.0,0.0,0.0,0.0,0.0,0.0,0.0,0.0,0.0,0.0,0.0,0.0,0.0,0.0,0.0,0.0,0.0,0.0,0.0,0.0,0.0,0.0,0.0,-0.0001475287528566333,0.0,0.4999568987726234,0.055,0.0,True,-1.0,0.0,0.0
5,200,6.944170951843262,123,False,True,time_limit,time_limit,time_limit,1.0,20.000000000000014,,2.797447919845581,1,,3.413984550904716,2.9953117597891996,2086280612.0006356,-0.01214525628270385,0.0,-1.463647633149448e-05,0.0,0.0,0.0,-0.11468322843644509,-0.012241742987790105,0.0,0.0,0.0,-0.01269249714242321,0.09435578748093532,0.0006358896518839288,0.00011370993069705552,0.0,0.0,0.0,0.9048946129364835,0.0,3.608026421034194e-12,0.0,0.0,3.1700813848956066e-12,0.0,0.0,0.0,0.0,0.0,0.0,0.0,0.0,0.0,0.0,97,0.0,0.0,0.0,0,0,0.0,0,20,20,251,-0.012692497111856937,-0.0012145256623625755,-0.0012145256623625755,-0.2494484782218933,0.01671237125992775,0.012859621085226536,0.0,0.0,0.0,0.0,0.0,0.0,0.0,0.0,0.0,0.0,0.0,0.0,0,0,0,0.0,unified_mainline,0.0,0.0,-0.01185700962742552,0.0,0.0,0.01185700962742552,0.0,0.0,0.011006161678561588,0.9889938383214384,0.10000000000000561,0.10000000000000561,0.0,0.0,0.002476098551414907,0.0,0.00058915649319667,-0.00857790310545468,2.797447919845581,,,0.0,0.05,0.05,0.5338645418326693,0.65,0.0,0.7882096069868996,,0,0.9595,0.04049999999999998,0.04049999999999998,0.0,0.0,0.4012345679012346,0.29012345679012347,0.30864197530864196,0.4012345679012346,0.29012345679012347,0.30864197530864196,0.5065436490167631,0.8699257731437683,1.9639383554458618,0.006767577530505757,0.0793650820851326,-0.11982364642123382,3.287900686264038,1.5005595088005066,2.6580514113108316,1.9639383554458618,-1.9639383554458618,0.0405,0.045572916666666664,162,4000,-0.6606327295303345,3.8556714057922363,-2.3992878595987954,1.815654198328654,0.08814862370491028,0.30231228470802307,0.0,0.0,0.0,0,1.0,1.0,0.2770526315789481,5.264000000000005,23894014.366994366,1.0,0.0,0.0,0.0,0.0,0.0,0.0,0.0,0.0,0.0,0.0,0.0,0.0,0.0,0.0,0.0,0.0,0.0,0.0,0.0,0.0,0.0,0.0,0.0,0,0.0,0.0,0.0,0,0.0,0.0,0.0,0,0.0,0.0,0.0,0,0.0,0.0,0.0,0.0,0.0,0.0,0.0,0.0,0.0,0.0,0.0,0.0,0.0,0.0,0.0,0.0,0.0,0.0,0.0,0.0,0.0,0.0,0.0,0.0,0.0,0.0,0.0,-8.185022875475549e-05,0.0,0.5042811823692173,0.065,0.04999999999998295,True,-1.0,0.0,0.0
6,200,7.781375885009766,123,False,True,time_limit,time_limit,time_limit,1.0,20.000000000000014,,2.0446514189243317,4,,3.4936852668056253,2.7765484367628757,1876785904.575768,-0.012872543805266113,0.0,-2.900770612804703e-06,0.0,0.0,0.0,-0.10326760392501677,-0.012973903618013266,0.0,0.0,0.0,-0.011624150754302655,0.09973098457952638,0.0007628187063382459,2.2473934727339506e-05,0.0,0.0,0.0,0.8994837227794079,0.0,1.4459450347129033e-12,0.0,0.0,1.0828841079044138e-12,0.0,0.0,0.0,0.0,0.0,0.0,0.0,0.0,0.0,0.0,106,0.0,0.0,0.0,0,0,0.0,0,20,20,212,-0.011624151840806007,-0.0012875108513981104,-0.0012853736989200115,-0.3686690032482147,0.06023368239402771,0.012571441009640694,0.0,0.0,0.0,0.0,0.0,0.0,0.0,0.0,0.0,0.0,0.0,0.0,0,0,0,0.0,unified_mainline,0.0,0.0,-0.012747377359414901,0.0,0.0,0.012747377359414901,0.0,0.0,0.013992198945919397,0.9860078010540806,0.10000000000000561,0.10000000000000561,0.0,0.0,0.002615871956437205,0.0,0.0004279157841828416,-0.010161931215418899,2.0446514189243317,,,0.0,0.15,0.15,0.6415094339622641,0.6,0.0,0.62,,0,0.95625,0.043749999999999956,0.043749999999999956,0.0,0.0,0.3942857142857143,0.3142857142857143,0.2914285714285714,0.3942857142857143,0.3142857142857143,0.2914285714285714,0.5026475608873839,0.8601789563894272,2.0329035421212516,0.012257543045658773,0.07394361014788349,-0.045171584337367676,3.139623463153839,1.5002453501025836,2.0834982295831046,2.0329035421212516,-2.0329035421212516,0.04375,0.044759114583333336,175,4000,1.551472544670105,3.728261709213257,2.5434577564398446,1.6996165364980698,0.539309132223328,0.2543767200162013,0.6318012803676538,0.0,0.0,0,1.0,1.0,0.28368421052631704,5.390000000000018,24563964.380764548,1.0,0.0,0.0,0.0,0.0,0.0,0.0,0.0,0.0,0.0,0.0,0.0,0.0,0.0,0.0,0.0,0.0,0.0,0.0,0.0,0.0,0.0,0.0,0.0,0,0.0,0.0,0.0,0,0.0,0.0,0.0,0,0.0,0.0,0.0,0,0.0,0.0,0.0,0.0,0.0,0.0,0.0,0.0,0.0,0.0,0.0,0.0,0.0,0.0,0.0,0.0,0.0,0.0,0.0,0.0,0.0,0.0,0.0,0.0,0.0,0.0,0.0,-9.845904213434698e-05,0.0,0.501714295674581,0.1,0.0,True,-1.0,0.0,0.0
7,200,8.090346097946167,123,False,True,time_limit,time_limit,time_limit,1.0,20.000000000000014,,1.9525821208953857,3,,3.445722276686351,2.9223637538957727,2130207129.780465,-0.01219569450356833,0.0,-5.463514351868853e-06,0.0,0.0,0.0,-0.09925995620558915,-0.012296570550009182,0.0,0.0,0.0,-0.01115565267555948,0.10235845685034616,0.0008007973261346191,4.585527276641672e-05,0.0,0.0,0.0,0.8967948905507528,0.0,1.5685912855070705e-12,0.0,0.0,1.506498268147305e-12,0.0,0.0,0.0,0.0,0.0,0.0,0.0,0.0,0.0,0.0,102,0.0,0.0,0.0,0,0,0.0,0,20,20,234,-0.011155652813613415,-0.0012195694725960493,-0.0012195694725960493,-0.2476443350315094,0.03584427386522293,0.01187804713845253,0.0,0.0,0.0,0.0,0.0,0.0,0.0,0.0,0.0,0.0,0.0,0.0,0,0,0,0.0,unified_mainline,0.0,0.0,-0.012002293490797102,0.0,0.0,0.012002293490797102,0.0,0.0,0.009273732136623029,0.990726267863377,0.10000000000000561,0.10000000000000561,0.0,0.0,0.0026511012110859156,0.0,0.0006106660321800516,-0.009915678877556702,1.9525821208953857,,,0.0,0.15,0.15,0.5982905982905983,0.5,0.0,0.8195364238410596,,0,0.95725,0.042749999999999955,0.042749999999999955,0.0,0.0,0.40350877192982454,0.2807017543859649,0.3157894736842105,0.40350877192982454,0.2807017543859649,0.3157894736842105,0.504507265495258,0.876359722018242,1.8768472563136707,0.014013686976713043,0.06905897266485474,0.028868661389093508,2.1925381042740564,1.1026155677708713,1.8982332240451465,1.8768472563136707,-1.8768472563136707,0.04275,0.043146306818181816,171,4000,1.0167689323425293,5.2502360343933105,2.1961695931174536,2.112499399618669,0.9659925265745684,0.394999850880016,0.5571243046274916,0.0,0.0,0,1.0,1.0,0.2434999999999997,4.626499999999992,20531929.454672027,1.0,0.0,0.0,0.0,0.0,0.0,0.0,0.0,0.0,0.0,0.0,0.0,0.0,0.0,0.0,0.0,0.0,0.0,0.0,0.0,0.0,0.0,0.0,0.0,0,0.0,0.0,0.0,0,0.0,0.0,0.0,0,0.0,0.0,0.0,0,0.0,0.0,0.0,0.0,0.0,0.0,0.0,0.0,0.0,0.0,0.0,0.0,0.0,0.0,0.0,0.0,0.0,0.0,0.0,0.0,0.0,0.0,0.0,0.0,0.0,0.0,0.0,-9.541253208898061e-05,0.0,0.5026570330094546,0.095,1.0,True,-1.0,0.0,0.0
8,99,3.351284980773926,123,True,False,idle,idle,terminated,0.0,9.89999999999998,,2.4044115245342255,8,,3.556104883430753,2.938481903245509,1936167187.8374684,-0.012183999520083847,0.0,-1.394214907247528e-05,0.0,0.0,0.0,-0.1432666960316955,-0.012477408304645629,0.0,0.0,0.0,-0.015574410433634172,0.06387830853214202,0.001465188498801186,7.309594017831715e-05,0.0,0.0,0.0,0.9345834070288784,0.0,5.544914787741773e-12,0.0,0.0,4.741534422036953e-12,0.0,0.0,0.0,0.0,0.0,0.0,0.0,0.0,0.0,0.0,119,0.0,0.0,0.0,0,0,0.0,0,20,20,218,-0.015574413351714611,-0.001218399964272976,-0.001218399964272976,-0.2454674243927002,0.04547583684325218,0.017940962687134743,0.0,0.0,0.0,0.0,0.0,0.0,0.0,0.0,0.0,0.0,0.0,0.0,0,0,0,0.0,unified_mainline,0.0,0.0,-0.012118723908988707,0.0,0.0,0.012118723908988707,0.0,0.0,1.0,0.0,0.09999999999999648,0.09999999999999648,0.0,0.0,0.007906759338867333,0.0,0.0016481952226661066,-0.009829500737753839,2.4044115245342255,,,0.0,0.35,0.35,0.7981651376146789,0.65,0.0,0.0,,0,0.906060606060606,0.09393939393939399,0.09393939393939399,0.0,0.0,0.3602150537634409,0.3763440860215054,0.26344086021505375,0.3602150537634409,0.3763440860215054,0.26344086021505375,0.519540184837274,0.8677208840847015,1.870517110824585,0.013378578293902267,0.10510938763618469,-0.02018220346154911,2.0717865773609705,0.9932649101529802,1.2305851578712463,1.870517110824585,-1.870517110824585,0.09393939393939393,0.09408482142857143,186,1980,0.06751981377601624,5.815840721130371,-1.2171769278390068,3.00145628792899,0.6009293752057212,0.4706727819783347,0.5130017088992255,0.0,0.0,0,1.0,1.0,0.2660818713450291,5.055555555555558,26937175.093384754,1.0,0.0,0.0,0.0,0.0,0.0,0.0,0.0,0.0,0.0,0.0,0.0,0.0,0.0,0.0,0.0,0.0,0.0,0.0,0.0,0.0,0.0,0.0,0.0,0,0.0,0.0,0.0,0,0.0,0.0,0.0,0,0.0,0.0,0.0,0,0.0,0.0,0.0,0.0,0.0,0.0,0.0,0.0,0.0,0.0,0.0,0.0,0.0,0.0,0.0,0.0,0.0,0.0,0.0,0.0,0.0,0.0,0.0,0.0,0.0,0.0,0.0,-0.0002794666354893132,0.0,0.511882011385898,0.31313131313131315,2.0,False,0.0,0.0,0.0
9,200,7.646668195724487,123,False,True,time_limit,time_limit,time_limit,1.0,20.000000000000014,,2.3119959235191345,4,,3.6269426556395374,2.932681212992293,2120524329.8540063,-0.012104504338185435,0.0,-9.101183524726667e-06,0.0,0.0,0.0,-0.09118058644915741,-0.012362649956967418,0.0,0.0,0.0,-0.01035432364061254,0.1049633963662757,0.002159572093196595,7.892030165122064e-05,0.0,0.0,0.0,0.8927981112388765,0.0,2.6908579531248478e-12,0.0,0.0,2.6450072600908703e-12,0.0,0.0,0.0,0.0,0.0,0.0,0.0,0.0,0.0,0.0,100,0.0,0.0,0.0,0,0,0.0,0,20,20,215,-0.010354324243962765,-0.0012104504276067019,-0.0012104504276067019,-0.36853015422821045,0.05016424506902695,0.01142881903797388,0.0,0.0,0.0,0.0,0.0,0.0,0.0,0.0,0.0,0.0,0.0,0.0,0,0,0,0.0,unified_mainline,0.0,0.0,-0.01213710973544705,0.0,0.0,0.01213710973544705,0.0,0.0,0.011222705106515246,0.9887772948934848,0.10000000000000561,0.10000000000000561,0.0,0.0,0.006556793232448399,0.0,0.0012361153120285073,-0.010089416432143398,2.3119959235191345,,,0.0,0.2,0.2,0.5581395348837209,0.6,0.0,0.8355359765051396,,0,0.96325,0.03674999999999995,0.03674999999999995,0.0,0.0,0.3197278911564626,0.2925170068027211,0.3877551020408163,0.3197278911564626,0.2925170068027211,0.3877551020408163,0.4898702617126665,0.8694259524345398,1.8904073983430862,0.0186523791635409,0.033333334140479565,-0.02279050648212433,1.7213211506605148,0.815185196697712,2.074931278824806,1.8904073983430862,-1.8904073983430862,0.03675,0.037109375,147,4000,-2.2296109199523926,3.8158786296844482,2.2448886036872864,2.282488137483597,0.49760838970541954,0.7700962796807289,0.13181744306348264,0.0,0.0,0,1.0,1.0,0.21986842105263038,4.17749999999999,20517232.81627544,1.0,0.0,0.0,0.0,0.0,0.0,0.0,0.0,0.0,0.0,0.0,0.0,0.0,0.0,0.0,0.0,0.0,0.0,0.0,0.0,0.0,0.0,0.0,0.0,0,0.0,0.0,0.0,0,0.0,0.0,0.0,0,0.0,0.0,0.0,0,0.0,0.0,0.0,0.0,0.0,0.0,0.0,0.0,0.0,0.0,0.0,0.0,0.0,0.0,0.0,0.0,0.0,0.0,0.0,0.0,0.0,0.0,0.0,0.0,0.0,0.0,0.0,-0.0002490444352572535,0.0,0.49389430024730974,0.075,1.0,True,-1.0,0.0,0.0
10,200,7.2136759757995605,123,False,True,time_limit,time_limit,time_limit,1.0,20.000000000000014,,2.338140743119376,7,,3.4419310114735246,2.9128988877099387,2025874108.1366315,-0.012400624723909135,0.0,-7.113703266496141e-06,0.0,0.0,0.0,-0.06857933185491054,-0.012542710645790446,0.0,0.0,0.0,-0.008112204250070304,0.12206998964428856,0.0013286473621615382,7.002628524024743e-05,0.0,0.0,0.0,0.8765313367083096,0.0,3.743340706852116e-12,0.0,0.0,2.1757634756369715e-12,0.0,0.0,0.0,0.0,0.0,0.0,0.0,0.0,0.0,0.0,103,0.0,0.0,0.0,0,0,0.0,0,20,20,236,-0.008112205192446709,-0.001240062527358532,-0.001240062527358532,-0.2451431304216385,0.06082657352089882,0.009613615460693836,0.0,0.0,0.0,0.0,0.0,0.0,0.0,0.0,0.0,0.0,0.0,0.0,0,0,0,0.0,unified_mainline,0.0,0.0,-0.011793904792517105,0.0,0.0,0.011793904792517105,0.0,0.0,0.019178277976855097,0.980821722023145,0.10000000000000561,0.10000000000000561,0.0,0.0,0.003447158030758146,0.0,0.0005523636334003818,-0.009227237640159529,2.338140743119376,,,0.0,0.35,0.35,0.6822033898305084,0.45,0.0,0.8041958041958042,,0,0.95475,0.04525000000000001,0.04525000000000001,0.0,0.0,0.430939226519337,0.2983425414364641,0.27071823204419887,0.430939226519337,0.2983425414364641,0.27071823204419887,0.5021031311938534,0.8567246973514556,1.8301676603463979,0.013955539737183314,0.06860332821424191,0.023857279465748712,3.771825772065383,1.8878082036972046,1.8286339182120104,1.8301676603463979,-1.8301676603463979,0.04525,0.045973557692307696,181,4000,12.50627613067627,13.412426948547363,4.512070967600896,4.4472429018754225,1.7812286340273344,0.5389132935267228,0.3731185971544339,0.0,0.0,0,1.0,1.0,0.22844736842105262,4.340499999999996,22068038.479333185,1.0,0.0,0.0,0.0,0.0,0.0,0.0,0.0,0.0,0.0,0.0,0.0,0.0,0.0,0.0,0.0,0.0,0.0,0.0,0.0,0.0,0.0,0.0,0.0,0,0.0,0.0,0.0,0,0.0,0.0,0.0,0,0.0,0.0,0.0,0,0.0,0.0,0.0,0.0,0.0,0.0,0.0,0.0,0.0,0.0,0.0,0.0,0.0,0.0,0.0,0.0,0.0,0.0,0.0,0.0,0.0,0.0,0.0,0.0,0.0,0.0,0.0,-0.00013497221861481423,0.0,0.5012971061638091,0.075,0.0,True,-1.0,0.0,0.0
11,200,8.640654802322388,123,False,True,time_limit,time_limit,time_limit,1.0,20.000000000000014,,2.4769226710001626,3,,3.4579030275596394,3.049421426728964,2264468283.880906,-0.011604193981940097,0.0,-2.0793817473015755e-05,0.0,0.0,0.0,-0.09973892484082093,-0.011833083639884372,0.0,0.0,0.0,-0.01115720084807096,0.09755934447991522,0.0017495134790894021,0.0001748187943996485,0.0,0.0,0.0,0.9005163232465957,0.0,5.499432072925137e-12,0.0,0.0,4.323728441252284e-12,0.0,0.0,0.0,0.0,0.0,0.0,0.0,0.0,0.0,0.0,107,0.0,0.0,0.0,0,0,0.0,0,20,20,255,-0.011157198809087276,-0.0011604194296523929,-0.0011604194296523929,-0.4887721538543701,0.054463982582092285,0.011849663220345974,0.0,0.0,0.0,0.0,0.0,0.0,0.0,0.0,0.0,0.0,0.0,0.0,0,0,0,0.0,unified_mainline,0.0,0.0,-0.011463656373029906,0.0,0.0,0.011463656373029906,0.0,0.0,0.018590252370728304,0.9814097476292717,0.10000000000000561,0.10000000000000561,0.0,0.0,0.005626393142298547,0.0,0.0013781976217159073,-0.009796365939879512,2.4769226710001626,,,0.0,0.15,0.15,0.5607843137254902,0.75,0.0,0.6520376175548589,,0,0.954,0.04600000000000004,0.04600000000000004,0.0,0.0,0.41847826086956524,0.27717391304347827,0.30434782608695654,0.41847826086956524,0.27717391304347827,0.30434782608695654,0.49805587125501444,0.8696559190750117,1.9037637770175935,0.007138141116593033,0.12922008894383907,-0.03552751890383661,2.0734160602092744,0.9783353805541992,2.0061294376850127,1.9037637770175935,-1.9037637770175935,0.046,0.0474609375,184,4000,2.008004903793335,5.56117582321167,2.7754525661468508,2.138692033290863,2.7277220845222474,0.39799635484814644,0.21152630569413305,0.0,0.0,0,1.0,1.0,0.28455263157894733,5.406499999999986,21955827.547082745,0.9979999999999996,0.0,0.0,0.0,0.0,0.0,0.0,0.0,0.0,0.0,0.0,0.0,0.0,0.0,0.0,0.0,0.0,0.0,0.0,0.0,0.0,0.0,0.0,0.0,0,0.0,0.0,0.0,0,0.0,0.0,0.0,0,0.0,0.0,0.0,0,0.0,0.0,0.0,0.0,0.0,0.0,0.0,0.0,0.0,0.0,0.0,0.0,0.0,0.0,0.0,0.0,0.0,0.0,0.0,0.0,0.0,0.0,0.0,0.0,0.0,0.0,0.0,-0.00020809584047125162,0.0,0.49877762905159034,0.05,0.0,True,-1.0,0.0,0.0
12,200,7.029994010925293,123,False,True,time_limit,time_limit,time_limit,1.0,20.000000000000014,,2.3931667804718018,2,,3.489971013716803,3.083840526707541,2153467969.8466034,-0.011641403143902017,0.0,-4.6722203711527796e-06,0.0,0.0,0.0,-0.10804592503539763,-0.011709487679701095,0.0,0.0,0.0,-0.01197554127150953,0.09438907349265227,0.0005141501954084863,3.788259426593384e-05,0.0,0.0,0.0,0.9050588937176732,0.0,1.114318381491286e-12,0.0,0.0,1.1143080815706474e-12,0.0,0.0,0.0,0.0,0.0,0.0,0.0,0.0,0.0,0.0,82,0.0,0.0,0.0,0,0,0.0,0,20,20,242,-0.011975540779531002,-0.0011641402961686254,-0.0011641402961686254,-0.37132397294044495,0.025842584669589996,0.012233966961503029,0.0,0.0,0.0,0.0,0.0,0.0,0.0,0.0,0.0,0.0,0.0,0.0,0,0,0,0.0,unified_mainline,0.0,0.0,-0.011527463576040595,0.0,0.0,0.011527463576040595,0.0,0.0,0.019240001208004013,0.9807599987919959,0.10000000000000561,0.10000000000000561,0.0,0.0,0.0017456478206440806,0.0,0.00032608571178481473,-0.009389586104809956,2.3931667804718018,,,0.0,0.1,0.1,0.5619834710743802,0.75,0.0,0.5979381443298969,,0,0.958,0.04200000000000004,0.04200000000000004,0.0,0.0,0.5119047619047619,0.19047619047619047,0.2976190476190476,0.5119047619047619,0.19047619047619047,0.2976190476190476,0.49533008711244,0.8521698951721192,1.7947364648183186,0.030688292036453884,0.022222223381201427,-0.13314014859497547,3.261413812637329,1.4760300318400066,3.2667582829793296,1.7947364648183186,-1.7947364648183186,0.042,0.044270833333333336,168,4000,1.6552907228469849,7.356664657592773,9.112809181213379,4.303414662679036,2.681539535522461,0.40848374366760254,0.0,0.0,0.0,0,1.0,1.0,0.2641578947368423,5.019000000000002,21529275.446884066,0.9669999999999971,0.0,0.0,0.0,0.0,0.0,0.0,0.0,0.0,0.0,0.0,0.0,0.0,0.0,0.0,0.0,0.0,0.0,0.0,0.0,0.0,0.0,0.0,0.0,0,0.0,0.0,0.0,0,0.0,0.0,0.0,0,0.0,0.0,0.0,0,0.0,0.0,0.0,0.0,0.0,0.0,0.0,0.0,0.0,0.0,0.0,0.0,0.0,0.0,0.0,0.0,0.0,0.0,0.0,0.0,0.0,0.0,0.0,0.0,0.0,0.0,0.0,-6.34123154279306e-05,0.0,0.4974583999109454,0.05,0.0,True,-1.0,0.0,0.0
13,200,7.168587923049927,123,False,True,time_limit,time_limit,time_limit,1.0,20.000000000000014,,3.1593549251556396,1,,3.6169683786743976,3.0593341159030585,2124322238.056226,-0.011651549238915928,0.0,-1.137010910012143e-05,0.0,0.0,0.0,-0.11463615967445843,-0.0117638361635232,0.0,0.0,0.0,-0.012639999583798793,0.09102560169653769,0.0007883942010180601,8.882690198287541e-05,0.0,0.0,0.0,0.9080971772004613,0.0,2.7547727553950407e-12,0.0,0.0,2.610822148751968e-12,0.0,0.0,0.0,0.0,0.0,0.0,0.0,0.0,0.0,0.0,76,0.0,0.0,0.0,0,0,0.0,0,20,20,235,-0.012639999389648438,-0.001165154972113669,-0.001165154972113669,-0.3691037595272064,0.014864793047308922,0.012788648717105389,0.0,0.0,0.0,0.0,0.0,0.0,0.0,0.0,0.0,0.0,0.0,0.0,0,0,0,0.0,unified_mainline,0.0,0.0,-0.011392811734177406,0.0,0.0,0.011392811734177406,0.0,0.0,0.010733831629746046,0.9892661683702538,0.10000000000000561,0.10000000000000561,0.0,0.0,0.002822792320512235,0.0,0.0006421504694069502,-0.008913267247140418,3.1593549251556396,,,0.0,0.05,0.05,0.5148936170212766,0.6,0.0,0.6784313725490196,,0,0.96,0.040000000000000036,0.040000000000000036,0.0,0.0,0.525,0.23125,0.24375,0.525,0.23125,0.24375,0.5024424888542853,0.8754644155502317,1.7370239954728346,-0.007364008969698961,0.08530337306169364,-0.05058318179530593,4.06419732937446,1.9606712322968702,3.149050909739274,1.7370239954728346,-1.7370239954728346,0.04,0.04131610576923077,160,4000,-3.848968029022217,10.797911643981934,-0.6016366160832919,2.98796899502094,2.3244065321408787,0.33708250006804097,0.620237173530488,0.0,0.0,0,1.0,1.0,0.31505263157894814,5.986000000000015,21767035.200761925,1.0,0.0,0.0,0.0,0.0,0.0,0.0,0.0,0.0,0.0,0.0,0.0,0.0,0.0,0.0,0.0,0.0,0.0,0.0,0.0,0.0,0.0,0.0,0.0,0,0.0,0.0,0.0,0,0.0,0.0,0.0,0,0.0,0.0,0.0,0,0.0,0.0,0.0,0.0,0.0,0.0,0.0,0.0,0.0,0.0,0.0,0.0,0.0,0.0,0.0,0.0,0.0,0.0,0.0,0.0,0.0,0.0,0.0,0.0,0.0,0.0,0.0,-0.00010091681550715984,0.0,0.5012896341150627,0.055,0.0,True,-1.0,0.0,0.0
14,200,7.827510833740234,123,False,True,time_limit,time_limit,time_limit,1.0,20.000000000000014,,2.3726143836975098,3,,3.486115544459131,2.9588676475700653,2208680220.723252,-0.012042015192187974,0.0,-1.078675627093673e-05,0.0,0.0,0.0,-0.10069861578620337,-0.012182499867197124,0.0,0.0,0.0,-0.011288111565340207,0.10182956304158466,0.0010967501852251619,9.121485566785643e-05,0.0,0.0,0.0,0.8969824719175223,0.0,2.580616493066956e-12,0.0,0.0,2.5806056510452313e-12,0.0,0.0,0.0,0.0,0.0,0.0,0.0,0.0,0.0,0.0,84,0.0,0.0,0.0,0,0,0.0,0,20,20,235,-0.011288111098110676,-0.0012042014859616756,-0.0012042014859616756,-0.3669807016849518,0.02983335219323635,0.01180157158523798,0.0,0.0,0.0,0.0,0.0,0.0,0.0,0.0,0.0,0.0,0.0,0.0,0,0,0,0.0,unified_mainline,0.0,0.0,-0.011700013888255064,0.0,0.0,0.011700013888255064,0.0,0.0,0.018606746331489933,0.9813932536685102,0.10000000000000561,0.10000000000000561,0.0,0.0,0.003484889946412295,0.0,0.0006372683098502058,-0.009596342923191527,2.3726143836975098,,,0.0,0.15,0.15,0.5702127659574469,0.7,0.0,0.7183098591549296,,0,0.95925,0.04074999999999995,0.04074999999999995,0.0,0.0,0.48466257668711654,0.2147239263803681,0.3006134969325153,0.48466257668711654,0.2147239263803681,0.3006134969325153,0.49995424140188305,0.8704276740550995,1.9044594253812517,0.011204901095923214,0.13622623398190453,-0.02856276858420599,2.1689802351452054,1.0330738765852792,1.9370142845880418,1.9044594253812517,-1.9044594253812517,0.04075,0.041294642857142856,163,4000,2.7579596042633057,7.307952880859375,0.3907838130281085,2.8070044971647716,1.5648113375618344,0.35484563027109417,0.4235475450044587,0.0,0.0,0,1.0,1.0,0.3168684210526323,6.020499999999994,20581946.258477684,0.9802499999999961,0.0,0.0,0.0,0.0,0.0,0.0,0.0,0.0,0.0,0.0,0.0,0.0,0.0,0.0,0.0,0.0,0.0,0.0,0.0,0.0,0.0,0.0,0.0,0,0.0,0.0,0.0,0,0.0,0.0,0.0,0,0.0,0.0,0.0,0,0.0,0.0,0.0,0.0,0.0,0.0,0.0,0.0,0.0,0.0,0.0,0.0,0.0,0.0,0.0,0.0,0.0,0.0,0.0,0.0,0.0,0.0,0.0,0.0,0.0,0.0,0.0,-0.00012969791873822467,0.0,0.4999750730036758,0.07,0.0,True,-1.0,0.0,0.0
15,103,4.278219938278198,123,True,False,idle,idle,terminated,0.0,10.29999999999998,,2.317818522453308,2,,3.5813297484360396,3.09901341790459,2218620652.279413,-0.011595573490454801,0.0,-1.471787824891617e-05,0.0,0.0,0.0,-0.2078448759097992,-0.011807642574187802,0.0,0.0,0.0,-0.021965251848399054,0.05035145823386552,0.0008569581304895999,6.390944204281475e-05,0.0,0.0,0.0,0.9487276741936022,0.0,5.958966826924428e-12,0.0,0.0,5.698489857069999e-12,0.0,0.0,0.0,0.0,0.0,0.0,0.0,0.0,0.0,0.0,122,0.0,0.0,0.0,0,0,0.0,0,20,20,259,-0.021965257823467255,-0.0011595573741942644,-0.0011595573741942644,-0.24801164865493774,0.03057761676609516,0.022984245792031288,0.0,0.0,0.0,0.0,0.0,0.0,0.0,0.0,0.0,0.0,0.0,0.0,0,0,0,0.0,unified_mainline,0.0,0.0,-0.011452526118462368,0.0,0.0,0.011452526118462368,0.0,0.0,0.07461982938891068,0.9253801706110893,0.0999999999999964,0.0999999999999964,0.0,0.0,0.005998546223707714,0.0,0.0016733444655404705,-0.008779659025508207,2.317818522453308,,,0.0,0.1,0.1,0.6563706563706564,0.9,0.0,0.0,,0,0.9014563106796116,0.09854368932038837,0.09854368932038837,0.0,0.0,0.39901477832512317,0.3645320197044335,0.23645320197044334,0.39901477832512317,0.3645320197044335,0.23645320197044334,0.5065622611856125,0.8716798424720764,1.8977888494729995,0.006027494551381097,0.0758986494038254,0.0048118237318703905,2.1247708320617678,1.0444237746298313,1.1640835225582122,1.8977888494729995,-1.8977888494729995,0.09854368932038834,0.0986328125,203,2060,-4.8351335525512695,7.751185417175293,0.12802701736800373,3.99389066696167,0.5946502350270748,0.2903059463948011,0.2819815451279283,0.0,0.0,0,1.0,1.0,0.3001532958610114,5.7029126213592285,20692731.15006417,1.0,0.0,0.0,0.0,0.0,0.0,0.0,0.0,0.0,0.0,0.0,0.0,0.0,0.0,0.0,0.0,0.0,0.0,0.0,0.0,0.0,0.0,0.0,0.0,0,0.0,0.0,0.0,0,0.0,0.0,0.0,0,0.0,0.0,0.0,0,0.0,0.0,0.0,0.0,0.0,0.0,0.0,0.0,0.0,0.0,0.0,0.0,0.0,0.0,0.0,0.0,0.0,0.0,0.0,0.0,0.0,0.0,0.0,0.0,0.0,0.0,0.0,-0.00019735120548408487,0.0,0.5040169958034258,0.2621359223300971,2.0,False,0.0,0.0,0.0
16,200,7.180095911026001,123,False,True,time_limit,time_limit,time_limit,1.0,20.000000000000014,,2.4439210891723633,6,,3.500675000144853,2.8533923055835424,1977332608.90248,-0.012559147632927748,0.0,-1.3072552077568473e-05,0.0,0.0,0.0,-0.07938689860232181,-0.012764333490462932,0.0,0.0,0.0,-0.009215123209278456,0.12086703222907648,0.001848864728805313,0.00012580794648302222,0.0,0.0,0.0,0.8771582950956351,0.0,4.911673932156413e-12,0.0,0.0,3.5342137202909463e-12,0.0,0.0,0.0,0.0,0.0,0.0,0.0,0.0,0.0,0.0,114,0.0,0.0,0.0,0,0,0.0,0,20,20,235,-0.009215124882757664,-0.0012559148017317057,-0.0012559148017317057,-0.24559877812862396,0.05245719850063324,0.009760081768035889,0.0,0.0,0.0,0.0,0.0,0.0,0.0,0.0,0.0,0.0,0.0,0.0,0,0,0,0.0,unified_mainline,0.0,0.0,-0.012646582139096025,0.0,0.0,0.012646582139096025,0.0,0.0,0.017645814078548396,0.9823541859214516,0.10000000000000561,0.10000000000000561,0.0,0.0,0.004668046697042882,0.0,0.000741857702842759,-0.009361232240911963,2.4439210891723633,,,0.0,0.3,0.3,0.6595744680851063,0.45,0.0,0.6823104693140795,,0,0.956,0.04400000000000004,0.04400000000000004,0.0,0.0,0.3522727272727273,0.38636363636363635,0.26136363636363635,0.3522727272727273,0.38636363636363635,0.26136363636363635,0.4935185560722244,0.8650462329387665,1.930120516907085,0.004369050687686963,0.0920732705430551,0.028521231883628803,2.134585342623971,1.0726524835283107,2.1153987619009884,1.930120516907085,-1.930120516907085,0.044,0.04385653409090909,176,4000,-2.3387839794158936,3.4665262699127197,-1.067904995246367,1.7916749173944646,0.015106139387088742,0.2858299027112397,0.7409079284830526,0.0,0.0,0,1.0,1.0,0.26144736842105276,4.967499999999999,28467472.49310269,1.0,0.0,0.0,0.0,0.0,0.0,0.0,0.0,0.0,0.0,0.0,0.0,0.0,0.0,0.0,0.0,0.0,0.0,0.0,0.0,0.0,0.0,0.0,0.0,0,0.0,0.0,0.0,0,0.0,0.0,0.0,0,0.0,0.0,0.0,0,0.0,0.0,0.0,0.0,0.0,0.0,0.0,0.0,0.0,0.0,0.0,0.0,0.0,0.0,0.0,0.0,0.0,0.0,0.0,0.0,0.0,0.0,0.0,0.0,0.0,0.0,0.0,-0.00019211330545760576,0.0,0.4957886818079278,0.105,1.0,True,-1.0,0.0,0.0
17,200,7.663549900054932,123,False,True,time_limit,time_limit,time_limit,1.0,20.000000000000014,,2.309993362426758,5,,3.5449996311215366,3.0686599161524133,2169039034.8611174,-0.011655543447510344,0.0,-1.4367810364072188e-05,0.0,0.0,0.0,-0.08289727038550945,-0.01210918769927944,0.0,0.0,0.0,-0.009500645808479478,0.10576572779545841,0.003986119801091541,0.00013037761189143185,0.0,0.0,0.0,0.8901177747915586,0.0,4.53766017816104e-12,0.0,0.0,4.3019724067783205e-12,0.0,0.0,0.0,0.0,0.0,0.0,0.0,0.0,0.0,0.0,98,0.0,0.0,0.0,0,0,0.0,0,20,20,236,-0.009500646963715553,-0.0011655543930828571,-0.0011655543930828571,-0.3617255985736847,0.035635944455862045,0.010224773548543453,0.0,0.0,0.0,0.0,0.0,0.0,0.0,0.0,0.0,0.0,0.0,0.0,0,0,0,0.0,unified_mainline,0.0,0.0,-0.011296247445624366,0.0,0.0,0.011296247445624366,0.0,0.0,0.00619184573065346,0.9938081542693465,0.10000000000000561,0.10000000000000561,0.0,0.0,0.01119930439214588,0.0,0.002830992364658079,-0.009191202195608934,2.309993362426758,,,0.0,0.25,0.25,0.5169491525423728,0.2,0.0,0.8545454545454545,,0,0.963,0.03700000000000003,0.03700000000000003,0.0,0.0,0.33783783783783783,0.43243243243243246,0.22972972972972974,0.33783783783783783,0.43243243243243246,0.22972972972972974,0.4916313838397252,0.8654846906661986,1.8859293013811111,0.0042913733050227165,0.081043959595263,-0.0978889362886548,2.152674302458763,0.9558170214295387,1.8908145874738693,1.8859293013811111,-1.8859293013811111,0.037,0.0400390625,148,4000,0.4001392722129822,5.822874546051025,-1.7712220400571823,2.318638026714325,0.08216307847760618,0.3631357029080391,0.0,0.0,0.0,0,1.0,1.0,0.3014473684210524,5.727499999999993,28246474.501633912,1.0,0.0,0.0,0.0,0.0,0.0,0.0,0.0,0.0,0.0,0.0,0.0,0.0,0.0,0.0,0.0,0.0,0.0,0.0,0.0,0.0,0.0,0.0,0.0,0,0.0,0.0,0.0,0,0.0,0.0,0.0,0,0.0,0.0,0.0,0,0.0,0.0,0.0,0.0,0.0,0.0,0.0,0.0,0.0,0.0,0.0,0.0,0.0,0.0,0.0,0.0,0.0,0.0,0.0,0.0,0.0,0.0,0.0,0.0,0.0,0.0,0.0,-0.00043927644140504614,0.0,0.49421519407921005,0.125,1.0,True,-1.0,0.0,0.0
18,200,6.68889594078064,123,False,True,time_limit,time_limit,time_limit,1.0,20.000000000000014,,2.2833057940006256,4,,3.4536192852153653,2.9577407680680268,2136872763.093991,-0.012174326529975259,0.0,-2.0690801378306315e-05,0.0,0.0,0.0,-0.09248389675903068,-0.012524425218002209,0.0,0.0,0.0,-0.01050083219770337,0.10740615940132613,0.0029061513911527418,0.00018254147410189946,0.0,0.0,0.0,0.8895051477334193,0.0,6.07458701396002e-12,0.0,0.0,5.763506425587872e-12,0.0,0.0,0.0,0.0,0.0,0.0,0.0,0.0,0.0,0.0,128,0.0,0.0,0.0,0,0,0.0,0,20,20,244,-0.0105008315294981,-0.001217432669363916,-0.001217432669363916,-0.12610426545143127,0.014194757677614689,0.010756872594356537,0.0,0.0,0.0,0.0,0.0,0.0,0.0,0.0,0.0,0.0,0.0,0.0,0,0,0,0.0,unified_mainline,0.0,0.0,-0.01176853113823872,0.0,0.0,0.01176853113823872,0.0,0.0,0.007964343436711574,0.9920356565632884,0.10000000000000561,0.10000000000000561,0.0,0.0,0.008465313946311094,0.0,0.002375515587516997,-0.009584983334577248,2.2833057940006256,,,0.0,0.2,0.2,0.6065573770491803,0.3,0.0,0.8179824561403509,,0,0.95675,0.04325000000000001,0.04325000000000001,0.0,0.0,0.26011560693641617,0.47398843930635837,0.2658959537572254,0.26011560693641617,0.47398843930635837,0.2658959537572254,0.4926580514821988,0.8619552552700043,1.9138356844584148,0.006243402552273538,0.037698412934939064,0.15107448978556526,1.8630519443088107,1.0596344073613484,1.619033416112264,1.9138356844584148,-1.9138356844584148,0.04325,0.04079861111111111,173,4000,5.135039806365967,9.104818344116211,-0.7644735905859206,3.375888400607639,-0.20199598371982574,0.4027179413371616,0.0010638681447340383,0.0,0.0,0,1.0,1.0,0.27023684210526355,5.134500000000008,23798858.276459068,1.0,0.0,0.0,0.0,0.0,0.0,0.0,0.0,0.0,0.0,0.0,0.0,0.0,0.0,0.0,0.0,0.0,0.0,0.0,0.0,0.0,0.0,0.0,0.0,0,0.0,0.0,0.0,0,0.0,0.0,0.0,0,0.0,0.0,0.0,0,0.0,0.0,0.0,0.0,0.0,0.0,0.0,0.0,0.0,0.0,0.0,0.0,0.0,0.0,0.0,0.0,0.0,0.0,0.0,0.0,0.0,0.0,0.0,0.0,0.0,0.0,0.0,-0.00032940788664861703,0.0,0.4948037359365262,0.125,1.0,True,-1.0,0.0,0.0
19,200,7.100203037261963,123,False,True,time_limit,time_limit,time_limit,1.0,20.000000000000014,,2.5167577947889055,7,,3.5340540911000518,2.885616300695397,2104570063.8656583,-0.012346462183461497,0.0,-1.8552595812344697e-05,0.0,0.0,0.0,-0.07676484573473674,-0.01261778599573283,0.0,0.0,0.0,-0.008938263173047033,0.11603720669051627,0.002375649433321448,0.00017436504181792133,0.0,0.0,0.0,0.8814127788343443,0.0,7.57578201560083e-12,0.0,0.0,5.775949597081054e-12,0.0,0.0,0.0,0.0,0.0,0.0,0.0,0.0,0.0,0.0,161,0.0,0.0,0.0,0,0,0.0,0,20,20,234,-0.008938264101743698,-0.001234368304722011,-0.001234368304722011,-0.24529847502708435,0.03945830836892128,0.009925378486514091,0.0,0.0,0.0,0.0,0.0,0.0,0.0,0.0,0.0,0.0,0.0,0.0,0,0,0,0.0,unified_mainline,0.0,0.0,-0.011964977700274257,0.0,0.0,0.011964977700274257,0.0,0.0,0.01985065093793699,0.980149349062063,0.10000000000000561,0.10000000000000561,0.0,0.0,0.0065386689352778275,0.0,0.0014282224232780372,-0.009231829028086848,2.5167577947889055,,,0.0,0.3,0.3,0.8076923076923077,0.5,0.0,0.0,,0,0.94425,0.055749999999999966,0.055749999999999966,0.0,0.0,0.27802690582959644,0.4798206278026906,0.242152466367713,0.27802690582959644,0.4798206278026906,0.242152466367713,0.5030230381360047,0.8707176923751831,1.7298609912395477,0.0040753236253294745,0.048385214526206255,0.0408352364320308,2.3849589129288993,1.212556389470895,1.4646014720201492,1.7298609912395477,-1.7298609912395477,0.05575,0.052083333333333336,223,4000,-5.582697868347168,7.84714412689209,-1.7379260112841923,3.325351079305013,-0.8758233822882175,0.37968480462829274,0.35273715496684116,0.0,0.0,0,1.0,1.0,0.2792105263157883,5.305,30325556.150019675,1.0,0.0,0.0,0.0,0.0,0.0,0.0,0.0,0.0,0.0,0.0,0.0,0.0,0.0,0.0,0.0,0.0,0.0,0.0,0.0,0.0,0.0,0.0,0.0,0,0.0,0.0,0.0,0,0.0,0.0,0.0,0,0.0,0.0,0.0,0,0.0,0.0,0.0,0.0,0.0,0.0,0.0,0.0,0.0,0.0,0.0,0.0,0.0,0.0,0.0,0.0,0.0,0.0,0.0,0.0,0.0,0.0,0.0,0.0,0.0,0.0,0.0,-0.00025277121645898945,0.0,0.5020881635924452,0.23,2.0,True,-1.0,0.0,0.0
20,200,6.560381889343262,123,False,True,time_limit,time_limit,time_limit,1.0,20.000000000000014,,2.202850270271301,5,,3.5536380459245804,3.059439057978147,2189273901.0239024,-0.011779546193397196,0.0,-1.2010513180860498e-05,0.0,0.0,0.0,-0.08433157784789012,-0.011902319183353187,0.0,0.0,0.0,-0.00962338970312446,0.10696725620421464,0.001005807697214986,0.00010906461246200927,0.0,0.0,0.0,0.8919178714861083,0.0,5.793801202691462e-12,0.0,0.0,4.048879721080256e-12,0.0,0.0,0.0,0.0,0.0,0.0,0.0,0.0,0.0,0.0,147,0.0,0.0,0.0,0,0,0.0,0,20,20,241,-0.009623390622437,-0.0011779546039178967,-0.0011779546039178967,-0.369551420211792,0.06705415993928909,0.010964829474687576,0.0,0.0,0.0,0.0,0.0,0.0,0.0,0.0,0.0,0.0,0.0,0.0,0,0,0,0.0,unified_mainline,0.0,0.0,-0.011506851757943002,0.0,0.0,0.011506851757943002,0.0,0.0,0.02333108203943388,0.9766689179605661,0.10000000000000561,0.10000000000000561,0.0,0.0,0.003355305476196157,0.0,0.0009084806521685072,-0.008846195283616097,2.202850270271301,,,0.0,0.25,0.25,0.7717842323651453,0.6,0.0,0.7028112449799196,,0,0.94975,0.05025000000000002,0.05025000000000002,0.0,0.0,0.26865671641791045,0.5174129353233831,0.21393034825870647,0.26865671641791045,0.5174129353233831,0.21393034825870647,0.49360376260872235,0.8626142621040345,1.6265210935047694,0.002504082662718637,0.07198932234730039,0.05872570094652474,3.2352902463504245,1.65685259444373,2.761900637831007,1.6265210935047694,-1.6265210935047694,0.05025,0.04938616071428571,201,4000,-0.7689934968948364,6.354808330535889,-2.8108566318239485,1.896562133516584,-1.4432769162314278,0.42302806462560383,0.524258256939772,0.0,0.0,0,1.0,1.0,0.2185000000000002,4.151500000000014,27823306.162719868,1.0,0.0,0.0,0.0,0.0,0.0,0.0,0.0,0.0,0.0,0.0,0.0,0.0,0.0,0.0,0.0,0.0,0.0,0.0,0.0,0.0,0.0,0.0,0.0,0,0.0,0.0,0.0,0,0.0,0.0,0.0,0,0.0,0.0,0.0,0,0.0,0.0,0.0,0.0,0.0,0.0,0.0,0.0,0.0,0.0,0.0,0.0,0.0,0.0,0.0,0.0,0.0,0.0,0.0,0.0,0.0,0.0,0.0,0.0,0.0,0.0,0.0,-0.00011076247677512706,0.0,0.4954698648676276,0.285,2.049999999999983,True,-1.0,0.0,0.0
21,200,7.331150054931641,123,False,True,time_limit,time_limit,time_limit,1.0,20.000000000000014,,2.208395004272461,5,,3.6448373158382603,3.0587753586289272,2186369183.398752,-0.011901634727079082,0.0,-2.334685945917584e-05,0.0,0.0,0.0,-0.08432602476146935,-0.012156916458857659,0.0,0.0,0.0,-0.00964829412203189,0.10833457270525443,0.002111186056735704,0.00021251467563230953,0.0,0.0,0.0,0.8893417265623775,0.0,7.68541393719735e-12,0.0,0.0,6.329178500741328e-12,0.0,0.0,0.0,0.0,0.0,0.0,0.0,0.0,0.0,0.0,147,0.0,0.0,0.0,0,0,0.0,0,20,20,236,-0.009648293256759644,-0.0011912318877875805,-0.0011769856791943312,-0.24129365384578705,0.043346505612134933,0.010296297259628773,0.0,0.0,0.0,0.0,0.0,0.0,0.0,0.0,0.0,0.0,0.0,0.0,0,0,0,0.0,unified_mainline,0.0,0.0,-0.011537955592038556,0.0,0.0,0.011537955592038556,0.0,0.0,0.009287104927857557,0.9907128950721424,0.10000000000000561,0.10000000000000561,0.0,0.0,0.006555347153257761,0.0,0.0014102888194906227,-0.00935076856577946,2.208395004272461,,,0.0,0.25,0.25,0.7203389830508474,0.4,0.0,0.7633928571428571,,0,0.95,0.050000000000000044,0.050000000000000044,0.0,0.0,0.265,0.575,0.16,0.265,0.575,0.16,0.5035315998011525,0.8596811473369598,1.7819033861160278,0.02333680525995218,0.03948807716369629,0.005445057454590614,7.849412587972788,3.9087683971111593,4.985482280070965,1.7819033861160278,-1.7819033861160278,0.05,0.047776442307692304,200,4000,2.03757381439209,4.589552402496338,5.708758024068979,2.6305561799269457,-1.1366481139109685,0.2240035029558035,0.5076262939434785,0.0,0.0,0,1.0,1.0,0.2866842105263153,5.446999999999982,25240417.001580216,1.0,0.0,0.0,0.0,0.0,0.0,0.0,0.0,0.0,0.0,0.0,0.0,0.0,0.0,0.0,0.0,0.0,0.0,0.0,0.0,0.0,0.0,0.0,0.0,0,0.0,0.0,0.0,0,0.0,0.0,0.0,0,0.0,0.0,0.0,0,0.0,0.0,0.0,0.0,0.0,0.0,0.0,0.0,0.0,0.0,0.0,0.0,0.0,0.0,0.0,0.0,0.0,0.0,0.0,0.0,0.0,0.0,0.0,0.0,0.0,0.0,0.0,-0.00023193487231940794,0.0,0.502577184954891,0.3,3.0,True,-1.0,0.0,0.0
