phase,method,policy,metric_id,metric_cn,direction,mean,std,n,matched_k,stat_basis
中期,CP-EFT,CP-EFT,deadline_miss_rate,超时失败率,lower,76.33333333333333,10.880043664437014,120,120,matched_tail_raw_baseline
中期,EFT,EFT,deadline_miss_rate,超时失败率,lower,77.04166666666667,11.348117108347177,120,120,matched_tail_raw_baseline
中期,Greedy,Greedy,deadline_miss_rate,超时失败率,lower,42.208333333333336,23.708629012151977,120,120,matched_tail_raw_baseline
中期,LB-Greedy,LB-Greedy,deadline_miss_rate,超时失败率,lower,85.29166666666667,8.434020576286999,120,120,matched_tail_raw_baseline
中期,Local-Only,Local-Only,deadline_miss_rate,超时失败率,lower,25.5,9.424623568703671,120,120,matched_tail_raw_baseline
中期,Random,Random,deadline_miss_rate,超时失败率,lower,99.75,1.0942938323853602,120,120,matched_tail_raw_baseline
中期,Static,Static,deadline_miss_rate,超时失败率,lower,43.125,23.825895981635846,120,120,matched_tail_raw_baseline
中期,当前算法(MAPPO),MAPPO,deadline_miss_rate,超时失败率,lower,12.541666666666666,6.641979852313873,120,120,matched_tail_raw_baseline
前期,CP-EFT,CP-EFT,deadline_miss_rate,超时失败率,lower,76.33333333333333,10.880043664437014,120,120,matched_tail_raw_baseline
前期,EFT,EFT,deadline_miss_rate,超时失败率,lower,77.04166666666667,11.348117108347177,120,120,matched_tail_raw_baseline
前期,Greedy,Greedy,deadline_miss_rate,超时失败率,lower,42.208333333333336,23.708629012151977,120,120,matched_tail_raw_baseline
前期,LB-Greedy,LB-Greedy,deadline_miss_rate,超时失败率,lower,85.29166666666667,8.434020576286999,120,120,matched_tail_raw_baseline
前期,Local-Only,Local-Only,deadline_miss_rate,超时失败率,lower,25.5,9.424623568703671,120,120,matched_tail_raw_baseline
前期,Random,Random,deadline_miss_rate,超时失败率,lower,99.75,1.0942938323853602,120,120,matched_tail_raw_baseline
前期,Static,Static,deadline_miss_rate,超时失败率,lower,43.125,23.825895981635846,120,120,matched_tail_raw_baseline
前期,当前算法(MAPPO),MAPPO,deadline_miss_rate,超时失败率,lower,87.95833333333333,14.50146085560964,120,120,matched_tail_raw_baseline
后期,CP-EFT,CP-EFT,deadline_miss_rate,超时失败率,lower,76.33333333333333,10.880043664437014,120,120,matched_tail_raw_baseline
后期,EFT,EFT,deadline_miss_rate,超时失败率,lower,77.04166666666667,11.348117108347177,120,120,matched_tail_raw_baseline
后期,Greedy,Greedy,deadline_miss_rate,超时失败率,lower,42.208333333333336,23.708629012151977,120,120,matched_tail_raw_baseline
后期,LB-Greedy,LB-Greedy,deadline_miss_rate,超时失败率,lower,85.29166666666667,8.434020576286999,120,120,matched_tail_raw_baseline
后期,Local-Only,Local-Only,deadline_miss_rate,超时失败率,lower,25.5,9.424623568703671,120,120,matched_tail_raw_baseline
后期,Random,Random,deadline_miss_rate,超时失败率,lower,99.75,1.0942938323853602,120,120,matched_tail_raw_baseline
后期,Static,Static,deadline_miss_rate,超时失败率,lower,43.125,23.825895981635846,120,120,matched_tail_raw_baseline
后期,当前算法(MAPPO),MAPPO,deadline_miss_rate,超时失败率,lower,12.333333333333334,7.069086843116175,120,120,matched_tail_raw_baseline
中期,CP-EFT,CP-EFT,mean_cft_est,平均完工时间估计,lower,22.42180231022835,1.6406488361774174,120,120,matched_tail_raw_baseline
中期,EFT,EFT,mean_cft_est,平均完工时间估计,lower,23.17851627063751,1.7949527831008907,120,120,matched_tail_raw_baseline
中期,Greedy,Greedy,mean_cft_est,平均完工时间估计,lower,14.415694077014905,1.8314928292414496,120,120,matched_tail_raw_baseline
中期,LB-Greedy,LB-Greedy,mean_cft_est,平均完工时间估计,lower,23.483729577382405,1.4923563353582918,120,120,matched_tail_raw_baseline
中期,Local-Only,Local-Only,mean_cft_est,平均完工时间估计,lower,16.173364286422704,1.6071905148154242,120,120,matched_tail_raw_baseline
中期,Random,Random,mean_cft_est,平均完工时间估计,lower,25.12260240952174,0.522070962499421,120,120,matched_tail_raw_baseline
中期,Static,Static,mean_cft_est,平均完工时间估计,lower,15.05274219997722,1.9848378850772992,120,120,matched_tail_raw_baseline
中期,当前算法(MAPPO),MAPPO,mean_cft_est,平均完工时间估计,lower,1.585638503124317,0.04794753855049356,120,120,matched_tail_raw_baseline
前期,CP-EFT,CP-EFT,mean_cft_est,平均完工时间估计,lower,22.42180231022835,1.6406488361774174,120,120,matched_tail_raw_baseline
前期,EFT,EFT,mean_cft_est,平均完工时间估计,lower,23.17851627063751,1.7949527831008907,120,120,matched_tail_raw_baseline
前期,Greedy,Greedy,mean_cft_est,平均完工时间估计,lower,14.415694077014905,1.8314928292414496,120,120,matched_tail_raw_baseline
前期,LB-Greedy,LB-Greedy,mean_cft_est,平均完工时间估计,lower,23.483729577382405,1.4923563353582918,120,120,matched_tail_raw_baseline
前期,Local-Only,Local-Only,mean_cft_est,平均完工时间估计,lower,16.173364286422704,1.6071905148154242,120,120,matched_tail_raw_baseline
前期,Random,Random,mean_cft_est,平均完工时间估计,lower,25.12260240952174,0.522070962499421,120,120,matched_tail_raw_baseline
前期,Static,Static,mean_cft_est,平均完工时间估计,lower,15.05274219997722,1.9848378850772992,120,120,matched_tail_raw_baseline
前期,当前算法(MAPPO),MAPPO,mean_cft_est,平均完工时间估计,lower,19.570868019342424,2.2464162952450675,120,120,matched_tail_raw_baseline
后期,CP-EFT,CP-EFT,mean_cft_est,平均完工时间估计,lower,22.42180231022835,1.6406488361774174,120,120,matched_tail_raw_baseline
后期,EFT,EFT,mean_cft_est,平均完工时间估计,lower,23.17851627063751,1.7949527831008907,120,120,matched_tail_raw_baseline
后期,Greedy,Greedy,mean_cft_est,平均完工时间估计,lower,14.415694077014905,1.8314928292414496,120,120,matched_tail_raw_baseline
后期,LB-Greedy,LB-Greedy,mean_cft_est,平均完工时间估计,lower,23.483729577382405,1.4923563353582918,120,120,matched_tail_raw_baseline
后期,Local-Only,Local-Only,mean_cft_est,平均完工时间估计,lower,16.173364286422704,1.6071905148154242,120,120,matched_tail_raw_baseline
后期,Random,Random,mean_cft_est,平均完工时间估计,lower,25.12260240952174,0.522070962499421,120,120,matched_tail_raw_baseline
后期,Static,Static,mean_cft_est,平均完工时间估计,lower,15.05274219997722,1.9848378850772992,120,120,matched_tail_raw_baseline
后期,当前算法(MAPPO),MAPPO,mean_cft_est,平均完工时间估计,lower,1.5856410338779294,0.04027288303691495,120,120,matched_tail_raw_baseline
中期,CP-EFT,CP-EFT,power_ratio_mean,远端功率比例,lower,0.14513087595837335,0.031088430821747393,120,120,matched_tail_raw_baseline
中期,EFT,EFT,power_ratio_mean,远端功率比例,lower,0.173262038074984,0.03545761865102408,120,120,matched_tail_raw_baseline
中期,Greedy,Greedy,power_ratio_mean,远端功率比例,lower,1.0,0.0,120,120,matched_tail_raw_baseline
中期,LB-Greedy,LB-Greedy,power_ratio_mean,远端功率比例,lower,0.1844350926581195,0.03800464353231168,120,120,matched_tail_raw_baseline
中期,Local-Only,Local-Only,power_ratio_mean,远端功率比例,lower,0.0,0.0,120,120,matched_tail_raw_baseline
中期,Random,Random,power_ratio_mean,远端功率比例,lower,0.6002994566989789,0.00373211490597078,120,120,matched_tail_raw_baseline
中期,Static,Static,power_ratio_mean,远端功率比例,lower,1.0,0.0,120,120,matched_tail_raw_baseline
中期,当前算法(MAPPO),MAPPO,power_ratio_mean,远端功率比例,lower,0.10515511695088611,0.23787579821340946,120,120,matched_tail_raw_baseline
前期,CP-EFT,CP-EFT,power_ratio_mean,远端功率比例,lower,0.14513087595837335,0.031088430821747393,120,120,matched_tail_raw_baseline
前期,EFT,EFT,power_ratio_mean,远端功率比例,lower,0.173262038074984,0.03545761865102408,120,120,matched_tail_raw_baseline
前期,Greedy,Greedy,power_ratio_mean,远端功率比例,lower,1.0,0.0,120,120,matched_tail_raw_baseline
前期,LB-Greedy,LB-Greedy,power_ratio_mean,远端功率比例,lower,0.1844350926581195,0.03800464353231168,120,120,matched_tail_raw_baseline
前期,Local-Only,Local-Only,power_ratio_mean,远端功率比例,lower,0.0,0.0,120,120,matched_tail_raw_baseline
前期,Random,Random,power_ratio_mean,远端功率比例,lower,0.6002994566989789,0.00373211490597078,120,120,matched_tail_raw_baseline
前期,Static,Static,power_ratio_mean,远端功率比例,lower,1.0,0.0,120,120,matched_tail_raw_baseline
前期,当前算法(MAPPO),MAPPO,power_ratio_mean,远端功率比例,lower,0.5184654165449799,0.019517129911598805,120,120,matched_tail_raw_baseline
后期,CP-EFT,CP-EFT,power_ratio_mean,远端功率比例,lower,0.14513087595837335,0.031088430821747393,120,120,matched_tail_raw_baseline
后期,EFT,EFT,power_ratio_mean,远端功率比例,lower,0.173262038074984,0.03545761865102408,120,120,matched_tail_raw_baseline
后期,Greedy,Greedy,power_ratio_mean,远端功率比例,lower,1.0,0.0,120,120,matched_tail_raw_baseline
后期,LB-Greedy,LB-Greedy,power_ratio_mean,远端功率比例,lower,0.1844350926581195,0.03800464353231168,120,120,matched_tail_raw_baseline
后期,Local-Only,Local-Only,power_ratio_mean,远端功率比例,lower,0.0,0.0,120,120,matched_tail_raw_baseline
后期,Random,Random,power_ratio_mean,远端功率比例,lower,0.6002994566989789,0.00373211490597078,120,120,matched_tail_raw_baseline
后期,Static,Static,power_ratio_mean,远端功率比例,lower,1.0,0.0,120,120,matched_tail_raw_baseline
后期,当前算法(MAPPO),MAPPO,power_ratio_mean,远端功率比例,lower,0.06997885232170423,0.22383474932970815,120,120,matched_tail_raw_baseline
中期,CP-EFT,CP-EFT,reward_mean,平均步奖励,higher,-1.0038419875171878,0.5560720608201987,120,120,matched_tail_raw_baseline
中期,EFT,EFT,reward_mean,平均步奖励,higher,-0.7971394912427534,0.5214058559833139,120,120,matched_tail_raw_baseline
中期,Greedy,Greedy,reward_mean,平均步奖励,higher,-0.007274710492574133,0.013580606369079762,120,120,matched_tail_raw_baseline
中期,LB-Greedy,LB-Greedy,reward_mean,平均步奖励,higher,-1.009260097885912,0.5470934372742426,120,120,matched_tail_raw_baseline
中期,Local-Only,Local-Only,reward_mean,平均步奖励,higher,-0.306547623597994,0.06921400489841288,120,120,matched_tail_raw_baseline
中期,Random,Random,reward_mean,平均步奖励,higher,-1.6940797792004938,0.7326964366211218,120,120,matched_tail_raw_baseline
中期,Static,Static,reward_mean,平均步奖励,higher,-0.044597631906605456,0.032155403487957354,120,120,matched_tail_raw_baseline
中期,当前算法(MAPPO),MAPPO,reward_mean,平均步奖励,higher,0.08353423147151864,0.02442093347931383,120,120,matched_tail_raw_baseline
前期,CP-EFT,CP-EFT,reward_mean,平均步奖励,higher,-1.0038419875171878,0.5560720608201987,120,120,matched_tail_raw_baseline
前期,EFT,EFT,reward_mean,平均步奖励,higher,-0.7971394912427534,0.5214058559833139,120,120,matched_tail_raw_baseline
前期,Greedy,Greedy,reward_mean,平均步奖励,higher,-0.007274710492574133,0.013580606369079762,120,120,matched_tail_raw_baseline
前期,LB-Greedy,LB-Greedy,reward_mean,平均步奖励,higher,-1.009260097885912,0.5470934372742426,120,120,matched_tail_raw_baseline
前期,Local-Only,Local-Only,reward_mean,平均步奖励,higher,-0.306547623597994,0.06921400489841288,120,120,matched_tail_raw_baseline
前期,Random,Random,reward_mean,平均步奖励,higher,-1.6940797792004938,0.7326964366211218,120,120,matched_tail_raw_baseline
前期,Static,Static,reward_mean,平均步奖励,higher,-0.044597631906605456,0.032155403487957354,120,120,matched_tail_raw_baseline
前期,当前算法(MAPPO),MAPPO,reward_mean,平均步奖励,higher,-0.3231810393898437,0.2757294693810888,120,120,matched_tail_raw_baseline
后期,CP-EFT,CP-EFT,reward_mean,平均步奖励,higher,-1.0038419875171878,0.5560720608201987,120,120,matched_tail_raw_baseline
后期,EFT,EFT,reward_mean,平均步奖励,higher,-0.7971394912427534,0.5214058559833139,120,120,matched_tail_raw_baseline
后期,Greedy,Greedy,reward_mean,平均步奖励,higher,-0.007274710492574133,0.013580606369079762,120,120,matched_tail_raw_baseline
后期,LB-Greedy,LB-Greedy,reward_mean,平均步奖励,higher,-1.009260097885912,0.5470934372742426,120,120,matched_tail_raw_baseline
后期,Local-Only,Local-Only,reward_mean,平均步奖励,higher,-0.306547623597994,0.06921400489841288,120,120,matched_tail_raw_baseline
后期,Random,Random,reward_mean,平均步奖励,higher,-1.6940797792004938,0.7326964366211218,120,120,matched_tail_raw_baseline
后期,Static,Static,reward_mean,平均步奖励,higher,-0.044597631906605456,0.032155403487957354,120,120,matched_tail_raw_baseline
后期,当前算法(MAPPO),MAPPO,reward_mean,平均步奖励,higher,0.08470559691389398,0.023266897345185986,120,120,matched_tail_raw_baseline
中期,CP-EFT,CP-EFT,rho_selected_p10,远端信誉分位数(p10),higher,0.46081202340622746,0.07137671816385191,120,120,matched_tail_raw_baseline
中期,EFT,EFT,rho_selected_p10,远端信誉分位数(p10),higher,0.4690259469052156,0.05988386041101357,120,120,matched_tail_raw_baseline
中期,Greedy,Greedy,rho_selected_p10,远端信誉分位数(p10),higher,0.6257497458408277,0.16902640240791914,120,120,matched_tail_raw_baseline
中期,LB-Greedy,LB-Greedy,rho_selected_p10,远端信誉分位数(p10),higher,0.4563432902097702,0.07523974838959133,120,120,matched_tail_raw_baseline
中期,Local-Only,Local-Only,rho_selected_p10,远端信誉分位数(p10),higher,0.0,0.0,120,120,matched_tail_raw_baseline
中期,Random,Random,rho_selected_p10,远端信誉分位数(p10),higher,0.46549768894910815,0.06386356230348567,120,120,matched_tail_raw_baseline
中期,Static,Static,rho_selected_p10,远端信誉分位数(p10),higher,0.621615007892251,0.14741344561963934,120,120,matched_tail_raw_baseline
中期,当前算法(MAPPO),MAPPO,rho_selected_p10,远端信誉分位数(p10),higher,0.07083333333333333,0.17508501336425655,120,120,matched_tail_raw_baseline
前期,CP-EFT,CP-EFT,rho_selected_p10,远端信誉分位数(p10),higher,0.46081202340622746,0.07137671816385191,120,120,matched_tail_raw_baseline
前期,EFT,EFT,rho_selected_p10,远端信誉分位数(p10),higher,0.4690259469052156,0.05988386041101357,120,120,matched_tail_raw_baseline
前期,Greedy,Greedy,rho_selected_p10,远端信誉分位数(p10),higher,0.6257497458408277,0.16902640240791914,120,120,matched_tail_raw_baseline
前期,LB-Greedy,LB-Greedy,rho_selected_p10,远端信誉分位数(p10),higher,0.4563432902097702,0.07523974838959133,120,120,matched_tail_raw_baseline
前期,Local-Only,Local-Only,rho_selected_p10,远端信誉分位数(p10),higher,0.0,0.0,120,120,matched_tail_raw_baseline
前期,Random,Random,rho_selected_p10,远端信誉分位数(p10),higher,0.46549768894910815,0.06386356230348567,120,120,matched_tail_raw_baseline
前期,Static,Static,rho_selected_p10,远端信誉分位数(p10),higher,0.621615007892251,0.14741344561963934,120,120,matched_tail_raw_baseline
前期,当前算法(MAPPO),MAPPO,rho_selected_p10,远端信誉分位数(p10),higher,0.4836514559636514,0.04696777541026617,120,120,matched_tail_raw_baseline
后期,CP-EFT,CP-EFT,rho_selected_p10,远端信誉分位数(p10),higher,0.46081202340622746,0.07137671816385191,120,120,matched_tail_raw_baseline
后期,EFT,EFT,rho_selected_p10,远端信誉分位数(p10),higher,0.4690259469052156,0.05988386041101357,120,120,matched_tail_raw_baseline
后期,Greedy,Greedy,rho_selected_p10,远端信誉分位数(p10),higher,0.6257497458408277,0.16902640240791914,120,120,matched_tail_raw_baseline
后期,LB-Greedy,LB-Greedy,rho_selected_p10,远端信誉分位数(p10),higher,0.4563432902097702,0.07523974838959133,120,120,matched_tail_raw_baseline
后期,Local-Only,Local-Only,rho_selected_p10,远端信誉分位数(p10),higher,0.0,0.0,120,120,matched_tail_raw_baseline
后期,Random,Random,rho_selected_p10,远端信誉分位数(p10),higher,0.46549768894910815,0.06386356230348567,120,120,matched_tail_raw_baseline
后期,Static,Static,rho_selected_p10,远端信誉分位数(p10),higher,0.621615007892251,0.14741344561963934,120,120,matched_tail_raw_baseline
后期,当前算法(MAPPO),MAPPO,rho_selected_p10,远端信誉分位数(p10),higher,0.029166666666666667,0.117677692090244,120,120,matched_tail_raw_baseline
中期,CP-EFT,CP-EFT,subtask_success_rate,子任务成功率,higher,59.36914347747731,10.166205018187975,120,120,matched_tail_raw_baseline
中期,EFT,EFT,subtask_success_rate,子任务成功率,higher,57.835330121156055,9.43160714254743,120,120,matched_tail_raw_baseline
中期,Greedy,Greedy,subtask_success_rate,子任务成功率,higher,87.0684546186836,12.662683493492787,120,120,matched_tail_raw_baseline
中期,LB-Greedy,LB-Greedy,subtask_success_rate,子任务成功率,higher,48.43859996196708,10.546391537208741,120,120,matched_tail_raw_baseline
中期,Local-Only,Local-Only,subtask_success_rate,子任务成功率,higher,93.86725827422643,2.690848335095657,120,120,matched_tail_raw_baseline
中期,Random,Random,subtask_success_rate,子任务成功率,higher,13.317969337999664,3.622711561793203,120,120,matched_tail_raw_baseline
中期,Static,Static,subtask_success_rate,子任务成功率,higher,87.52481824930757,11.959734347800664,120,120,matched_tail_raw_baseline
中期,当前算法(MAPPO),MAPPO,subtask_success_rate,子任务成功率,higher,99.36025127166573,0.5837717205092795,120,120,matched_tail_raw_baseline
前期,CP-EFT,CP-EFT,subtask_success_rate,子任务成功率,higher,59.36914347747731,10.166205018187975,120,120,matched_tail_raw_baseline
前期,EFT,EFT,subtask_success_rate,子任务成功率,higher,57.835330121156055,9.43160714254743,120,120,matched_tail_raw_baseline
前期,Greedy,Greedy,subtask_success_rate,子任务成功率,higher,87.0684546186836,12.662683493492787,120,120,matched_tail_raw_baseline
前期,LB-Greedy,LB-Greedy,subtask_success_rate,子任务成功率,higher,48.43859996196708,10.546391537208741,120,120,matched_tail_raw_baseline
前期,Local-Only,Local-Only,subtask_success_rate,子任务成功率,higher,93.86725827422643,2.690848335095657,120,120,matched_tail_raw_baseline
前期,Random,Random,subtask_success_rate,子任务成功率,higher,13.317969337999664,3.622711561793203,120,120,matched_tail_raw_baseline
前期,Static,Static,subtask_success_rate,子任务成功率,higher,87.52481824930757,11.959734347800664,120,120,matched_tail_raw_baseline
前期,当前算法(MAPPO),MAPPO,subtask_success_rate,子任务成功率,higher,47.176157590556855,21.498663491174366,120,120,matched_tail_raw_baseline
后期,CP-EFT,CP-EFT,subtask_success_rate,子任务成功率,higher,59.36914347747731,10.166205018187975,120,120,matched_tail_raw_baseline
后期,EFT,EFT,subtask_success_rate,子任务成功率,higher,57.835330121156055,9.43160714254743,120,120,matched_tail_raw_baseline
后期,Greedy,Greedy,subtask_success_rate,子任务成功率,higher,87.0684546186836,12.662683493492787,120,120,matched_tail_raw_baseline
后期,LB-Greedy,LB-Greedy,subtask_success_rate,子任务成功率,higher,48.43859996196708,10.546391537208741,120,120,matched_tail_raw_baseline
后期,Local-Only,Local-Only,subtask_success_rate,子任务成功率,higher,93.86725827422643,2.690848335095657,120,120,matched_tail_raw_baseline
后期,Random,Random,subtask_success_rate,子任务成功率,higher,13.317969337999664,3.622711561793203,120,120,matched_tail_raw_baseline
后期,Static,Static,subtask_success_rate,子任务成功率,higher,87.52481824930757,11.959734347800664,120,120,matched_tail_raw_baseline
后期,当前算法(MAPPO),MAPPO,subtask_success_rate,子任务成功率,higher,99.42384706109148,0.5650101004122672,120,120,matched_tail_raw_baseline
中期,CP-EFT,CP-EFT,task_success_rate,任务成功率,higher,23.666666666666668,10.880043664437014,120,120,matched_tail_raw_baseline
中期,EFT,EFT,task_success_rate,任务成功率,higher,22.958333333333332,11.348117108347179,120,120,matched_tail_raw_baseline
中期,Greedy,Greedy,task_success_rate,任务成功率,higher,57.791666666666664,23.708629012151977,120,120,matched_tail_raw_baseline
中期,LB-Greedy,LB-Greedy,task_success_rate,任务成功率,higher,14.708333333333334,8.434020576287,120,120,matched_tail_raw_baseline
中期,Local-Only,Local-Only,task_success_rate,任务成功率,higher,74.5,9.424623568703671,120,120,matched_tail_raw_baseline
中期,Random,Random,task_success_rate,任务成功率,higher,0.25,1.0942938323853602,120,120,matched_tail_raw_baseline
中期,Static,Static,task_success_rate,任务成功率,higher,56.875,23.825895981635846,120,120,matched_tail_raw_baseline
中期,当前算法(MAPPO),MAPPO,task_success_rate,任务成功率,higher,87.45833333333333,6.641979852313873,120,120,matched_tail_raw_baseline
前期,CP-EFT,CP-EFT,task_success_rate,任务成功率,higher,23.666666666666668,10.880043664437014,120,120,matched_tail_raw_baseline
前期,EFT,EFT,task_success_rate,任务成功率,higher,22.958333333333332,11.348117108347179,120,120,matched_tail_raw_baseline
前期,Greedy,Greedy,task_success_rate,任务成功率,higher,57.791666666666664,23.708629012151977,120,120,matched_tail_raw_baseline
前期,LB-Greedy,LB-Greedy,task_success_rate,任务成功率,higher,14.708333333333334,8.434020576287,120,120,matched_tail_raw_baseline
前期,Local-Only,Local-Only,task_success_rate,任务成功率,higher,74.5,9.424623568703671,120,120,matched_tail_raw_baseline
前期,Random,Random,task_success_rate,任务成功率,higher,0.25,1.0942938323853602,120,120,matched_tail_raw_baseline
前期,Static,Static,task_success_rate,任务成功率,higher,56.875,23.825895981635846,120,120,matched_tail_raw_baseline
前期,当前算法(MAPPO),MAPPO,task_success_rate,任务成功率,higher,12.041666666666666,14.501460855609642,120,120,matched_tail_raw_baseline
后期,CP-EFT,CP-EFT,task_success_rate,任务成功率,higher,23.666666666666668,10.880043664437014,120,120,matched_tail_raw_baseline
后期,EFT,EFT,task_success_rate,任务成功率,higher,22.958333333333332,11.348117108347179,120,120,matched_tail_raw_baseline
后期,Greedy,Greedy,task_success_rate,任务成功率,higher,57.791666666666664,23.708629012151977,120,120,matched_tail_raw_baseline
后期,LB-Greedy,LB-Greedy,task_success_rate,任务成功率,higher,14.708333333333334,8.434020576287,120,120,matched_tail_raw_baseline
后期,Local-Only,Local-Only,task_success_rate,任务成功率,higher,74.5,9.424623568703671,120,120,matched_tail_raw_baseline
后期,Random,Random,task_success_rate,任务成功率,higher,0.25,1.0942938323853602,120,120,matched_tail_raw_baseline
后期,Static,Static,task_success_rate,任务成功率,higher,56.875,23.825895981635846,120,120,matched_tail_raw_baseline
后期,当前算法(MAPPO),MAPPO,task_success_rate,任务成功率,higher,87.66666666666667,7.069086843116175,120,120,matched_tail_raw_baseline
中期,CP-EFT,CP-EFT,time_limit_rate,时间上限截断率,lower,82.5,38.15602643018762,120,120,matched_tail_raw_baseline
中期,EFT,EFT,time_limit_rate,时间上限截断率,lower,88.33333333333333,32.236868431572404,120,120,matched_tail_raw_baseline
中期,Greedy,Greedy,time_limit_rate,时间上限截断率,lower,0.0,0.0,120,120,matched_tail_raw_baseline
中期,LB-Greedy,LB-Greedy,time_limit_rate,时间上限截断率,lower,90.83333333333333,28.976470701963283,120,120,matched_tail_raw_baseline
中期,Local-Only,Local-Only,time_limit_rate,时间上限截断率,lower,0.8333333333333334,9.12870929175277,120,120,matched_tail_raw_baseline
中期,Random,Random,time_limit_rate,时间上限截断率,lower,100.0,0.0,120,120,matched_tail_raw_baseline
中期,Static,Static,time_limit_rate,时间上限截断率,lower,0.0,0.0,120,120,matched_tail_raw_baseline
中期,当前算法(MAPPO),MAPPO,time_limit_rate,时间上限截断率,lower,0.0,0.0,120,120,matched_tail_raw_baseline
前期,CP-EFT,CP-EFT,time_limit_rate,时间上限截断率,lower,82.5,38.15602643018762,120,120,matched_tail_raw_baseline
前期,EFT,EFT,time_limit_rate,时间上限截断率,lower,88.33333333333333,32.236868431572404,120,120,matched_tail_raw_baseline
前期,Greedy,Greedy,time_limit_rate,时间上限截断率,lower,0.0,0.0,120,120,matched_tail_raw_baseline
前期,LB-Greedy,LB-Greedy,time_limit_rate,时间上限截断率,lower,90.83333333333333,28.976470701963283,120,120,matched_tail_raw_baseline
前期,Local-Only,Local-Only,time_limit_rate,时间上限截断率,lower,0.8333333333333334,9.12870929175277,120,120,matched_tail_raw_baseline
前期,Random,Random,time_limit_rate,时间上限截断率,lower,100.0,0.0,120,120,matched_tail_raw_baseline
前期,Static,Static,time_limit_rate,时间上限截断率,lower,0.0,0.0,120,120,matched_tail_raw_baseline
前期,当前算法(MAPPO),MAPPO,time_limit_rate,时间上限截断率,lower,80.83333333333333,39.52625620991683,120,120,matched_tail_raw_baseline
后期,CP-EFT,CP-EFT,time_limit_rate,时间上限截断率,lower,82.5,38.15602643018762,120,120,matched_tail_raw_baseline
后期,EFT,EFT,time_limit_rate,时间上限截断率,lower,88.33333333333333,32.236868431572404,120,120,matched_tail_raw_baseline
后期,Greedy,Greedy,time_limit_rate,时间上限截断率,lower,0.0,0.0,120,120,matched_tail_raw_baseline
后期,LB-Greedy,LB-Greedy,time_limit_rate,时间上限截断率,lower,90.83333333333333,28.976470701963283,120,120,matched_tail_raw_baseline
后期,Local-Only,Local-Only,time_limit_rate,时间上限截断率,lower,0.8333333333333334,9.12870929175277,120,120,matched_tail_raw_baseline
后期,Random,Random,time_limit_rate,时间上限截断率,lower,100.0,0.0,120,120,matched_tail_raw_baseline
后期,Static,Static,time_limit_rate,时间上限截断率,lower,0.0,0.0,120,120,matched_tail_raw_baseline
后期,当前算法(MAPPO),MAPPO,time_limit_rate,时间上限截断率,lower,0.0,0.0,120,120,matched_tail_raw_baseline
中期,CP-EFT,CP-EFT,trust_failure_rate,信誉失败率,lower,0.22699859522516877,0.08303974827686801,120,120,matched_tail_raw_baseline
中期,EFT,EFT,trust_failure_rate,信誉失败率,lower,0.22520277723687207,0.07878750310212279,120,120,matched_tail_raw_baseline
中期,Greedy,Greedy,trust_failure_rate,信誉失败率,lower,0.22381053882171884,0.1393888138089479,120,120,matched_tail_raw_baseline
中期,LB-Greedy,LB-Greedy,trust_failure_rate,信誉失败率,lower,0.22456289374954003,0.0718547450463499,120,120,matched_tail_raw_baseline
中期,Local-Only,Local-Only,trust_failure_rate,信誉失败率,lower,0.0,0.0,120,120,matched_tail_raw_baseline
中期,Random,Random,trust_failure_rate,信誉失败率,lower,0.2193497475710611,0.07841716828791928,120,120,matched_tail_raw_baseline
中期,Static,Static,trust_failure_rate,信誉失败率,lower,0.21043639388279994,0.13544221304027834,120,120,matched_tail_raw_baseline
中期,当前算法(MAPPO),MAPPO,trust_failure_rate,信誉失败率,lower,0.029166666666666667,0.15072575748110859,120,120,matched_tail_raw_baseline
前期,CP-EFT,CP-EFT,trust_failure_rate,信誉失败率,lower,0.22699859522516877,0.08303974827686801,120,120,matched_tail_raw_baseline
前期,EFT,EFT,trust_failure_rate,信誉失败率,lower,0.22520277723687207,0.07878750310212279,120,120,matched_tail_raw_baseline
前期,Greedy,Greedy,trust_failure_rate,信誉失败率,lower,0.22381053882171884,0.1393888138089479,120,120,matched_tail_raw_baseline
前期,LB-Greedy,LB-Greedy,trust_failure_rate,信誉失败率,lower,0.22456289374954003,0.0718547450463499,120,120,matched_tail_raw_baseline
前期,Local-Only,Local-Only,trust_failure_rate,信誉失败率,lower,0.0,0.0,120,120,matched_tail_raw_baseline
前期,Random,Random,trust_failure_rate,信誉失败率,lower,0.2193497475710611,0.07841716828791928,120,120,matched_tail_raw_baseline
前期,Static,Static,trust_failure_rate,信誉失败率,lower,0.21043639388279994,0.13544221304027834,120,120,matched_tail_raw_baseline
前期,当前算法(MAPPO),MAPPO,trust_failure_rate,信誉失败率,lower,0.2171256328995178,0.10267195050633547,120,120,matched_tail_raw_baseline
后期,CP-EFT,CP-EFT,trust_failure_rate,信誉失败率,lower,0.22699859522516877,0.08303974827686801,120,120,matched_tail_raw_baseline
后期,EFT,EFT,trust_failure_rate,信誉失败率,lower,0.22520277723687207,0.07878750310212279,120,120,matched_tail_raw_baseline
后期,Greedy,Greedy,trust_failure_rate,信誉失败率,lower,0.22381053882171884,0.1393888138089479,120,120,matched_tail_raw_baseline
后期,LB-Greedy,LB-Greedy,trust_failure_rate,信誉失败率,lower,0.22456289374954003,0.0718547450463499,120,120,matched_tail_raw_baseline
后期,Local-Only,Local-Only,trust_failure_rate,信誉失败率,lower,0.0,0.0,120,120,matched_tail_raw_baseline
后期,Random,Random,trust_failure_rate,信誉失败率,lower,0.2193497475710611,0.07841716828791928,120,120,matched_tail_raw_baseline
后期,Static,Static,trust_failure_rate,信誉失败率,lower,0.21043639388279994,0.13544221304027834,120,120,matched_tail_raw_baseline
后期,当前算法(MAPPO),MAPPO,trust_failure_rate,信誉失败率,lower,0.041666666666666664,0.20066416332413978,120,120,matched_tail_raw_baseline
