episode,policy,reward_mean,reward_total,vehicle_sr,task_sr,subtask_sr,v2v_subtask_sr,ratio_local,ratio_rsu,ratio_v2v,decision_frac_local,decision_frac_rsu,decision_frac_v2v,avg_power,power_ratio_mean,power_ratio_p95,episode_time_seconds,mean_cft_est,mean_cft_completed,task_duration_mean,task_duration_p95,deadline_miss_rate,time_limit_rate,illegal_action_rate,no_task_rate,on_task_rate,has_task_available_rate,unified_illegal_trigger_rate,I_total_mean,I_total_p50,I_total_p95,I_caused_mean,I_caused_p95,rho_selected_mean,rho_selected_p10,risk_penalty_mean,rho_selected_p50,rho_selected_p95,rho_selected_lt_0p6_rate,rho_selected_lt_0p7_rate,uncertainty_selected_mean,uncertainty_selected_p90,chain_tx_total,chain_p95_mean,chain_pfail_mean,chain_risk_cost_total,trust_attempts,trust_failures,trust_failure_rate,trust_retry_count,avg_queue_len,avg_rsu_queue
1,Static,-0.00519103148865079,-0.7526995658543645,0.5,0.5,0.8701923076923077,0.0,0.0996551724137931,0.9003448275862069,0.0,0.0996551724137931,0.9003448275862069,0.0,1.0,1.0,1.0,14.499999999999964,15.707005882263164,8.359999999999985,8.359999999999985,13.309999999999969,0.5,0.0,0.0,0.8403448275862069,0.15965517241379312,0.15965517241379312,0.0,0.0,0.0,0.0,0.0,0.0,0.7903026342391968,0.7200000286102295,0.05337442457675934,,,,,0.055744756013154984,0.1111111119389534,443,0.0,0.0,0.0,432,84,0.19444444444444445,84,0.06517241379310344,23.24137931034483
2,Static,-0.03069039001293209,-3.6214660215259866,0.95,0.95,0.9953161592505855,0.0,0.061016949152542375,0.9389830508474576,0.0,0.061016949152542375,0.9389830508474576,0.0,1.0,1.0,1.0,11.799999999999974,11.850796852111793,9.194736842105247,9.194736842105247,11.619999999999974,0.05,0.0,0.0,0.7970338983050848,0.20296610169491525,0.20296610169491525,0.0,0.0,0.0,0.0,0.0,0.0,0.8580964207649231,0.800000011920929,0.03176093101501465,,,,,0.05794686824083328,0.1428571492433548,461,0.0,0.0,0.0,460,53,0.11521739130434783,53,0.04025423728813559,25.796610169491526
3,Static,-0.053758560656925795,-6.77357864277265,0.95,0.95,1.0,0.0,0.15912698412698412,0.8408730158730159,0.0,0.15912698412698412,0.8408730158730159,0.0,1.0,1.0,1.0,12.599999999999971,12.59999999999997,9.039999999999983,9.039999999999983,12.409999999999972,0.05,0.0,0.0,0.8186507936507936,0.18134920634920637,0.18134920634920637,0.0,0.0,0.0,0.0,0.0,0.0,0.8573155999183655,0.75,0.03141120821237564,,,,,0.0648961290717125,0.25,396,0.0,0.0,0.0,396,38,0.09595959595959595,38,0.1488095238095238,21.261904761904763
4,Static,-0.026710274905241825,-3.36549463806047,0.6,0.6,0.9600997506234414,0.0,0.12857142857142856,0.8714285714285714,0.0,0.12857142857142856,0.8714285714285714,0.0,1.0,1.0,1.0,12.599999999999971,12.971135845184307,9.323076923076908,9.323076923076908,11.839999999999973,0.4,0.0,0.0,0.8162698412698413,0.18373015873015874,0.18373015873015874,0.0,0.0,0.0,0.0,0.0,0.0,0.7863566279411316,0.5,0.05653714761137962,,,,,0.05769426375627518,0.20000000298023224,433,0.0,0.0,0.0,427,69,0.16159250585480095,69,0.08015873015873017,25.166666666666668
5,Static,-0.058786182375162185,-8.700354991524003,0.55,0.55,0.8862559241706162,0.0,0.11756756756756757,0.8824324324324324,0.0,0.11756756756756757,0.8824324324324324,0.0,1.0,1.0,1.0,14.799999999999963,15.582085742950417,9.04545454545453,9.04545454545453,12.049999999999972,0.45,0.0,0.0,0.8172297297297297,0.18277027027027026,0.18277027027027026,0.0,0.0,0.0,0.0,0.0,0.0,0.6584278345108032,0.4639543294906616,0.11972129344940186,,,,,0.04993974417448044,0.10000000149011612,502,0.0,0.0,0.0,490,154,0.3142857142857143,154,0.10506756756756756,22.945945945945947
6,Static,-0.010943194329641416,-1.5320472061497983,0.75,0.75,0.9493975903614458,0.0,0.1075,0.8925,0.0,0.1075,0.8925,0.0,1.0,1.0,1.0,13.999999999999966,14.414953947067236,8.959999999999983,8.959999999999983,12.349999999999971,0.25,0.0,0.0,0.8432142857142857,0.1567857142857143,0.1567857142857143,0.0,0.0,0.0,0.0,0.0,0.0,0.8524354696273804,0.7272727489471436,0.033985067158937454,,,,,0.0605902336537838,0.13749967515468597,404,0.0,0.0,0.0,401,39,0.09725685785536159,39,0.1425,20.635714285714286
7,Static,-0.007600786358258391,-1.109714808305725,0.65,0.65,0.9396751740139211,0.0,0.13356164383561644,0.8664383561643836,0.0,0.13356164383561644,0.8664383561643836,0.0,1.0,1.0,1.0,14.599999999999964,15.166572132110574,9.015384615384601,9.015384615384601,12.89999999999997,0.35,0.0,0.0,0.8458904109589042,0.15410958904109584,0.15410958904109584,0.0,0.0,0.0,0.0,0.0,0.0,0.8657036423683167,0.800000011920929,0.02932850457727909,,,,,0.06271883845329285,0.20000000298023224,398,0.0,0.0,0.0,392,34,0.08673469387755102,34,0.1780821917808219,21.554794520547944
8,Static,-0.005424711787044255,-0.9384751391586561,0.25,0.25,0.8208232445520581,0.0,0.1531791907514451,0.846820809248555,0.0,0.1531791907514451,0.846820809248555,0.0,1.0,1.0,1.0,17.299999999999976,18.536287117004385,6.079999999999994,6.079999999999994,11.359999999999975,0.75,0.0,0.0,0.8736994219653179,0.1263005780346821,0.1263005780346821,0.0,0.0,0.0,0.0,0.0,0.0,0.7410809993743896,0.6190476417541504,0.07012864947319031,,,,,0.061142608523368835,0.1666666716337204,401,0.0,0.0,0.0,387,77,0.19896640826873385,77,0.15,19.45086705202312
9,Static,-0.1011335187199283,-12.641689839991038,0.7,0.7,0.9391100702576113,0.0,0.198,0.802,0.0,0.198,0.802,0.0,1.0,1.0,1.0,12.499999999999972,12.783382368087748,9.464285714285696,9.464285714285696,12.499999999999972,0.3,0.0,0.0,0.8216,0.1784,0.1784,0.0,0.0,0.0,0.0,0.0,0.0,0.8298631310462952,0.6666666865348816,0.04161283001303673,,,,,0.06442434340715408,0.20000000298023224,371,0.0,0.0,0.0,365,37,0.10136986301369863,37,0.1988,23.112
10,Static,-0.0290063911936562,-3.9448692023372436,0.55,0.55,0.9429928741092637,0.0,0.13455882352941176,0.8654411764705883,0.0,0.13455882352941176,0.8654411764705883,0.0,1.0,1.0,1.0,13.599999999999968,14.153603420257548,10.758333333333312,10.758333333333312,13.214999999999968,0.45,0.0,0.0,0.7948529411764705,0.20514705882352946,0.20514705882352946,0.0,0.0,0.0,0.0,0.0,0.0,0.6839750409126282,0.43589743971824646,0.10582761466503143,,,,,0.04730216786265373,0.10000000149011612,520,0.0,0.0,0.0,515,152,0.29514563106796116,152,0.1761029411764706,24.941176470588236
11,Static,-0.006304071109342179,-0.8258333153238254,0.75,0.75,0.9538834951456311,0.0,0.1148854961832061,0.8851145038167939,0.0,0.1148854961832061,0.8851145038167939,0.0,1.0,1.0,1.0,13.09999999999997,13.476958370208717,8.273333333333321,8.273333333333321,11.249999999999975,0.25,0.0,0.0,0.8316793893129771,0.16832061068702286,0.16832061068702286,0.0,0.0,0.0,0.0,0.0,0.0,0.8641405701637268,0.75,0.029498619958758354,,,,,0.060647930949926376,0.1428571492433548,416,0.0,0.0,0.0,411,41,0.09975669099756691,41,0.09885496183206106,21.81679389312977
12,Static,-0.0892582555512531,-12.496155777175433,0.65,0.65,0.9388753056234719,0.0,0.20642857142857143,0.7935714285714286,0.0,0.20642857142857143,0.7935714285714286,0.0,1.0,1.0,1.0,13.999999999999966,14.38623008728025,9.97692307692306,9.97692307692306,12.179999999999971,0.35,0.0,0.0,0.8210714285714286,0.17892857142857144,0.17892857142857144,0.0,0.0,0.0,0.0,0.0,0.0,0.6899385452270508,0.44999998807907104,0.09979648888111115,,,,,0.05528463050723076,0.125,438,0.0,0.0,0.0,430,106,0.24651162790697675,106,0.15821428571428572,22.37857142857143
13,Static,-0.06227998430309861,-9.217437676858594,0.45,0.45,0.7383177570093458,0.0,0.06452702702702702,0.9354729729729729,0.0,0.06452702702702702,0.9354729729729729,0.0,1.0,1.0,1.0,14.799999999999963,16.17224379539488,7.2222222222222126,7.2222222222222126,13.319999999999968,0.55,0.0,0.0,0.839527027027027,0.16047297297297303,0.16047297297297303,0.0,0.0,0.0,0.0,0.0,0.0,0.6575996279716492,0.5,0.11282117664813995,,,,,0.05676257982850075,0.1547619104385376,446,0.0,0.0,0.0,430,143,0.3325581395348837,143,0.03581081081081081,23.95945945945946
14,Static,-0.038578611228662824,-4.938062237268841,0.95,0.95,0.9929577464788732,0.0,0.15234375,0.84765625,0.0,0.15234375,0.84765625,0.0,1.0,1.0,1.0,12.79999999999997,12.854340801238987,8.5736842105263,8.5736842105263,11.419999999999975,0.05,0.0,0.0,0.829296875,0.17070312499999996,0.17070312499999996,0.0,0.0,0.0,0.0,0.0,0.0,0.9057114720344543,0.75,0.022403016686439514,,,,,0.0678565725684166,0.25,379,0.0,0.0,0.0,379,12,0.0316622691292876,12,0.183203125,20.6328125
15,Static,-0.0039126421997654785,-0.4734297061716229,0.75,0.75,0.9476190476190476,0.0,0.048760330578512395,0.9512396694214876,0.0,0.048760330578512395,0.9512396694214876,0.0,1.0,1.0,1.0,12.099999999999973,12.297292137145975,8.939999999999982,8.939999999999982,11.609999999999975,0.25,0.0,0.0,0.8181818181818182,0.18181818181818177,0.18181818181818177,0.0,0.0,0.0,0.0,0.0,0.0,0.887139618396759,0.7777777910232544,0.024298319593071938,,,,,0.058897778391838074,0.1428571492433548,421,0.0,0.0,0.0,412,33,0.08009708737864078,33,0.04214876033057851,25.710743801652892
16,Static,-0.056605291931187594,-8.773820249334078,0.4,0.4,0.8409638554216867,0.0,0.15483870967741936,0.8451612903225807,0.0,0.15483870967741936,0.8451612903225807,0.0,1.0,1.0,1.0,15.499999999999961,16.703158283233627,10.762499999999978,10.762499999999978,15.289999999999962,0.6,0.0,0.0,0.8535483870967742,0.14645161290322584,0.14645161290322584,0.0,0.0,0.0,0.0,0.0,0.0,0.7267186641693115,0.5857143402099609,0.07447613775730133,,,,,0.057136669754981995,0.1428571492433548,395,0.0,0.0,0.0,384,92,0.23958333333333334,92,0.15645161290322582,25.52258064516129
17,Static,-0.08611762765710035,-13.864938052793157,0.45,0.45,0.7583732057416268,0.0,0.12795031055900621,0.8720496894409938,0.0,0.12795031055900621,0.8720496894409938,0.0,1.0,1.0,1.0,16.09999999999996,17.63075191497801,7.266666666666656,7.266666666666656,9.479999999999983,0.55,0.0,0.0,0.8422360248447205,0.1577639751552795,0.1577639751552795,0.0,0.0,0.0,0.0,0.0,0.0,0.5921102166175842,0.4128691852092743,0.14936977624893188,,,,,0.05275902897119522,0.11666658520698547,457,0.0,0.0,0.0,440,168,0.38181818181818183,168,0.09627329192546584,19.559006211180126
18,Static,-0.03195916749171184,-4.985630128707047,0.3,0.3,0.8004866180048662,0.0,0.12115384615384615,0.8788461538461538,0.0,0.12115384615384615,0.8788461538461538,0.0,1.0,1.0,1.0,15.59999999999996,16.673423223495472,9.016666666666652,9.016666666666652,14.574999999999964,0.7,0.0,0.0,0.8621794871794872,0.13782051282051277,0.13782051282051277,0.0,0.0,0.0,0.0,0.0,0.0,0.767699122428894,0.5952380895614624,0.060381725430488586,,,,,0.06030949205160141,0.1428571492433548,396,0.0,0.0,0.0,375,79,0.21066666666666667,79,0.06923076923076923,27.583333333333332
19,Static,-0.04537384752913009,-5.26336631337909,0.95,0.95,0.995049504950495,0.0,0.15474137931034482,0.8452586206896552,0.0,0.15474137931034482,0.8452586206896552,0.0,1.0,1.0,1.0,11.599999999999975,11.658836431503271,8.505263157894722,8.505263157894722,10.159999999999977,0.05,0.0,0.0,0.7943965517241379,0.20560344827586208,0.20560344827586208,0.0,0.0,0.0,0.0,0.0,0.0,0.7730261087417603,0.59375,0.06338981539011002,,,,,0.0598350390791893,0.1428571492433548,428,0.0,0.0,0.0,428,74,0.17289719626168223,74,0.14913793103448275,21.698275862068964
20,Static,-0.07947176917135408,-11.284991222332279,0.5,0.5,0.9160671462829736,0.0,0.12429577464788732,0.8757042253521127,0.0,0.12429577464788732,0.8757042253521127,0.0,1.0,1.0,1.0,14.199999999999966,14.695599079132066,8.079999999999988,8.079999999999988,11.83499999999997,0.5,0.0,0.0,0.821830985915493,0.17816901408450703,0.17816901408450703,0.0,0.0,0.0,0.0,0.0,0.0,0.7513055205345154,0.7272727489471436,0.06380157172679901,,,,,0.053897734731435776,0.125,454,0.0,0.0,0.0,447,114,0.2550335570469799,114,0.08169014084507042,23.049295774647888
21,Static,-0.09116518556321616,-14.586429690114587,0.55,0.55,0.8811188811188811,0.0,0.2340625,0.7659375,0.0,0.2340625,0.7659375,0.0,1.0,1.0,1.0,15.99999999999996,16.85619668960569,9.099999999999984,9.099999999999984,14.049999999999965,0.45,0.0,0.0,0.828125,0.171875,0.171875,0.0,0.0,0.0,0.0,0.0,0.0,0.6199190020561218,0.5,0.12407423555850983,,,,,0.05173972621560097,0.10000000149011612,461,0.0,0.0,0.0,454,160,0.3524229074889868,160,0.2421875,18.69375
22,Static,-0.03914754326115172,-5.637246229605847,0.25,0.25,0.8121951219512196,0.0,0.1125,0.8875,0.0,0.1125,0.8875,0.0,1.0,1.0,1.0,14.399999999999965,15.438348054885855,7.519999999999987,7.519999999999987,13.679999999999966,0.75,0.0,0.0,0.8465277777777778,0.15347222222222223,0.15347222222222223,0.0,0.0,0.0,0.0,0.0,0.0,0.7399836778640747,0.6666666865348816,0.0686199963092804,,,,,0.06261902302503586,0.20000000298023224,397,0.0,0.0,0.0,380,87,0.22894736842105262,87,0.10381944444444445,25.95138888888889
23,Static,0.008213147883902424,1.0184303376039006,0.8,0.8,0.9667458432304038,0.0,0.025403225806451612,0.9745967741935484,0.0,0.025403225806451612,0.9745967741935484,0.0,1.0,1.0,1.0,12.399999999999972,12.521382493972757,9.056249999999983,9.056249999999983,12.099999999999973,0.2,0.0,0.0,0.8302419354838709,0.16975806451612907,0.16975806451612907,0.0,0.0,0.0,0.0,0.0,0.0,0.9390574097633362,0.8333333134651184,0.015441624447703362,,,,,0.05964445322751999,0.1666666716337204,413,0.0,0.0,0.0,403,4,0.009925558312655087,4,0.03588709677419355,28.056451612903224
24,Static,-0.061580818230636936,-8.559733734058534,0.65,0.65,0.9150485436893204,0.0,0.2068345323741007,0.7931654676258992,0.0,0.2068345323741007,0.7931654676258992,0.0,1.0,1.0,1.0,13.899999999999967,14.413193283081034,8.469230769230757,8.469230769230757,11.919999999999973,0.35,0.0,0.0,0.8399280575539568,0.16007194244604317,0.16007194244604317,0.0,0.0,0.0,0.0,0.0,0.0,0.7976563572883606,0.75,0.04847519472241402,,,,,0.06683504581451416,0.20000000298023224,376,0.0,0.0,0.0,371,59,0.15902964959568733,59,0.1564748201438849,20.79136690647482
25,Static,-0.029556471580535267,-3.87189777705012,0.65,0.65,0.9460093896713615,0.0,0.11068702290076336,0.8893129770992366,0.0,0.11068702290076336,0.8893129770992366,0.0,1.0,1.0,1.0,13.09999999999997,13.3806198787689,9.321428571428555,9.321428571428555,12.734999999999971,0.35,0.0,0.0,0.8309160305343511,0.16908396946564885,0.16908396946564885,0.0,0.0,0.0,0.0,0.0,0.0,0.8798661231994629,0.8571428656578064,0.02589312009513378,,,,,0.06339632719755173,0.1428571492433548,400,0.0,0.0,0.0,394,34,0.08629441624365482,34,0.1,26.00763358778626
26,Static,-0.05983341917577228,-9.693013906475109,0.2,0.2,0.7363636363636363,0.0,0.1626543209876543,0.8373456790123457,0.0,0.1626543209876543,0.8373456790123457,0.0,1.0,1.0,1.0,16.19999999999996,18.19708398818969,10.624999999999979,10.624999999999979,11.499999999999975,0.8,0.0,0.0,0.799074074074074,0.20092592592592595,0.20092592592592595,0.0,0.0,0.0,0.0,0.0,0.0,0.46826913952827454,0.31683167815208435,0.19663985073566437,,,,,0.039575401693582535,0.0625,593,0.0,0.0,0.0,569,298,0.523725834797891,298,0.17623456790123457,21.98148148148148
27,Static,-0.04813665498492712,-7.268634902723996,0.3,0.3,0.7806603773584906,0.0,0.10132450331125828,0.8986754966887417,0.0,0.10132450331125828,0.8986754966887417,0.0,1.0,1.0,1.0,15.099999999999962,16.52187035560607,8.299999999999985,8.299999999999985,13.049999999999969,0.7,0.0,0.0,0.8503311258278146,0.14966887417218544,0.14966887417218544,0.0,0.0,0.0,0.0,0.0,0.0,0.683540940284729,0.6071428656578064,0.09094003587961197,,,,,0.056213609874248505,0.125,419,0.0,0.0,0.0,403,102,0.2531017369727047,102,0.0652317880794702,26.364238410596027
28,Static,-0.010416694746001353,-1.3333369274881732,0.8,0.8,0.9925187032418953,0.0,0.100390625,0.899609375,0.0,0.100390625,0.899609375,0.0,1.0,1.0,1.0,12.79999999999997,12.837645025253272,9.255555555555539,9.255555555555539,11.779999999999973,0.2,0.0,0.0,0.809765625,0.19023437499999996,0.19023437499999996,0.0,0.0,0.0,0.0,0.0,0.0,0.7792697548866272,0.6470588445663452,0.055641207844018936,,,,,0.05363992229104042,0.125,461,0.0,0.0,0.0,461,88,0.19088937093275488,88,0.107421875,22.6015625
29,Static,-0.037091167905192284,-4.896034163485381,0.85,0.85,0.9879227053140096,0.0,0.10606060606060606,0.8939393939393939,0.0,0.10606060606060606,0.8939393939393939,0.0,1.0,1.0,1.0,13.199999999999969,13.333927078247044,8.805882352941161,8.805882352941161,10.799999999999976,0.15,0.0,0.0,0.8125,0.1875,0.1875,0.0,0.0,0.0,0.0,0.0,0.0,0.8025537729263306,0.75,0.04741049185395241,,,,,0.05514811724424362,0.125,460,0.0,0.0,0.0,459,84,0.1830065359477124,84,0.1303030303030303,20.946969696969695
30,Static,-0.004913792665050171,-0.7223275217623752,0.25,0.25,0.7423887587822015,0.0,0.022789115646258504,0.9772108843537415,0.0,0.022789115646258504,0.9772108843537415,0.0,1.0,1.0,1.0,14.699999999999964,16.173027992248528,8.639999999999983,8.639999999999983,14.599999999999964,0.75,0.0,0.0,0.8571428571428571,0.1428571428571429,0.1428571428571429,0.0,0.0,0.0,0.0,0.0,0.0,0.7782663106918335,0.5833333134651184,0.05765918642282486,,,,,0.055231887847185135,0.125,420,0.0,0.0,0.0,391,74,0.18925831202046037,74,0.0,29.700680272108844
31,Static,-0.03577983361167488,-4.973396872022809,0.35,0.35,0.8393285371702638,0.0,0.1039568345323741,0.8960431654676259,0.0,0.1039568345323741,0.8960431654676259,0.0,1.0,1.0,1.0,13.899999999999967,14.835657920837392,6.385714285714279,6.385714285714279,9.169999999999984,0.65,0.0,0.0,0.8305755395683453,0.1694244604316547,0.1694244604316547,0.0,0.0,0.0,0.0,0.0,0.0,0.6998440027236938,0.6071428656578064,0.08566568046808243,,,,,0.05256474390625954,0.125,438,0.0,0.0,0.0,424,104,0.24528301886792453,104,0.08057553956834532,21.992805755395683
32,Static,-0.009393120990883328,-1.2492850917874827,0.65,0.65,0.9158653846153846,0.0,0.04774436090225564,0.9522556390977444,0.0,0.04774436090225564,0.9522556390977444,0.0,1.0,1.0,1.0,13.299999999999969,13.704102582931498,9.353846153846137,9.353846153846137,13.119999999999969,0.35,0.0,0.0,0.818796992481203,0.18120300751879703,0.18120300751879703,0.0,0.0,0.0,0.0,0.0,0.0,0.7583574652671814,0.692307710647583,0.06398985534906387,,,,,0.05327915772795677,0.125,465,0.0,0.0,0.0,451,87,0.19290465631929046,87,0.05413533834586466,24.51127819548872
33,Static,-0.07986645768374419,-14.056496552338977,0.15,0.15,0.596244131455399,0.0,0.16079545454545455,0.8392045454545455,0.0,0.16079545454545455,0.8392045454545455,0.0,1.0,1.0,1.0,17.59999999999998,19.98208364486694,4.433333333333333,4.433333333333333,5.179999999999998,0.85,0.0,0.0,0.8599431818181819,0.14005681818181814,0.14005681818181814,0.0,0.0,0.0,0.0,0.0,0.0,0.45177167654037476,0.3515625,0.20961441099643707,,,,,0.05682073161005974,0.1428571492433548,417,0.0,0.0,0.0,398,210,0.5276381909547738,210,0.15482954545454544,20.1875
34,Static,-0.07708541215096179,-10.714872288983688,0.65,0.65,0.9611650485436893,0.0,0.2143884892086331,0.7856115107913669,0.0,0.2143884892086331,0.7856115107913669,0.0,1.0,1.0,1.0,13.899999999999967,14.349353342056252,9.328571428571411,9.328571428571411,13.339999999999968,0.35,0.0,0.0,0.8276978417266188,0.17230215827338125,0.17230215827338125,0.0,0.0,0.0,0.0,0.0,0.0,0.7380236387252808,0.625,0.06945398449897766,,,,,0.06121331825852394,0.1666666716337204,389,0.0,0.0,0.0,386,77,0.19948186528497408,77,0.289568345323741,18.755395683453237
35,Static,-0.06781230047540002,-10.171845071310003,0.5,0.5,0.8598574821852731,0.0,0.11633333333333333,0.8836666666666667,0.0,0.11633333333333333,0.8836666666666667,0.0,1.0,1.0,1.0,14.999999999999963,15.955159473419169,11.369999999999974,11.369999999999974,14.144999999999964,0.5,0.0,0.0,0.8043333333333333,0.19566666666666666,0.19566666666666666,0.0,0.0,0.0,0.0,0.0,0.0,0.5717288255691528,0.3928571343421936,0.14723409712314606,,,,,0.04475652799010277,0.07692307978868484,544,0.0,0.0,0.0,533,211,0.39587242026266417,211,0.09133333333333334,23.48
36,Static,-0.023340888389460274,-3.291065262913899,0.25,0.25,0.7976190476190477,0.0,0.02624113475177305,0.973758865248227,0.0,0.02624113475177305,0.973758865248227,0.0,1.0,1.0,1.0,14.099999999999966,15.010171699523918,9.379999999999981,9.379999999999981,13.739999999999966,0.75,0.0,0.0,0.8634751773049646,0.1365248226950354,0.1365248226950354,0.0,0.0,0.0,0.0,0.0,0.0,0.8985288143157959,0.7087104320526123,0.025040049105882645,,,,,0.06139253452420235,0.1547619104385376,376,0.0,0.0,0.0,346,20,0.057803468208092484,20,0.021631205673758865,32.41843971631206
37,Static,-0.07738071952322034,-11.839250087052712,0.3,0.3,0.8032786885245902,0.0,0.16013071895424835,0.8398692810457516,0.0,0.16013071895424835,0.8398692810457516,0.0,1.0,1.0,1.0,15.299999999999962,16.684138669967638,7.183333333333323,7.183333333333323,13.599999999999968,0.7,0.0,0.0,0.85,0.15000000000000002,0.15000000000000002,0.0,0.0,0.0,0.0,0.0,0.0,0.7466904520988464,0.6666666865348816,0.06823549419641495,,,,,0.05971303954720497,0.1666666716337204,402,0.0,0.0,0.0,386,96,0.24870466321243523,96,0.13071895424836602,22.84313725490196
38,Static,0.00012565495037632936,0.018094312854191427,0.95,0.95,0.988009592326139,0.0,0.16354166666666667,0.8364583333333333,0.0,0.16354166666666667,0.8364583333333333,0.0,1.0,1.0,1.0,14.399999999999965,14.588008861541715,8.484210526315774,8.484210526315774,11.129999999999976,0.05,0.0,0.0,0.85,0.15000000000000002,0.15000000000000002,0.0,0.0,0.0,0.0,0.0,0.0,0.921862781047821,0.800000011920929,0.018711483106017113,,,,,0.06400618702173233,0.20000000298023224,395,0.0,0.0,0.0,395,17,0.043037974683544304,17,0.13229166666666667,19.006944444444443
39,Static,-0.051740393714371426,-7.812799450870085,0.15,0.15,0.5320665083135392,0.0,0.15529801324503312,0.8447019867549669,0.0,0.15529801324503312,0.8447019867549669,0.0,1.0,1.0,1.0,15.099999999999962,17.770624675750728,3.466666666666668,3.466666666666668,4.130000000000001,0.85,0.0,0.0,0.8549668874172185,0.1450331125827815,0.1450331125827815,0.0,0.0,0.0,0.0,0.0,0.0,0.4911065995693207,0.39118194580078125,0.1920909434556961,,,,,0.060275983065366745,0.20000000298023224,383,0.0,0.0,0.0,364,185,0.5082417582417582,185,0.15960264900662252,20.013245033112582
40,Static,-0.04675522556334164,-6.498976353304488,0.3,0.3,0.8325471698113207,0.0,0.12877697841726618,0.8712230215827338,0.0,0.12877697841726618,0.8712230215827338,0.0,1.0,1.0,1.0,13.899999999999967,15.39330452919005,8.228571428571415,8.228571428571415,13.259999999999968,0.7,0.0,0.0,0.8420863309352518,0.15791366906474824,0.15791366906474824,0.0,0.0,0.0,0.0,0.0,0.0,0.763495147228241,0.7058823704719543,0.05962751433253288,,,,,0.059956248849630356,0.1595233827829361,394,0.0,0.0,0.0,381,71,0.18635170603674542,71,0.12050359712230216,26.237410071942445
41,Static,0.004191637781243032,0.6413205805301839,0.95,0.95,0.9855072463768116,0.0,0.18529411764705883,0.8147058823529412,0.0,0.18529411764705883,0.8147058823529412,0.0,1.0,1.0,1.0,15.299999999999962,15.49719291687008,7.968421052631567,7.968421052631567,9.909999999999979,0.05,0.0,0.0,0.8555555555555555,0.1444444444444445,0.1444444444444445,0.0,0.0,0.0,0.0,0.0,0.0,0.8912543654441833,0.6666666865348816,0.026040371507406235,,,,,0.06063932925462723,0.1428571492433548,417,0.0,0.0,0.0,417,31,0.07434052757793765,31,0.12516339869281046,15.973856209150327
42,Static,-0.027709829299563192,-4.073344907035789,0.45,0.45,0.8755868544600939,0.0,0.15,0.85,0.0,0.15,0.85,0.0,1.0,1.0,1.0,14.699999999999964,15.514577093124373,10.29999999999998,10.29999999999998,13.25999999999997,0.55,0.0,0.0,0.8442176870748299,0.15578231292517009,0.15578231292517009,0.0,0.0,0.0,0.0,0.0,0.0,0.7990871667861938,0.6225000619888306,0.05121883749961853,,,,,0.061033111065626144,0.16999919712543488,400,0.0,0.0,0.0,390,69,0.17692307692307693,69,0.1520408163265306,24.20408163265306
43,Static,-0.04192186374217734,-5.910982787647004,0.5,0.5,0.8899297423887588,0.0,0.14361702127659576,0.8563829787234043,0.0,0.14361702127659576,0.8563829787234043,0.0,1.0,1.0,1.0,14.099999999999966,15.01396179199217,8.829999999999984,8.829999999999984,13.604999999999967,0.5,0.0,0.0,0.8443262411347517,0.15567375886524826,0.15567375886524826,0.0,0.0,0.0,0.0,0.0,0.0,0.8229024410247803,0.7142857313156128,0.041946545243263245,,,,,0.06382515281438828,0.20000000298023224,397,0.0,0.0,0.0,389,48,0.12339331619537275,48,0.08156028368794327,25.092198581560282
44,Static,-0.07382456372753991,-10.261614358128048,0.8,0.8,0.9759615384615384,0.0,0.19892086330935252,0.8010791366906475,0.0,0.19892086330935252,0.8010791366906475,0.0,1.0,1.0,1.0,13.899999999999967,14.198347177505465,8.952941176470572,8.952941176470572,11.779999999999973,0.2,0.0,0.0,0.8449640287769784,0.1550359712230216,0.1550359712230216,0.0,0.0,0.0,0.0,0.0,0.0,0.8854385018348694,0.7700001001358032,0.025156838819384575,,,,,0.06742912530899048,0.230000302195549,365,0.0,0.0,0.0,363,20,0.05509641873278237,20,0.16762589928057553,21.165467625899282
45,Static,-0.10922188753589288,-15.509508030096788,0.55,0.55,0.9124087591240876,0.0,0.15985915492957747,0.8401408450704225,0.0,0.15985915492957747,0.8401408450704225,0.0,1.0,1.0,1.0,14.199999999999966,14.692012948989847,9.616666666666648,9.616666666666648,13.704999999999966,0.45,0.0,0.0,0.8503521126760564,0.14964788732394363,0.14964788732394363,0.0,0.0,0.0,0.0,0.0,0.0,0.870148241519928,0.75,0.02885805442929268,,,,,0.06748543679714203,0.25,360,0.0,0.0,0.0,348,38,0.10919540229885058,38,0.126056338028169,26.577464788732396
46,Static,-0.06956801017963445,-10.01779346586736,0.65,0.65,0.8909952606635071,0.0,0.13541666666666666,0.8645833333333334,0.0,0.13541666666666666,0.8645833333333334,0.0,1.0,1.0,1.0,14.399999999999965,15.000615081787089,9.292307692307675,9.292307692307675,13.17999999999997,0.35,0.0,0.0,0.8361111111111111,0.16388888888888886,0.16388888888888886,0.0,0.0,0.0,0.0,0.0,0.0,0.7122869491577148,0.5996774435043335,0.08165231347084045,,,,,0.060915857553482056,0.1666666716337204,410,0.0,0.0,0.0,403,88,0.21836228287841192,88,0.15555555555555556,22.006944444444443
47,Static,-0.053258441759220086,-7.083372753976271,0.9,0.9,0.9832535885167464,0.0,0.24398496240601503,0.7560150375939849,0.0,0.24398496240601503,0.7560150375939849,0.0,1.0,1.0,1.0,13.299999999999969,13.630953617095917,8.038888888888875,8.038888888888875,9.574999999999982,0.1,0.0,0.0,0.8229323308270676,0.17706766917293237,0.17706766917293237,0.0,0.0,0.0,0.0,0.0,0.0,0.7968850135803223,0.6666666865348816,0.05046728625893593,,,,,0.06172548234462738,0.1666666716337204,399,0.0,0.0,0.0,399,57,0.14285714285714285,57,0.2518796992481203,16.533834586466167
48,Static,-0.05714376977375327,-8.40013415674173,0.6,0.6,0.9414634146341463,0.0,0.1945578231292517,0.8054421768707483,0.0,0.1945578231292517,0.8054421768707483,0.0,1.0,1.0,1.0,14.699999999999964,15.05484773635862,9.216666666666649,9.216666666666649,12.644999999999971,0.4,0.0,0.0,0.8540816326530613,0.14591836734693875,0.14591836734693875,0.0,0.0,0.0,0.0,0.0,0.0,0.8729603886604309,0.6538461446762085,0.03309597074985504,,,,,0.06501214951276779,0.20000000298023224,372,0.0,0.0,0.0,365,30,0.0821917808219178,30,0.15884353741496599,23.19047619047619
49,Static,-0.030096513924156663,-4.7552492000167526,0.2,0.2,0.5912408759124088,0.0,0.17120253164556962,0.8287974683544304,0.0,0.17120253164556962,0.8287974683544304,0.0,1.0,1.0,1.0,15.79999999999996,17.898246536254874,5.9249999999999945,5.9249999999999945,9.41999999999998,0.8,0.0,0.0,0.8556962025316456,0.14430379746835442,0.14430379746835442,0.0,0.0,0.0,0.0,0.0,0.0,0.5139043927192688,0.4193548262119293,0.1747545748949051,,,,,0.058117836713790894,0.1499989926815033,405,0.0,0.0,0.0,385,186,0.4831168831168831,186,0.1778481012658228,18.4873417721519
50,Static,-0.042586220577612084,-6.387933086641813,0.2,0.2,0.7494252873563219,0.0,0.09233333333333334,0.9076666666666666,0.0,0.09233333333333334,0.9076666666666666,0.0,1.0,1.0,1.0,14.999999999999963,16.518750333786002,6.699999999999991,6.699999999999991,13.409999999999965,0.8,0.0,0.0,0.856,0.14400000000000002,0.14400000000000002,0.0,0.0,0.0,0.0,0.0,0.0,0.7619044184684753,0.731408953666687,0.060914117842912674,,,,,0.0599575974047184,0.1666666716337204,392,0.0,0.0,0.0,371,77,0.20754716981132076,77,0.09533333333333334,25.866666666666667
51,Static,-0.02911191257095008,-4.075667759933011,0.8,0.8,0.9505882352941176,0.0,0.12428571428571429,0.8757142857142857,0.0,0.12428571428571429,0.8757142857142857,0.0,1.0,1.0,1.0,13.999999999999966,14.315406847000094,9.437499999999982,9.437499999999982,12.84999999999997,0.2,0.0,0.0,0.8275,0.1725,0.1725,0.0,0.0,0.0,0.0,0.0,0.0,0.7783331274986267,0.5,0.061197664588689804,,,,,0.05726252868771553,0.1666666716337204,443,0.0,0.0,0.0,442,75,0.16968325791855204,75,0.07321428571428572,23.114285714285714
52,Static,-0.029680566759206398,-5.401863150175564,0.4,0.4,0.8701923076923077,0.0,0.1401098901098901,0.8598901098901099,0.0,0.1401098901098901,0.8598901098901099,0.0,1.0,1.0,1.0,18.19999999999999,19.212948265075678,8.455555555555542,8.455555555555542,13.339999999999968,0.6,0.0,0.0,0.8684065934065934,0.13159340659340657,0.13159340659340657,0.0,0.0,0.0,0.0,0.0,0.0,0.7127854824066162,0.6153846383094788,0.07962465286254883,,,,,0.05753174051642418,0.125,432,0.0,0.0,0.0,418,102,0.24401913875598086,102,0.12362637362637363,18.439560439560438
53,Static,-0.004162665399458725,-0.6243998099188087,0.4,0.4,0.8302325581395349,0.0,0.039,0.961,0.0,0.039,0.961,0.0,1.0,1.0,1.0,14.999999999999963,16.16700525283812,9.237499999999983,9.237499999999983,14.864999999999963,0.6,0.0,0.0,0.8533333333333334,0.1466666666666666,0.1466666666666666,0.0,0.0,0.0,0.0,0.0,0.0,0.8124875426292419,0.75,0.04361634701490402,,,,,0.057860925793647766,0.1428571492433548,427,0.0,0.0,0.0,406,61,0.15024630541871922,61,0.041,27.993333333333332
54,Static,-0.06831545847607386,-9.56416418665034,0.45,0.45,0.8780487804878049,0.0,0.12214285714285714,0.8778571428571429,0.0,0.12214285714285714,0.8778571428571429,0.0,1.0,1.0,1.0,13.999999999999966,14.67134943008421,8.189999999999987,8.189999999999987,13.279999999999967,0.55,0.0,0.0,0.8457142857142858,0.15428571428571425,0.15428571428571425,0.0,0.0,0.0,0.0,0.0,0.0,0.7779054641723633,0.6666666865348816,0.05623951926827431,,,,,0.06447237730026245,0.1666666716337204,384,0.0,0.0,0.0,371,57,0.15363881401617252,57,0.07928571428571428,22.314285714285713
55,Static,-0.01158731686564623,-1.4136526576088402,0.95,0.95,0.997624703087886,0.0,0.05901639344262295,0.940983606557377,0.0,0.05901639344262295,0.940983606557377,0.0,1.0,1.0,1.0,12.199999999999973,12.211703863143892,9.98421052631577,9.98421052631577,11.569999999999974,0.05,0.0,0.0,0.7959016393442623,0.20409836065573772,0.20409836065573772,0.0,0.0,0.0,0.0,0.0,0.0,0.8170003890991211,0.7702703475952148,0.0420817993581295,,,,,0.05253344774246216,0.11666658520698547,477,0.0,0.0,0.0,476,77,0.16176470588235295,77,0.08319672131147542,27.024590163934427
56,Static,-0.034847397172856585,-4.7392460155084954,0.8,0.8,0.9765258215962441,0.0,0.22463235294117648,0.7753676470588236,0.0,0.22463235294117648,0.7753676470588236,0.0,1.0,1.0,1.0,13.599999999999968,13.87053239822385,9.568749999999982,9.568749999999982,13.199999999999969,0.2,0.0,0.0,0.7959558823529411,0.20404411764705888,0.20404411764705888,0.0,0.0,0.0,0.0,0.0,0.0,0.6954298615455627,0.5833333134651184,0.08632142096757889,,,,,0.053269002586603165,0.1111111119389534,468,0.0,0.0,0.0,466,135,0.28969957081545067,135,0.3125,18.25
57,Static,-0.018270768263099927,-2.50309525204469,0.8,0.8,0.9728506787330317,0.0,0.09744525547445256,0.9025547445255474,0.0,0.09744525547445256,0.9025547445255474,0.0,1.0,1.0,1.0,13.699999999999967,13.92827174186704,10.094117647058804,10.094117647058804,12.89999999999997,0.2,0.0,0.0,0.8189781021897811,0.18102189781021893,0.18102189781021893,0.0,0.0,0.0,0.0,0.0,0.0,0.8064862489700317,0.6000000238418579,0.050022173672914505,,,,,0.05285842716693878,0.13214275240898132,457,0.0,0.0,0.0,452,61,0.13495575221238937,61,0.12737226277372263,23.45985401459854
58,Static,0.00562169970913664,0.8994719534618624,0.75,0.75,0.9754901960784313,0.0,0.115625,0.884375,0.0,0.115625,0.884375,0.0,1.0,1.0,1.0,15.99999999999996,16.23055267333981,7.599999999999988,7.599999999999988,10.579999999999977,0.25,0.0,0.0,0.870625,0.12937500000000002,0.12937500000000002,0.0,0.0,0.0,0.0,0.0,0.0,0.911507248878479,0.8571428656578064,0.019821245223283768,,,,,0.0628652349114418,0.1428571492433548,390,0.0,0.0,0.0,387,10,0.025839793281653745,10,0.1,16.39375
59,Static,-0.06860876902914677,-10.15409781631372,0.65,0.65,0.9474940334128878,0.0,0.17702702702702702,0.822972972972973,0.0,0.17702702702702702,0.822972972972973,0.0,1.0,1.0,1.0,14.799999999999963,15.230076904296848,9.853846153846137,9.853846153846137,13.579999999999968,0.35,0.0,0.0,0.8496621621621622,0.15033783783783783,0.15033783783783783,0.0,0.0,0.0,0.0,0.0,0.0,0.850141704082489,0.6666666865348816,0.03625605255365372,,,,,0.06268175691366196,0.2083333432674408,386,0.0,0.0,0.0,379,38,0.10026385224274406,38,0.14966216216216216,23.736486486486488
60,Static,-0.013589208205273921,-1.753007858480336,0.85,0.85,0.9851485148514851,0.0,0.02868217054263566,0.9713178294573643,0.0,0.02868217054263566,0.9713178294573643,0.0,1.0,1.0,1.0,12.89999999999997,13.015178337097144,10.199999999999978,10.199999999999978,11.559999999999974,0.15,0.0,0.0,0.8038759689922481,0.1961240310077519,0.1961240310077519,0.0,0.0,0.0,0.0,0.0,0.0,0.7645244002342224,0.6222222447395325,0.06501735001802444,,,,,0.05199534446001053,0.10249938815832138,500,0.0,0.0,0.0,497,105,0.2112676056338028,105,0.009302325581395349,26.472868217054263
61,Static,-0.039865496414927676,-5.581169498089874,0.8,0.8,0.9733656174334141,0.0,0.08392857142857142,0.9160714285714285,0.0,0.08392857142857142,0.9160714285714285,0.0,1.0,1.0,1.0,13.999999999999966,14.132730865478488,8.937499999999984,8.937499999999984,12.94999999999997,0.2,0.0,0.0,0.8346428571428571,0.16535714285714287,0.16535714285714287,0.0,0.0,0.0,0.0,0.0,0.0,0.8329747319221497,0.75,0.038018204271793365,,,,,0.05796566605567932,0.1428571492433548,430,0.0,0.0,0.0,425,56,0.13176470588235295,56,0.06964285714285715,21.007142857142856
62,Static,-0.04212986480018115,-5.940310936825542,0.5,0.5,0.9134615384615384,0.0,0.10957446808510639,0.8904255319148936,0.0,0.10957446808510639,0.8904255319148936,0.0,1.0,1.0,1.0,14.099999999999966,14.507652091979963,8.429999999999986,8.429999999999986,12.61499999999997,0.5,0.0,0.0,0.8553191489361702,0.14468085106382977,0.14468085106382977,0.0,0.0,0.0,0.0,0.0,0.0,0.8937602639198303,0.800000011920929,0.023472094908356667,,,,,0.0659385398030281,0.20000000298023224,364,0.0,0.0,0.0,355,18,0.05070422535211268,18,0.10638297872340426,24.659574468085108
63,Static,-0.05123726510447812,-7.121979849522458,0.5,0.5,0.8995098039215687,0.0,0.15575539568345323,0.8442446043165468,0.0,0.15575539568345323,0.8442446043165468,0.0,1.0,1.0,1.0,13.899999999999967,14.461878509521465,8.427272727272713,8.427272727272713,11.449999999999974,0.5,0.0,0.0,0.8330935251798561,0.16690647482014387,0.16690647482014387,0.0,0.0,0.0,0.0,0.0,0.0,0.7773303985595703,0.7260273694992065,0.055658042430877686,,,,,0.06234516575932503,0.1428571492433548,403,0.0,0.0,0.0,395,82,0.20759493670886076,82,0.189568345323741,19.949640287769785
64,Static,-0.04041208475127423,-5.900164373686038,0.55,0.55,0.8794326241134752,0.0,0.14931506849315068,0.8506849315068493,0.0,0.14931506849315068,0.8506849315068493,0.0,1.0,1.0,1.0,14.599999999999964,15.313029155731181,9.458333333333316,9.458333333333316,13.884999999999966,0.45,0.0,0.0,0.8321917808219178,0.1678082191780822,0.1678082191780822,0.0,0.0,0.0,0.0,0.0,0.0,0.7231167554855347,0.5714285969734192,0.07533789426088333,,,,,0.055474039167165756,0.1428571492433548,434,0.0,0.0,0.0,426,106,0.24882629107981222,106,0.1345890410958904,20.856164383561644
65,Static,-0.028517775043933834,-3.5076863304038617,0.5,0.5,0.9033816425120773,0.0,0.1288617886178862,0.8711382113821138,0.0,0.1288617886178862,0.8711382113821138,0.0,1.0,1.0,1.0,12.299999999999972,12.933275699615468,7.619999999999989,7.619999999999989,10.994999999999976,0.5,0.0,0.0,0.817479674796748,0.182520325203252,0.182520325203252,0.0,0.0,0.0,0.0,0.0,0.0,0.7903260588645935,0.7297297120094299,0.051681142300367355,,,,,0.0610954724252224,0.1428571492433548,395,0.0,0.0,0.0,385,61,0.15844155844155844,61,0.1902439024390244,22.29268292682927
66,Static,-0.012658770066056002,-1.5950050283230564,0.55,0.55,0.8958837772397095,0.0,0.0373015873015873,0.9626984126984127,0.0,0.0373015873015873,0.9626984126984127,0.0,1.0,1.0,1.0,12.599999999999971,13.337756710052474,10.027272727272706,10.027272727272706,12.349999999999973,0.45,0.0,0.0,0.8099206349206349,0.19007936507936507,0.19007936507936507,0.0,0.0,0.0,0.0,0.0,0.0,0.7764614224433899,0.5077931880950928,0.068302221596241,,,,,0.05349889025092125,0.1111111119389534,473,0.0,0.0,0.0,460,95,0.20652173913043478,95,0.010317460317460317,29.206349206349206
67,Static,-0.036895667721884226,-5.202289148785676,0.45,0.45,0.8578088578088578,0.0,0.18404255319148935,0.8159574468085107,0.0,0.18404255319148935,0.8159574468085107,0.0,1.0,1.0,1.0,14.099999999999966,15.1949192714691,9.06666666666665,9.06666666666665,13.27999999999997,0.55,0.0,0.0,0.8294326241134752,0.17056737588652482,0.17056737588652482,0.0,0.0,0.0,0.0,0.0,0.0,0.6831724047660828,0.5333333611488342,0.09177778661251068,,,,,0.05739295110106468,0.20000000298023224,413,0.0,0.0,0.0,403,97,0.24069478908188585,97,0.2198581560283688,21.390070921985817
68,Static,-0.08679844111455079,-13.10656460829717,0.2,0.2,0.6099290780141844,0.0,0.09867549668874172,0.9013245033112582,0.0,0.09867549668874172,0.9013245033112582,0.0,1.0,1.0,1.0,15.099999999999962,17.658895130157465,9.399999999999983,9.399999999999983,12.179999999999971,0.8,0.0,0.0,0.8198675496688742,0.1801324503311258,0.1801324503311258,0.0,0.0,0.0,0.0,0.0,0.0,0.47299450635910034,0.3448275923728943,0.19326657056808472,,,,,0.046144332736730576,0.0918179601430893,510,0.0,0.0,0.0,484,257,0.53099173553719,257,0.0619205298013245,28.05298013245033
69,Static,-0.013975765670694558,-1.774922240178209,0.7,0.7,0.9661016949152542,0.0,0.03976377952755906,0.960236220472441,0.0,0.03976377952755906,0.960236220472441,0.0,1.0,1.0,1.0,12.69999999999997,13.039974346160866,10.685714285714264,10.685714285714264,12.439999999999971,0.3,0.0,0.0,0.794488188976378,0.20551181102362204,0.20551181102362204,0.0,0.0,0.0,0.0,0.0,0.0,0.7556546926498413,0.5166666507720947,0.0782950296998024,,,,,0.0500665083527565,0.1111111119389534,515,0.0,0.0,0.0,513,118,0.2300194931773879,118,0.020866141732283464,28.543307086614174
70,Static,-0.06933658864741088,-9.637785821990112,0.4,0.4,0.8571428571428571,0.0,0.210431654676259,0.789568345323741,0.0,0.210431654676259,0.789568345323741,0.0,1.0,1.0,1.0,13.899999999999967,14.711310777664172,10.999999999999975,10.999999999999975,13.549999999999967,0.6,0.0,0.0,0.7942446043165468,0.20575539568345325,0.20575539568345325,0.0,0.0,0.0,0.0,0.0,0.0,0.5732405781745911,0.28947368264198303,0.152142733335495,,,,,0.04836906120181084,0.10000000149011612,495,0.0,0.0,0.0,485,196,0.4041237113402062,196,0.1787769784172662,24.532374100719423
71,Static,-0.047720547932316094,-6.489994518794989,0.2,0.2,0.7438423645320197,0.0,0.07794117647058824,0.9220588235294118,0.0,0.07794117647058824,0.9220588235294118,0.0,1.0,1.0,1.0,13.599999999999968,15.497688264846795,6.099999999999993,6.099999999999993,11.849999999999971,0.8,0.0,0.0,0.8540441176470588,0.1459558823529412,0.1459558823529412,0.0,0.0,0.0,0.0,0.0,0.0,0.7230982780456543,0.6666666865348816,0.0754779502749443,,,,,0.0678020641207695,0.25,359,0.0,0.0,0.0,341,71,0.20821114369501467,71,0.09375,27.970588235294116
72,Static,-0.11140623834547991,-14.81702969994883,0.5,0.5,0.9314420803782506,0.0,0.13007518796992482,0.8699248120300752,0.0,0.13007518796992482,0.8699248120300752,0.0,1.0,1.0,1.0,13.299999999999969,13.570254077911358,9.345454545454528,9.345454545454528,13.249999999999968,0.5,0.0,0.0,0.843609022556391,0.15639097744360897,0.15639097744360897,0.0,0.0,0.0,0.0,0.0,0.0,0.9139987230300903,0.7950000762939453,0.020703284069895744,,,,,0.06732237339019775,0.20500031113624573,360,0.0,0.0,0.0,346,7,0.02023121387283237,7,0.11842105263157894,26.977443609022558
73,Static,-0.016953620679929327,-2.5091358606295406,0.85,0.85,0.966824644549763,0.0,0.23074324324324325,0.7692567567567568,0.0,0.23074324324324325,0.7692567567567568,0.0,1.0,1.0,1.0,14.799999999999963,15.090794878005948,8.182352941176458,8.182352941176458,11.099999999999977,0.15,0.0,0.0,0.8472972972972973,0.1527027027027027,0.1527027027027027,0.0,0.0,0.0,0.0,0.0,0.0,0.834479808807373,0.6666666865348816,0.04044027626514435,,,,,0.06550802290439606,0.1666666716337204,377,0.0,0.0,0.0,376,39,0.10372340425531915,39,0.2827702702702703,15.02027027027027
74,Static,-0.04038903208334524,-5.452519331251607,0.55,0.55,0.9170616113744076,0.0,0.11962962962962963,0.8803703703703704,0.0,0.11962962962962963,0.8803703703703704,0.0,1.0,1.0,1.0,13.499999999999968,13.987027931213358,9.408333333333317,9.408333333333317,13.444999999999968,0.45,0.0,0.0,0.8481481481481481,0.1518518518518519,0.1518518518518519,0.0,0.0,0.0,0.0,0.0,0.0,0.906273603439331,0.75,0.02233906090259552,,,,,0.06519947201013565,0.20000000298023224,384,0.0,0.0,0.0,371,9,0.02425876010781671,9,0.05074074074074074,28.444444444444443
75,Static,-0.11174022537491879,-16.202332679363224,0.6,0.6,0.8985849056603774,0.0,0.29310344827586204,0.7068965517241379,0.0,0.29310344827586204,0.7068965517241379,0.0,1.0,1.0,1.0,14.499999999999964,15.247448778152446,9.724999999999982,9.724999999999982,13.649999999999967,0.4,0.0,0.0,0.8348275862068966,0.16517241379310343,0.16517241379310343,0.0,0.0,0.0,0.0,0.0,0.0,0.7253287434577942,0.625,0.0744050070643425,,,,,0.0603049136698246,0.1428571492433548,379,0.0,0.0,0.0,370,83,0.22432432432432434,83,0.28551724137931034,20.47586206896552
76,Static,-0.07024945797951035,-10.677917612885572,0.5,0.5,0.7572115384615384,0.0,0.2075657894736842,0.7924342105263158,0.0,0.2075657894736842,0.7924342105263158,0.0,1.0,1.0,1.0,15.199999999999962,16.390676593780505,7.859999999999988,7.859999999999988,12.064999999999973,0.5,0.0,0.0,0.8450657894736842,0.15493421052631584,0.15493421052631584,0.0,0.0,0.0,0.0,0.0,0.0,0.556846022605896,0.32413798570632935,0.16179966926574707,,,,,0.058709871023893356,0.1428571492433548,397,0.0,0.0,0.0,387,142,0.3669250645994832,142,0.16447368421052633,16.07236842105263
77,Static,-0.008296913727359181,-1.2196463179217996,0.25,0.25,0.7116279069767442,0.0,0.04829931972789116,0.9517006802721089,0.0,0.04829931972789116,0.9517006802721089,0.0,1.0,1.0,1.0,14.699999999999964,16.227246761322014,4.899999999999999,4.899999999999999,5.719999999999995,0.75,0.0,0.0,0.8469387755102041,0.15306122448979587,0.15306122448979587,0.0,0.0,0.0,0.0,0.0,0.0,0.6791443824768066,0.5555555820465088,0.09980561584234238,,,,,0.053733691573143005,0.1194441020488739,445,0.0,0.0,0.0,422,118,0.2796208530805687,118,0.016666666666666666,23.85034013605442
78,Static,-0.1348140299643301,-18.46952210511322,0.85,0.85,0.9766355140186916,0.0,0.28284671532846717,0.7171532846715328,0.0,0.28284671532846717,0.7171532846715328,0.0,1.0,1.0,1.0,13.699999999999967,13.972960348129245,7.817647058823518,7.817647058823518,11.419999999999975,0.15,0.0,0.0,0.8273722627737227,0.17262773722627733,0.17262773722627733,0.0,0.0,0.0,0.0,0.0,0.0,0.8323312997817993,0.75,0.03854547441005707,,,,,0.06590510904788971,0.20000000298023224,370,0.0,0.0,0.0,369,51,0.13821138211382114,51,0.23686131386861314,15.13138686131387
79,Static,-0.006328967994939799,-0.9366872632510903,0.25,0.25,0.7642857142857142,0.0,0.033445945945945944,0.966554054054054,0.0,0.033445945945945944,0.966554054054054,0.0,1.0,1.0,1.0,14.799999999999963,15.850444269180286,7.21999999999999,7.21999999999999,13.219999999999969,0.75,0.0,0.0,0.8618243243243243,0.13817567567567568,0.13817567567567568,0.0,0.0,0.0,0.0,0.0,0.0,0.8304857015609741,0.75,0.03875580430030823,,,,,0.06191886216402054,0.20000000298023224,399,0.0,0.0,0.0,373,60,0.16085790884718498,60,0.01722972972972973,29.83108108108108
80,Static,-0.022273319528393024,-3.3187246097305607,0.55,0.55,0.8623188405797102,0.0,0.12013422818791947,0.8798657718120806,0.0,0.12013422818791947,0.8798657718120806,0.0,1.0,1.0,1.0,14.899999999999963,15.721957559585553,9.490909090909073,9.490909090909073,14.649999999999963,0.45,0.0,0.0,0.8422818791946308,0.15771812080536918,0.15771812080536918,0.0,0.0,0.0,0.0,0.0,0.0,0.7216401696205139,0.6363636255264282,0.07554702460765839,,,,,0.05729348957538605,0.1428571492433548,443,0.0,0.0,0.0,431,99,0.2296983758700696,99,0.0674496644295302,23.06040268456376
81,Static,-0.02165425646597675,-2.7284363147130706,0.85,0.85,0.9927710843373494,0.0,0.15317460317460319,0.8468253968253968,0.0,0.15317460317460319,0.8468253968253968,0.0,1.0,1.0,1.0,12.599999999999971,12.641534557342501,8.872222222222206,8.872222222222206,11.579999999999973,0.15,0.0,0.0,0.8269841269841269,0.17301587301587307,0.17301587301587307,0.0,0.0,0.0,0.0,0.0,0.0,0.8956164717674255,0.7894737124443054,0.025985045358538628,,,,,0.06391171365976334,0.20000000298023224,389,0.0,0.0,0.0,388,22,0.05670103092783505,22,0.15396825396825398,21.952380952380953
82,Static,-0.043990721016488286,-5.586821569094012,0.8,0.8,0.9766355140186916,0.0,0.11968503937007874,0.8803149606299212,0.0,0.11968503937007874,0.8803149606299212,0.0,1.0,1.0,1.0,12.69999999999997,12.850132331848119,9.024999999999984,9.024999999999984,12.099999999999973,0.2,0.0,0.0,0.802755905511811,0.19724409448818903,0.19724409448818903,0.0,0.0,0.0,0.0,0.0,0.0,0.7722821831703186,0.6025000810623169,0.05870502442121506,,,,,0.05333656072616577,0.12361102551221848,462,0.0,0.0,0.0,460,79,0.17173913043478262,79,0.08110236220472442,22.52755905511811
83,Static,-0.08802319140840988,-11.707084457318514,0.55,0.55,0.9251207729468599,0.0,0.13345864661654136,0.8665413533834586,0.0,0.13345864661654136,0.8665413533834586,0.0,1.0,1.0,1.0,13.299999999999969,13.765795450210552,10.458333333333313,10.458333333333313,12.69999999999997,0.45,0.0,0.0,0.8240601503759398,0.17593984962406017,0.17593984962406017,0.0,0.0,0.0,0.0,0.0,0.0,0.7904092669487,0.5,0.06466864794492722,,,,,0.05973003804683685,0.1571422815322876,415,0.0,0.0,0.0,409,75,0.18337408312958436,75,0.09473684210526316,28.69172932330827
84,Static,-0.04751282610475457,-7.221949567922694,0.25,0.25,0.7887323943661971,0.0,0.0700657894736842,0.9299342105263158,0.0,0.0700657894736842,0.9299342105263158,0.0,1.0,1.0,1.0,15.199999999999962,16.3644347667694,10.479999999999979,10.479999999999979,13.419999999999968,0.75,0.0,0.0,0.8703947368421052,0.12960526315789478,0.12960526315789478,0.0,0.0,0.0,0.0,0.0,0.0,0.8689315915107727,0.800000011920929,0.02845577523112297,,,,,0.05943993479013443,0.1666666716337204,372,0.0,0.0,0.0,350,35,0.1,35,0.02730263157894737,29.467105263157894
85,Static,-0.042032913340192164,-5.170048340843636,0.8,0.8,0.9760191846522782,0.0,0.12398373983739837,0.8760162601626016,0.0,0.12398373983739837,0.8760162601626016,0.0,1.0,1.0,1.0,12.299999999999972,12.784377899169902,8.706249999999986,8.706249999999986,12.224999999999973,0.2,0.0,0.0,0.8182926829268292,0.18170731707317078,0.18170731707317078,0.0,0.0,0.0,0.0,0.0,0.0,0.8686644434928894,0.75,0.02969823218882084,,,,,0.06120634451508522,0.20000000298023224,407,0.0,0.0,0.0,406,37,0.09113300492610837,37,0.09674796747967479,24.065040650406505
86,Static,-0.03838416068281954,-5.949544905837028,0.25,0.25,0.6995073891625616,0.0,0.12612903225806452,0.8738709677419355,0.0,0.12612903225806452,0.8738709677419355,0.0,1.0,1.0,1.0,15.499999999999961,17.204610872268667,8.419999999999986,8.419999999999986,13.499999999999968,0.75,0.0,0.0,0.8770967741935484,0.12290322580645163,0.12290322580645163,0.0,0.0,0.0,0.0,0.0,0.0,0.7057532668113708,0.5,0.08455526828765869,,,,,0.06723567843437195,0.25,344,0.0,0.0,0.0,326,72,0.22085889570552147,72,0.12129032258064516,23.219354838709677
87,Static,-0.06861166662537858,-8.507846661546944,0.9,0.9,0.9812206572769953,0.0,0.12580645161290321,0.8741935483870967,0.0,0.12580645161290321,0.8741935483870967,0.0,1.0,1.0,1.0,12.399999999999972,12.70162230491636,8.749999999999986,8.749999999999986,11.799999999999974,0.1,0.0,0.0,0.8181451612903226,0.18185483870967745,0.18185483870967745,0.0,0.0,0.0,0.0,0.0,0.0,0.8617109060287476,0.75,0.030678344890475273,,,,,0.062319424003362656,0.1428571492433548,398,0.0,0.0,0.0,398,32,0.08040201005025126,32,0.12016129032258065,22.20967741935484
88,Static,-0.0024679097359211295,-0.3356357240852736,0.45,0.45,0.8687350835322196,0.0,0.04889705882352941,0.9511029411764705,0.0,0.04889705882352941,0.9511029411764705,0.0,1.0,1.0,1.0,13.599999999999968,14.597561235427841,8.85555555555554,8.85555555555554,13.519999999999968,0.55,0.0,0.0,0.8470588235294118,0.15294117647058825,0.15294117647058825,0.0,0.0,0.0,0.0,0.0,0.0,0.8630053400993347,0.75,0.030236175283789635,,,,,0.062093280255794525,0.1666666716337204,399,0.0,0.0,0.0,382,35,0.09162303664921466,35,0.05772058823529412,27.198529411764707
89,Static,-0.007380948208381776,-1.1366660240907935,0.55,0.55,0.8870588235294118,0.0,0.1211038961038961,0.8788961038961038,0.0,0.1211038961038961,0.8788961038961038,0.0,1.0,1.0,1.0,15.399999999999961,16.2149913215637,8.808333333333318,8.808333333333318,12.87499999999997,0.45,0.0,0.0,0.8474025974025974,0.15259740259740262,0.15259740259740262,0.0,0.0,0.0,0.0,0.0,0.0,0.7994453310966492,0.7142857313156128,0.047925811260938644,,,,,0.05810556560754776,0.1666666716337204,431,0.0,0.0,0.0,425,79,0.18588235294117647,79,0.14155844155844155,19.896103896103895
90,Static,-0.01851271793787368,-2.8324458444946727,0.9,0.9,0.988479262672811,0.0,0.184640522875817,0.815359477124183,0.0,0.184640522875817,0.815359477124183,0.0,1.0,1.0,1.0,15.299999999999962,15.400723762512172,8.238888888888875,8.238888888888875,10.804999999999973,0.1,0.0,0.0,0.8529411764705882,0.1470588235294118,0.1470588235294118,0.0,0.0,0.0,0.0,0.0,0.0,0.9114567637443542,0.7666667103767395,0.01995389722287655,,,,,0.06395261734724045,0.2333323210477829,393,0.0,0.0,0.0,392,19,0.04846938775510204,19,0.1607843137254902,16.45098039215686
91,Static,-0.012589170283732572,-1.5107004340479087,0.95,0.95,0.9928741092636579,0.0,0.08958333333333333,0.9104166666666667,0.0,0.08958333333333333,0.9104166666666667,0.0,1.0,1.0,1.0,11.999999999999973,12.021527528762793,9.099999999999984,9.099999999999984,11.909999999999973,0.05,0.0,0.0,0.8145833333333333,0.18541666666666667,0.18541666666666667,0.0,0.0,0.0,0.0,0.0,0.0,0.8766827583312988,0.75,0.028263187035918236,,,,,0.0588197186589241,0.125,419,0.0,0.0,0.0,417,25,0.05995203836930456,25,0.08708333333333333,25.358333333333334
92,Static,-0.07286832164853484,-10.565906639037552,0.5,0.5,0.9210526315789473,0.0,0.1520689655172414,0.8479310344827586,0.0,0.1520689655172414,0.8479310344827586,0.0,1.0,1.0,1.0,14.499999999999964,15.08340687751768,9.439999999999982,9.439999999999982,12.554999999999971,0.5,0.0,0.0,0.8575862068965517,0.14241379310344826,0.14241379310344826,0.0,0.0,0.0,0.0,0.0,0.0,0.9072825908660889,0.75,0.022611301392316818,,,,,0.06635716557502747,0.25,355,0.0,0.0,0.0,344,11,0.03197674418604651,11,0.15413793103448276,24.33103448275862
93,Static,-0.09402643073302301,-13.727858887021359,0.35,0.35,0.6921182266009852,0.0,0.17602739726027397,0.8239726027397261,0.0,0.17602739726027397,0.8239726027397261,0.0,1.0,1.0,1.0,14.599999999999964,16.70229049682616,6.299999999999993,6.299999999999993,12.809999999999967,0.65,0.0,0.0,0.8452054794520548,0.15479452054794518,0.15479452054794518,0.0,0.0,0.0,0.0,0.0,0.0,0.5307959914207458,0.38129496574401855,0.1765294224023819,,,,,0.06199140474200249,0.20000000298023224,375,0.0,0.0,0.0,363,148,0.40771349862258954,148,0.21712328767123287,20.301369863013697
94,Static,-0.0678425790500942,-10.447757173714507,0.2,0.2,0.6096997690531177,0.0,0.16428571428571428,0.8357142857142857,0.0,0.16428571428571428,0.8357142857142857,0.0,1.0,1.0,1.0,15.399999999999961,17.566030483245846,6.3499999999999925,6.3499999999999925,8.819999999999984,0.8,0.0,0.0,0.8506493506493507,0.14935064935064934,0.14935064935064934,0.0,0.0,0.0,0.0,0.0,0.0,0.5409840941429138,0.4482758641242981,0.15835876762866974,,,,,0.060083549469709396,0.1666666716337204,395,0.0,0.0,0.0,375,171,0.456,171,0.1405844155844156,23.57792207792208
95,Static,-0.00044981128246133605,-0.05802565543751235,0.8,0.8,0.9761336515513126,0.0,0.03333333333333333,0.9666666666666667,0.0,0.03333333333333333,0.9666666666666667,0.0,1.0,1.0,1.0,12.89999999999997,13.124591960906958,9.217647058823513,9.217647058823513,12.419999999999972,0.2,0.0,0.0,0.8232558139534883,0.17674418604651165,0.17674418604651165,0.0,0.0,0.0,0.0,0.0,0.0,0.8294923305511475,0.6842105388641357,0.041413813829422,,,,,0.056509632617235184,0.1111111119389534,445,0.0,0.0,0.0,443,43,0.09706546275395034,43,0.023643410852713178,25.713178294573645
96,Static,-0.0727441827403726,-13.67590635519005,0.45,0.45,0.847255369928401,0.0,0.24308510638297873,0.7569148936170212,0.0,0.24308510638297873,0.7569148936170212,0.0,1.0,1.0,1.0,18.799999999999997,19.93911205291748,8.933333333333316,8.933333333333316,13.739999999999966,0.55,0.0,0.0,0.8747340425531915,0.12526595744680846,0.12526595744680846,0.0,0.0,0.0,0.0,0.0,0.0,0.7323269248008728,0.692307710647583,0.07122389227151871,,,,,0.06072826310992241,0.20000000298023224,395,0.0,0.0,0.0,384,101,0.2630208333333333,101,0.17127659574468085,17.74468085106383
97,Static,-0.02401183212495621,-3.0735145119943947,0.85,0.85,0.9787234042553191,0.0,0.084765625,0.915234375,0.0,0.084765625,0.915234375,0.0,1.0,1.0,1.0,12.79999999999997,12.889343290328956,9.064705882352925,9.064705882352925,11.919999999999973,0.15,0.0,0.0,0.818359375,0.181640625,0.181640625,0.0,0.0,0.0,0.0,0.0,0.0,0.8837155699729919,0.800000011920929,0.025549929589033127,,,,,0.05812215059995651,0.1458333432674408,436,0.0,0.0,0.0,432,47,0.1087962962962963,47,0.087890625,23.6015625
98,Static,-0.10134541179348955,-14.897775533642964,0.3,0.3,0.533816425120773,0.0,0.14047619047619048,0.8595238095238096,0.0,0.14047619047619048,0.8595238095238096,0.0,1.0,1.0,1.0,14.699999999999964,17.070547351837146,7.233333333333323,7.233333333333323,12.299999999999972,0.7,0.0,0.0,0.8397959183673469,0.1602040816326531,0.1602040816326531,0.0,0.0,0.0,0.0,0.0,0.0,0.40208059549331665,0.29441624879837036,0.24037370085716248,,,,,0.057024743407964706,0.1458333432674408,406,0.0,0.0,0.0,380,224,0.5894736842105263,224,0.14489795918367346,20.92517006802721
99,Static,-0.018917199770461038,-2.648407967864545,0.7,0.7,0.943127962085308,0.0,0.13357142857142856,0.8664285714285714,0.0,0.13357142857142856,0.8664285714285714,0.0,1.0,1.0,1.0,13.999999999999966,14.336399173736547,9.121428571428554,9.121428571428554,12.399999999999972,0.3,0.0,0.0,0.8492857142857143,0.1507142857142857,0.1507142857142857,0.0,0.0,0.0,0.0,0.0,0.0,0.8806563019752502,0.6666666865348816,0.028056075796484947,,,,,0.06572698801755905,0.20000000298023224,376,0.0,0.0,0.0,373,19,0.05093833780160858,19,0.17035714285714285,22.37142857142857
100,Static,-0.10115868373050224,-10.217027056780726,1.0,1.0,1.0,0.0,0.13366336633663367,0.8663366336633663,0.0,0.13366336633663367,0.8663366336633663,0.0,1.0,1.0,1.0,10.09999999999998,10.099999999999977,7.989999999999986,7.989999999999986,10.004999999999981,0.0,0.0,0.0,0.7742574257425743,0.22574257425742572,0.22574257425742572,0.0,0.0,0.0,0.0,0.0,0.0,0.8511836528778076,0.7018100023269653,0.03543725982308388,,,,,0.06177831068634987,0.20000000298023224,408,0.0,0.0,0.0,408,34,0.08333333333333333,34,0.10742574257425742,23.99009900990099
101,Static,-0.09220566012105769,-13.830849018158654,0.35,0.35,0.8047058823529412,0.0,0.17166666666666666,0.8283333333333334,0.0,0.17166666666666666,0.8283333333333334,0.0,1.0,1.0,1.0,14.999999999999963,16.06584639549254,6.385714285714279,6.385714285714279,10.529999999999978,0.65,0.0,0.0,0.8373333333333334,0.16266666666666663,0.16266666666666663,0.0,0.0,0.0,0.0,0.0,0.0,0.6101258993148804,0.4285714328289032,0.13221101462841034,,,,,0.056808263063430786,0.1499997079372406,408,0.0,0.0,0.0,393,128,0.3256997455470738,128,0.18933333333333333,19.873333333333335
102,Static,-0.08319003265391478,-13.643165355242024,0.1,0.1,0.5274463007159904,0.0,0.2396341463414634,0.7603658536585366,0.0,0.2396341463414634,0.7603658536585366,0.0,1.0,1.0,1.0,16.399999999999963,18.95232395172119,11.149999999999977,11.149999999999977,11.644999999999975,0.9,0.0,0.0,0.8804878048780488,0.11951219512195121,0.11951219512195121,0.0,0.0,0.0,0.0,0.0,0.0,0.48214632272720337,0.45384615659713745,0.18682819604873657,,,,,0.05970744416117668,0.1666666716337204,310,0.0,0.0,0.0,289,144,0.4982698961937716,144,0.19207317073170732,21.908536585365855
103,Static,-0.09258915882554586,-13.610606347355242,0.6,0.6,0.9473684210526315,0.0,0.10850340136054422,0.8914965986394557,0.0,0.10850340136054422,0.8914965986394557,0.0,1.0,1.0,1.0,14.699999999999964,15.17722908973692,10.066666666666647,10.066666666666647,12.389999999999972,0.4,0.0,0.0,0.7952380952380952,0.2047619047619048,0.2047619047619048,0.0,0.0,0.0,0.0,0.0,0.0,0.6230529546737671,0.36986300349235535,0.13460005819797516,,,,,0.04347557947039604,0.0833333358168602,564,0.0,0.0,0.0,555,197,0.35495495495495494,197,0.07346938775510205,23.027210884353742
104,Static,-0.0031441546334629263,-0.49363227745367944,0.65,0.65,0.9144893111638955,0.0,0.13694267515923567,0.8630573248407644,0.0,0.13694267515923567,0.8630573248407644,0.0,1.0,1.0,1.0,15.69999999999996,16.391443901061983,9.092307692307676,9.092307692307676,12.85999999999997,0.35,0.0,0.0,0.85,0.15000000000000002,0.15000000000000002,0.0,0.0,0.0,0.0,0.0,0.0,0.775510847568512,0.6111111044883728,0.0582159087061882,,,,,0.05596989765763283,0.1428571492433548,450,0.0,0.0,0.0,446,78,0.17488789237668162,78,0.12770700636942675,19.305732484076433
105,Static,-0.04418329272937566,-5.832194640277588,0.45,0.45,0.8581907090464548,0.0,0.03939393939393939,0.9606060606060606,0.0,0.03939393939393939,0.9606060606060606,0.0,1.0,1.0,1.0,13.199999999999969,14.013902807235704,11.189999999999975,11.189999999999975,12.80999999999997,0.55,0.0,0.0,0.7867424242424242,0.21325757575757576,0.21325757575757576,0.0,0.0,0.0,0.0,0.0,0.0,0.6340283155441284,0.3613445460796356,0.12951533496379852,,,,,0.04605219513177872,0.10000000149011612,557,0.0,0.0,0.0,543,198,0.36464088397790057,198,0.005681818181818182,27.401515151515152
106,Static,-0.13790180721982118,-22.615896384050675,0.35,0.35,0.5980861244019139,0.0,0.14817073170731707,0.8518292682926829,0.0,0.14817073170731707,0.8518292682926829,0.0,1.0,1.0,1.0,16.399999999999963,18.387106933593735,6.5285714285714205,6.5285714285714205,10.079999999999979,0.65,0.0,0.0,0.8429878048780488,0.1570121951219512,0.1570121951219512,0.0,0.0,0.0,0.0,0.0,0.0,0.3981996178627014,0.21621622145175934,0.24784481525421143,,,,,0.052320949733257294,0.1428571492433548,448,0.0,0.0,0.0,432,243,0.5625,243,0.11067073170731707,17.298780487804876
107,Static,-0.018147042585852334,-2.540585962019327,0.8,0.8,0.9648711943793911,0.0,0.0675,0.9325,0.0,0.0675,0.9325,0.0,1.0,1.0,1.0,13.999999999999966,14.24257450103757,10.012499999999982,10.012499999999982,11.949999999999974,0.2,0.0,0.0,0.8057142857142857,0.19428571428571428,0.19428571428571428,0.0,0.0,0.0,0.0,0.0,0.0,0.7425658106803894,0.692307710647583,0.067406065762043,,,,,0.04851309582591057,0.1111111119389534,526,0.0,0.0,0.0,524,127,0.24236641221374045,127,0.07857142857142857,22.62142857142857
108,Static,-0.08495501945219278,-10.024692295358747,0.6,0.6,0.9241706161137441,0.0,0.14915254237288136,0.8508474576271187,0.0,0.14915254237288136,0.8508474576271187,0.0,1.0,1.0,1.0,11.799999999999974,12.126256914138777,9.353846153846137,9.353846153846137,11.399999999999975,0.4,0.0,0.0,0.777542372881356,0.22245762711864403,0.22245762711864403,0.0,0.0,0.0,0.0,0.0,0.0,0.7016100883483887,0.5714285969734192,0.08546266704797745,,,,,0.05439668521285057,0.125,474,0.0,0.0,0.0,466,124,0.26609442060085836,124,0.14279661016949152,24.533898305084747
109,Static,-0.017474024537256008,-2.428889410678585,0.9,0.9,0.9854368932038835,0.0,0.18237410071942445,0.8176258992805755,0.0,0.18237410071942445,0.8176258992805755,0.0,1.0,1.0,1.0,13.899999999999967,14.047295198440523,8.722222222222207,8.722222222222207,11.349999999999975,0.1,0.0,0.0,0.8392086330935252,0.16079136690647478,0.16079136690647478,0.0,0.0,0.0,0.0,0.0,0.0,0.844057023525238,0.6666666865348816,0.03916642442345619,,,,,0.06456008553504944,0.20000000298023224,391,0.0,0.0,0.0,391,38,0.09718670076726342,38,0.210431654676259,19.165467625899282
110,Static,-0.04570239309470985,-7.129573322774736,0.45,0.45,0.8708133971291866,0.0,0.21923076923076923,0.7807692307692308,0.0,0.21923076923076923,0.7807692307692308,0.0,1.0,1.0,1.0,15.59999999999996,16.656765794754012,8.599999999999985,8.599999999999985,10.149999999999979,0.55,0.0,0.0,0.8086538461538462,0.19134615384615383,0.19134615384615383,0.0,0.0,0.0,0.0,0.0,0.0,0.5634927749633789,0.3731343150138855,0.156526118516922,,,,,0.04672195389866829,0.09090909361839294,546,0.0,0.0,0.0,536,221,0.4123134328358209,221,0.13076923076923078,19.17948717948718
111,Static,-0.0383073217713499,-6.244093448730034,0.2,0.2,0.6795180722891566,0.0,0.11134969325153374,0.8886503067484662,0.0,0.11134969325153374,0.8886503067484662,0.0,1.0,1.0,1.0,16.29999999999996,18.201217994689934,7.32499999999999,7.32499999999999,10.654999999999976,0.8,0.0,0.0,0.851840490797546,0.14815950920245402,0.14815950920245402,0.0,0.0,0.0,0.0,0.0,0.0,0.5991145968437195,0.5454545617103577,0.1275787353515625,,,,,0.054727308452129364,0.125,441,0.0,0.0,0.0,416,174,0.4182692307692308,174,0.08773006134969324,23.957055214723926
112,Static,-0.01766482268809785,-2.1551083679479377,0.75,0.75,0.9729064039408867,0.0,0.06147540983606557,0.9385245901639344,0.0,0.06147540983606557,0.9385245901639344,0.0,1.0,1.0,1.0,12.199999999999973,12.368329343795754,8.712499999999984,8.712499999999984,11.649999999999974,0.25,0.0,0.0,0.8225409836065574,0.17745901639344264,0.17745901639344264,0.0,0.0,0.0,0.0,0.0,0.0,0.8531831502914429,0.7320512533187866,0.035506732761859894,,,,,0.058324798941612244,0.125,416,0.0,0.0,0.0,410,32,0.07804878048780488,32,0.0430327868852459,25.25409836065574
113,Static,-0.025128223127760772,-4.372310824230374,0.6,0.6,0.8811188811188811,0.0,0.10574712643678161,0.8942528735632184,0.0,0.10574712643678161,0.8942528735632184,0.0,1.0,1.0,1.0,17.399999999999977,18.136280860900865,10.116666666666646,10.116666666666646,11.634999999999975,0.4,0.0,0.0,0.8298850574712644,0.1701149425287356,0.1701149425287356,0.0,0.0,0.0,0.0,0.0,0.0,0.5930683612823486,0.35820895433425903,0.1474016010761261,,,,,0.04341000318527222,0.07692307978868484,569,0.0,0.0,0.0,567,208,0.36684303350970016,208,0.08448275862068966,18.362068965517242
114,Static,-0.030343326147285007,-4.612185574387321,0.05,0.05,0.4786729857819905,0.0,0.12171052631578948,0.8782894736842105,0.0,0.12171052631578948,0.8782894736842105,0.0,1.0,1.0,1.0,15.199999999999962,18.437874374389644,3.3000000000000016,3.3000000000000016,3.3000000000000016,0.95,0.0,0.0,0.8703947368421052,0.12960526315789478,0.12960526315789478,0.0,0.0,0.0,0.0,0.0,0.0,0.49717849493026733,0.4423076808452606,0.18189510703086853,,,,,0.05851515382528305,0.1428571492433548,354,0.0,0.0,0.0,335,163,0.48656716417910445,163,0.16414473684210526,25.986842105263158
115,Static,-0.056324269168360565,-10.532638334483426,0.5,0.5,0.8329411764705882,0.0,0.2521390374331551,0.7478609625668449,0.0,0.2521390374331551,0.7478609625668449,0.0,1.0,1.0,1.0,18.699999999999996,19.44808435440063,8.449999999999985,8.449999999999985,15.029999999999962,0.5,0.0,0.0,0.8732620320855615,0.12673796791443848,0.12673796791443848,0.0,0.0,0.0,0.0,0.0,0.0,0.7308566570281982,0.6666666865348816,0.07516784965991974,,,,,0.06088116765022278,0.20000000298023224,406,0.0,0.0,0.0,395,105,0.26582278481012656,105,0.17245989304812834,16.63101604278075
116,Static,-0.03131319012574407,-4.665665328735867,0.65,0.65,0.9186602870813397,0.0,0.2174496644295302,0.7825503355704698,0.0,0.2174496644295302,0.7825503355704698,0.0,1.0,1.0,1.0,14.899999999999963,15.539531002044654,9.007692307692293,9.007692307692293,12.579999999999972,0.35,0.0,0.0,0.8375838926174497,0.1624161073825503,0.1624161073825503,0.0,0.0,0.0,0.0,0.0,0.0,0.7569682598114014,0.6904761791229248,0.061893850564956665,,,,,0.06108447164297104,0.20000000298023224,403,0.0,0.0,0.0,395,90,0.22784810126582278,90,0.23657718120805368,17.65771812080537
117,Static,-0.04531302752380992,-6.162571743238149,0.7,0.7,0.9515738498789347,0.0,0.13786764705882354,0.8621323529411765,0.0,0.13786764705882354,0.8621323529411765,0.0,1.0,1.0,1.0,13.599999999999968,13.869338006973242,8.828571428571413,8.828571428571413,12.81999999999997,0.3,0.0,0.0,0.8261029411764705,0.17389705882352946,0.17389705882352946,0.0,0.0,0.0,0.0,0.0,0.0,0.7639681696891785,0.6666666865348816,0.06048579514026642,,,,,0.05871335417032242,0.1476186215877533,419,0.0,0.0,0.0,414,74,0.178743961352657,74,0.14080882352941176,20.74264705882353
118,Static,-0.05380839441719953,-9.416469023009917,0.55,0.55,0.8790697674418605,0.0,0.17485714285714285,0.8251428571428572,0.0,0.17485714285714285,0.8251428571428572,0.0,1.0,1.0,1.0,17.49999999999998,18.46115722656249,9.62727272727271,9.62727272727271,13.849999999999966,0.45,0.0,0.0,0.8482857142857143,0.1517142857142857,0.1517142857142857,0.0,0.0,0.0,0.0,0.0,0.0,0.6501917243003845,0.5208576917648315,0.10564818978309631,,,,,0.05107421055436134,0.10000000149011612,464,0.0,0.0,0.0,454,139,0.30616740088105726,139,0.19028571428571428,17.068571428571428
119,Static,-0.013148791663162159,-1.7750868745268915,0.6,0.6,0.9214285714285714,0.0,0.06333333333333334,0.9366666666666666,0.0,0.06333333333333334,0.9366666666666666,0.0,1.0,1.0,1.0,13.499999999999968,14.066460990905739,9.876923076923058,9.876923076923058,12.959999999999969,0.4,0.0,0.0,0.8111111111111111,0.18888888888888888,0.18888888888888888,0.0,0.0,0.0,0.0,0.0,0.0,0.723048985004425,0.6666666865348816,0.07464525103569031,,,,,0.051244914531707764,0.1111111119389534,485,0.0,0.0,0.0,478,114,0.2384937238493724,114,0.09592592592592593,24.16296296296296
120,Static,-0.03889143552477142,-4.433623649823942,0.95,0.95,1.0,0.0,0.09912280701754386,0.9008771929824562,0.0,0.09912280701754386,0.9008771929824562,0.0,1.0,1.0,1.0,11.399999999999975,11.399999999999975,8.569999999999984,8.569999999999984,11.304999999999977,0.05,0.0,0.0,0.8100877192982456,0.18991228070175437,0.18991228070175437,0.0,0.0,0.0,0.0,0.0,0.0,0.9248697757720947,0.875,0.017440367490053177,,,,,0.06122298166155815,0.125,405,0.0,0.0,0.0,405,14,0.0345679012345679,14,0.06491228070175438,23.93859649122807
