episode,policy,reward_mean,reward_total,vehicle_sr,task_sr,subtask_sr,v2v_subtask_sr,ratio_local,ratio_rsu,ratio_v2v,decision_frac_local,decision_frac_rsu,decision_frac_v2v,avg_power,power_ratio_mean,power_ratio_p95,mean_cost_power,mean_cost_trust,episode_time_seconds,mean_cft_completed,act_seconds,makespan_seconds,task_duration_mean,task_duration_p95,deadline_miss_rate,deadline_meet_ratio,time_limit_rate,energy_mean,energy_p95,illegal_action_rate,no_task_rate,on_task_rate,has_task_available_rate,v2v_link_break_rate,unified_illegal_trigger_rate,I_total_mean,I_total_p50,I_total_p95,I_caused_mean,I_caused_p95,chain_tx_total,chain_p95_mean,chain_pfail_mean,chain_risk_cost_total,avg_queue_len,avg_rsu_queue
1,Local-Only,0.02097838581329123,0.18880547231962108,1.0,1.0,1.0,0.0,1.0,0.0,0.0,1.0,0.0,0.0,0.0,0.0,0.0,,,,,,,,,,,,,,,,,,,,,,,,,,,,,0.022222222222222223,0.6666666666666666
1,Greedy,0.0031616507025097195,0.07587961686023327,0.6,0.6,0.8666666666666667,1.0,0.7708333333333334,0.21875,0.010416666666666666,0.7708333333333334,0.21875,0.010416666666666666,0.22916666666666666,1.0,1.0,,,,,,,,,,,,,,,,,,,,,,,,,,,,,0.0020833333333333333,1.6666666666666667
1,EFT,-0.00017977840530459125,-0.00431468172731019,0.35,0.35,0.7481481481481481,0.6666666666666666,0.8145833333333333,0.11458333333333333,0.07083333333333333,0.8145833333333333,0.11458333333333333,0.07083333333333333,8.585138274500374e-05,0.00046301869345619995,0.0,,,,,,,,,,,,,,,,,,,,,,,,,,,,,0.020833333333333332,0.7083333333333334
1,CP-EFT,0.0027143939282499962,0.0651454542779999,0.6,0.6,0.8444444444444444,0.8928571428571429,0.8875,0.052083333333333336,0.06041666666666667,0.8875,0.052083333333333336,0.06041666666666667,0.0,0.0,0.0,,,,,,,,,,,,,,,,,,,,,,,,,,,,,0.03958333333333333,0.25
2,Local-Only,0.006398172436264124,0.22393603526924435,0.75,0.75,0.966542750929368,0.0,1.0,0.0,0.0,1.0,0.0,0.0,0.0,0.0,0.0,,,,,,,,,,,,,,,,,,,,,,,,,,,,,1.3914285714285715,0.11428571428571428
2,Greedy,0.005922131058780821,0.20135245599854792,0.95,0.95,0.9888475836431226,1.0,0.6205882352941177,0.36764705882352944,0.011764705882352941,0.6205882352941177,0.36764705882352944,0.011764705882352941,0.37941176470588234,1.0,1.0,,,,,,,,,,,,,,,,,,,,,,,,,,,,,0.04411764705882353,11.264705882352942
2,EFT,0.0001598046383325773,0.006232380894970514,0.3,0.3,0.7137546468401487,0.8111111111111111,0.7705128205128206,0.1,0.1294871794871795,0.7705128205128206,0.1,0.1294871794871795,0.00035738953418401354,0.001557339869628662,0.011737239009234108,,,,,,,,,,,,,,,,,,,,,,,,,,,,,0.5205128205128206,2.1025641025641026
2,CP-EFT,0.00253246610023925,0.09370124570885226,0.7,0.7,0.9107806691449815,0.9716981132075472,0.7189189189189189,0.12702702702702703,0.15405405405405406,0.7189189189189189,0.12702702702702703,0.15405405405405406,6.66252659194916e-05,0.00023703219605972976,0.0,,,,,,,,,,,,,,,,,,,,,,,,,,,,,0.5756756756756757,2.5405405405405403
3,Local-Only,0.005572448543681581,0.2173254932035817,0.65,0.65,0.9562043795620438,0.0,1.0,0.0,0.0,1.0,0.0,0.0,0.0,0.0,0.0,,,,,,,,,,,,,,,,,,,,,,,,,,,,,1.3205128205128205,0.07692307692307693
3,Greedy,0.004525792833667067,0.1765059205130156,0.85,0.85,0.9197080291970803,1.0,0.6897435897435897,0.29615384615384616,0.014102564102564103,0.6897435897435897,0.29615384615384616,0.014102564102564103,0.31025641025641026,1.0,1.0,,,,,,,,,,,,,,,,,,,,,,,,,,,,,0.03974358974358974,8.948717948717949
3,EFT,0.00023150218403516546,0.009028585177371453,0.35,0.35,0.8029197080291971,0.9466666666666667,0.7705128205128206,0.12692307692307692,0.10256410256410256,0.7705128205128206,0.12692307692307692,0.10256410256410256,4.9854537490499835e-05,0.00021724323599212219,0.0,,,,,,,,,,,,,,,,,,,,,,,,,,,,,0.40512820512820513,2.0256410256410255
3,CP-EFT,0.0008078287471926615,0.0315053211405138,0.45,0.45,0.8613138686131386,1.0,0.7794871794871795,0.10512820512820513,0.11538461538461539,0.7794871794871795,0.10512820512820513,0.11538461538461539,0.00045596301934644934,0.00206773927378041,0.0,,,,,,,,,,,,,,,,,,,,,,,,,,,,,0.41410256410256413,2.3846153846153846
4,Local-Only,0.007083593469926735,0.19834061715794857,0.75,0.75,0.9805825242718447,0.0,1.0,0.0,0.0,1.0,0.0,0.0,0.0,0.0,0.0,,,,,,,,,,,,,,,,,,,,,,,,,,,,,0.8303571428571429,0.2857142857142857
4,Greedy,0.005696217378107976,0.15379786920891536,0.8,0.8,0.9368932038834952,1.0,0.6555555555555556,0.3425925925925926,0.001851851851851852,0.6555555555555556,0.3425925925925926,0.001851851851851852,0.34444444444444444,1.0,1.0,,,,,,,,,,,,,,,,,,,,,,,,,,,,,0.016666666666666666,7.222222222222222
4,EFT,0.0009704638480137813,0.02717298774438588,0.4,0.4,0.7281553398058253,0.7843137254901961,0.7732142857142857,0.12142857142857143,0.10535714285714286,0.7732142857142857,0.12142857142857143,0.10535714285714286,0.00048774259520679254,0.00215067601036066,0.012765125905027088,,,,,,,,,,,,,,,,,,,,,,,,,,,,,0.34464285714285714,1.9285714285714286
4,CP-EFT,0.0027485889935263477,0.07696049181873774,0.6,0.6,0.8106796116504854,0.8775510204081632,0.7821428571428571,0.12321428571428572,0.09464285714285714,0.7821428571428571,0.12321428571428572,0.09464285714285714,0.0006755085703260596,0.0031006950769065034,0.0,,,,,,,,,,,,,,,,,,,,,,,,,,,,,0.2982142857142857,1.9285714285714286
5,Local-Only,0.02137130801275345,0.19234177211478104,1.0,1.0,1.0,0.0,1.0,0.0,0.0,1.0,0.0,0.0,0.0,0.0,0.0,,,,,,,,,,,,,,,,,,,,,,,,,,,,,0.08888888888888889,0.0
5,Greedy,0.020802377231935818,0.18722139508742236,1.0,1.0,1.0,1.0,0.35,0.6333333333333333,0.016666666666666666,0.35,0.6333333333333333,0.016666666666666666,0.65,1.0,1.0,,,,,,,,,,,,,,,,,,,,,,,,,,,,,0.011111111111111112,4.222222222222222
5,EFT,0.007143803651762511,0.15001987668701272,0.9,0.9,0.9618320610687023,0.95,0.7404761904761905,0.16428571428571428,0.09523809523809523,0.7404761904761905,0.16428571428571428,0.09523809523809523,0.0,0.0,0.0,,,,,,,,,,,,,,,,,,,,,,,,,,,,,0.08095238095238096,0.9523809523809523
5,CP-EFT,0.0033695386304547314,0.08423846576136829,0.65,0.65,0.8931297709923665,0.8888888888888888,0.86,0.066,0.074,0.86,0.066,0.074,0.0,0.0,0.0,,,,,,,,,,,,,,,,,,,,,,,,,,,,,0.082,0.0
6,Local-Only,0.024202418895598883,0.19361935116479106,1.0,1.0,1.0,0.0,1.0,0.0,0.0,1.0,0.0,0.0,0.0,0.0,0.0,,,,,,,,,,,,,,,,,,,,,,,,,,,,,0.06875,0.0
6,Greedy,0.023641488084000704,0.18913190467200564,1.0,1.0,1.0,0.0,0.3125,0.6875,0.0,0.3125,0.6875,0.0,0.6875,1.0,1.0,,,,,,,,,,,,,,,,,,,,,,,,,,,,,0.0,4.125
6,EFT,0.00871755478948535,0.17435109578970698,1.0,1.0,1.0,1.0,0.75,0.1925,0.0575,0.75,0.1925,0.0575,0.0,0.0,0.0,,,,,,,,,,,,,,,,,,,,,,,,,,,,,0.065,0.85
6,CP-EFT,0.007063740915937356,0.15540230015062184,0.9,0.9,0.968503937007874,1.0,0.8363636363636363,0.07954545454545454,0.08409090909090909,0.8363636363636363,0.07954545454545454,0.08409090909090909,0.0,0.0,0.0,,,,,,,,,,,,,,,,,,,,,,,,,,,,,0.1,0.0
7,Local-Only,0.008179236534414375,0.22083938642918813,0.85,0.85,0.9744897959183674,0.0,1.0,0.0,0.0,1.0,0.0,0.0,0.0,0.0,0.0,,,,,,,,,,,,,,,,,,,,,,,,,,,,,0.8962962962962963,0.0
7,Greedy,0.008725716323752583,0.20069147544630941,0.95,0.95,0.9693877551020408,0.0,0.591304347826087,0.40869565217391307,0.0,0.591304347826087,0.40869565217391307,0.0,0.40869565217391307,1.0,1.0,,,,,,,,,,,,,,,,,,,,,,,,,,,,,0.002173913043478261,9.347826086956522
7,EFT,0.000985357674642325,0.028575372564627423,0.45,0.45,0.8316326530612245,0.8870967741935484,0.7448275862068966,0.13448275862068965,0.1206896551724138,0.7448275862068966,0.13448275862068965,0.1206896551724138,0.00014949753842978267,0.0005858687316842835,0.0,,,,,,,,,,,,,,,,,,,,,,,,,,,,,0.3724137931034483,2.1724137931034484
7,CP-EFT,0.0007510959710658656,0.021781783160910104,0.4,0.4,0.8163265306122449,0.8787878787878788,0.7827586206896552,0.09827586206896552,0.11896551724137931,0.7827586206896552,0.09827586206896552,0.11896551724137931,0.00022334001105729097,0.001028073066771657,0.0,,,,,,,,,,,,,,,,,,,,,,,,,,,,,0.33620689655172414,1.7586206896551724
8,Local-Only,0.00792656528026647,0.21401726256719467,0.85,0.85,0.967032967032967,0.0,1.0,0.0,0.0,1.0,0.0,0.0,0.0,0.0,0.0,,,,,,,,,,,,,,,,,,,,,,,,,,,,,0.8388888888888889,0.14814814814814814
8,Greedy,0.0063073959396242885,0.18291448224910437,0.9,0.9,0.9395604395604396,1.0,0.7103448275862069,0.28793103448275864,0.0017241379310344827,0.7103448275862069,0.28793103448275864,0.0017241379310344827,0.2896551724137931,1.0,1.0,,,,,,,,,,,,,,,,,,,,,,,,,,,,,0.005172413793103448,6.586206896551724
8,EFT,0.0043790260608588824,0.1269917557649076,0.9,0.9,0.9945054945054945,1.0,0.7396551724137931,0.11896551724137931,0.1413793103448276,0.7396551724137931,0.11896551724137931,0.1413793103448276,3.518349982945166e-05,0.00013514191987471497,0.0,,,,,,,,,,,,,,,,,,,,,,,,,,,,,0.5827586206896552,2.103448275862069
8,CP-EFT,0.004943177486859418,0.14335214711892313,0.9,0.9,0.967032967032967,0.9850746268656716,0.756896551724138,0.10689655172413794,0.13620689655172413,0.756896551724138,0.10689655172413794,0.13620689655172413,0.0005036102706223996,0.0020715883472410762,0.0,,,,,,,,,,,,,,,,,,,,,,,,,,,,,0.43103448275862066,1.793103448275862
9,Local-Only,0.0067541323245014434,0.17560744043703752,0.7,0.7,0.9740932642487047,0.0,1.0,0.0,0.0,1.0,0.0,0.0,0.0,0.0,0.0,,,,,,,,,,,,,,,,,,,,,,,,,,,,,0.8615384615384616,0.2692307692307692
9,Greedy,0.007022056838431155,0.18257347779921002,0.9,0.9,0.9378238341968912,1.0,0.6673076923076923,0.3211538461538462,0.011538461538461539,0.6673076923076923,0.3211538461538462,0.011538461538461539,0.3326923076923077,1.0,1.0,,,,,,,,,,,,,,,,,,,,,,,,,,,,,0.025,8.73076923076923
9,EFT,0.0030372622377683534,0.08200608041974554,0.7,0.7,0.844559585492228,0.8787878787878788,0.7537037037037037,0.11851851851851852,0.12777777777777777,0.7537037037037037,0.11851851851851852,0.12777777777777777,0.0008037049485747798,0.00326316294910061,0.03711924814916251,,,,,,,,,,,,,,,,,,,,,,,,,,,,,0.2722222222222222,2.5925925925925926
9,CP-EFT,0.0027941571854872395,0.07544224400815547,0.65,0.65,0.8238341968911918,0.921875,0.7814814814814814,0.08888888888888889,0.12962962962962962,0.7814814814814814,0.08888888888888889,0.12962962962962962,0.00043156891770041876,0.0019749764030358146,0.0053595433842491685,,,,,,,,,,,,,,,,,,,,,,,,,,,,,0.3111111111111111,1.5925925925925926
10,Local-Only,0.0046324129388391755,0.17603169167588867,0.55,0.55,0.9380165289256198,0.0,1.0,0.0,0.0,1.0,0.0,0.0,0.0,0.0,0.0,,,,,,,,,,,,,,,,,,,,,,,,,,,,,1.4092105263157895,0.21052631578947367
10,Greedy,0.0060574419419755525,0.19383814214321768,0.95,0.95,0.9752066115702479,1.0,0.640625,0.33125,0.028125,0.640625,0.33125,0.028125,0.359375,1.0,1.0,,,,,,,,,,,,,,,,,,,,,,,,,,,,,0.0796875,13.09375
10,EFT,0.0005905660552901978,0.02185094404573732,0.4,0.4,0.8057851239669421,0.8472222222222222,0.7797297297297298,0.12027027027027028,0.1,0.7797297297297298,0.12027027027027028,0.1,0.0010589303000602536,0.004807413632175385,0.05437848767698194,,,,,,,,,,,,,,,,,,,,,,,,,,,,,0.4797297297297297,2.7567567567567566
10,CP-EFT,0.00024878387913230925,0.009205003527895442,0.35,0.35,0.7851239669421488,0.8873239436619719,0.7824324324324324,0.10810810810810811,0.10945945945945947,0.7824324324324324,0.10810810810810811,0.10945945945945947,0.00045246581485672895,0.0020796565403352757,0.0,,,,,,,,,,,,,,,,,,,,,,,,,,,,,0.5013513513513513,2.1621621621621623
11,Local-Only,0.006763567408045204,0.22996129187353695,0.7,0.7,0.9420849420849421,0.0,1.0,0.0,0.0,1.0,0.0,0.0,0.0,0.0,0.0,,,,,,,,,,,,,,,,,,,,,,,,,,,,,1.5411764705882354,0.058823529411764705
11,Greedy,0.004813015323430345,0.17326855164349245,0.8,0.8,0.9536679536679536,1.0,0.6569444444444444,0.3347222222222222,0.008333333333333333,0.6569444444444444,0.3347222222222222,0.008333333333333333,0.34305555555555556,1.0,1.0,,,,,,,,,,,,,,,,,,,,,,,,,,,,,0.009722222222222222,9.666666666666666
11,EFT,-0.0002560658119844945,-0.009474435043426295,0.3,0.3,0.7181467181467182,0.8589743589743589,0.777027027027027,0.10270270270270271,0.12027027027027028,0.777027027027027,0.10270270270270271,0.12027027027027028,0.0010302661079706053,0.004620587393322715,0.05980602706080305,,,,,,,,,,,,,,,,,,,,,,,,,,,,,0.33513513513513515,1.6486486486486487
11,CP-EFT,-0.0005350142498208772,-0.019795527243372458,0.2,0.2,0.6795366795366795,0.8260869565217391,0.8067567567567567,0.0945945945945946,0.09864864864864865,0.8067567567567567,0.0945945945945946,0.09864864864864865,0.0001282993470364233,0.0006639266909577149,0.0,,,,,,,,,,,,,,,,,,,,,,,,,,,,,0.3472972972972973,1.7567567567567568
12,Local-Only,0.008645841938349184,0.23343773233542797,0.9,0.9,0.9906976744186047,0.0,1.0,0.0,0.0,1.0,0.0,0.0,0.0,0.0,0.0,,,,,,,,,,,,,,,,,,,,,,,,,,,,,1.0,0.25925925925925924
12,Greedy,0.005655329772674809,0.16400456340756947,0.8,0.8,0.9162790697674419,1.0,0.6637931034482759,0.33448275862068966,0.0017241379310344827,0.6637931034482759,0.33448275862068966,0.0017241379310344827,0.33620689655172414,1.0,1.0,,,,,,,,,,,,,,,,,,,,,,,,,,,,,0.015517241379310345,8.0
12,EFT,0.0031585321925475954,0.09159743358388027,0.7,0.7,0.8837209302325582,0.9875,0.7103448275862069,0.13620689655172413,0.15344827586206897,0.7103448275862069,0.13620689655172413,0.15344827586206897,0.00013877862048763013,0.00047911666596919925,0.0,,,,,,,,,,,,,,,,,,,,,,,,,,,,,0.5913793103448276,2.4827586206896552
12,CP-EFT,0.004229089875461002,0.12264360638836908,0.8,0.8,0.9488372093023256,0.9882352941176471,0.7051724137931035,0.12586206896551724,0.16896551724137931,0.7051724137931035,0.12586206896551724,0.16896551724137931,2.1356934389738346e-05,7.243872483069147e-05,0.0,,,,,,,,,,,,,,,,,,,,,,,,,,,,,0.5775862068965517,1.6551724137931034
13,Local-Only,0.019142544778090166,0.19142544778090168,1.0,1.0,1.0,0.0,1.0,0.0,0.0,1.0,0.0,0.0,0.0,0.0,0.0,,,,,,,,,,,,,,,,,,,,,,,,,,,,,0.11,0.2
13,Greedy,0.020805856339130402,0.18725270705217362,1.0,1.0,1.0,0.0,0.3888888888888889,0.6111111111111112,0.0,0.3888888888888889,0.6111111111111112,0.0,0.6111111111111112,1.0,1.0,,,,,,,,,,,,,,,,,,,,,,,,,,,,,0.011111111111111112,4.0
13,EFT,0.003287277743780991,0.07889466585074378,0.65,0.65,0.8515625,0.7391304347826086,0.8291666666666667,0.12291666666666666,0.04791666666666667,0.8291666666666667,0.12291666666666666,0.04791666666666667,0.0,0.0,0.0,,,,,,,,,,,,,,,,,,,,,,,,,,,,,0.035416666666666666,0.625
13,CP-EFT,0.004236961642327849,0.10168707941586838,0.7,0.7,0.859375,0.6,0.8791666666666667,0.08333333333333333,0.0375,0.8791666666666667,0.08333333333333333,0.0375,0.0,0.0,0.0,,,,,,,,,,,,,,,,,,,,,,,,,,,,,0.027083333333333334,0.08333333333333333
14,Local-Only,0.0051466452132686216,0.19557251810420762,0.5,0.5,0.9302325581395349,0.0,1.0,0.0,0.0,1.0,0.0,0.0,0.0,0.0,0.0,,,,,,,,,,,,,,,,,,,,,,,,,,,,,1.3289473684210527,0.02631578947368421
14,Greedy,0.005708181199311457,0.19978634197590098,0.95,0.95,0.9767441860465116,1.0,0.6542857142857142,0.3271428571428571,0.018571428571428572,0.6542857142857142,0.3271428571428571,0.018571428571428572,0.3457142857142857,1.0,1.0,,,,,,,,,,,,,,,,,,,,,,,,,,,,,0.03857142857142857,10.857142857142858
14,EFT,0.0006941527285892822,0.026377803686392722,0.4,0.4,0.7984496124031008,0.8987341772151899,0.7789473684210526,0.1118421052631579,0.10921052631578948,0.7789473684210526,0.1118421052631579,0.10921052631578948,0.0006174473575205506,0.002793214236402491,0.03749745901365546,,,,,,,,,,,,,,,,,,,,,,,,,,,,,0.3907894736842105,2.5
14,CP-EFT,0.0007726549699910916,0.0278155789196793,0.4,0.4,0.7868217054263565,0.8888888888888888,0.7763888888888889,0.10277777777777777,0.12083333333333333,0.7763888888888889,0.10277777777777777,0.12083333333333333,0.0008746627513085078,0.003911535285354819,0.04830566719468559,,,,,,,,,,,,,,,,,,,,,,,,,,,,,0.475,1.9444444444444444
15,Local-Only,0.02375948765710586,0.19007590125684687,1.0,1.0,1.0,0.0,1.0,0.0,0.0,1.0,0.0,0.0,0.0,0.0,0.0,,,,,,,,,,,,,,,,,,,,,,,,,,,,,0.04375,0.375
15,Greedy,0.023367604628774116,0.18694083703019293,1.0,1.0,1.0,0.0,0.3,0.7,0.0,0.3,0.7,0.0,0.7,1.0,1.0,,,,,,,,,,,,,,,,,,,,,,,,,,,,,0.00625,4.25
15,EFT,0.005923933421392489,0.14809833553481222,0.9,0.9,0.9770992366412213,1.0,0.792,0.134,0.074,0.792,0.134,0.074,0.0,0.0,0.0,,,,,,,,,,,,,,,,,,,,,,,,,,,,,0.086,0.52
15,CP-EFT,0.008358864574738705,0.1671772914947741,0.95,0.95,0.9923664122137404,1.0,0.8325,0.07,0.0975,0.8325,0.07,0.0975,5.1161180092622e-06,3.054398811499821e-05,0.0,,,,,,,,,,,,,,,,,,,,,,,,,,,,,0.0875,0.15
16,Local-Only,0.007104111146605032,0.19181100095833586,0.8,0.8,0.9753694581280788,0.0,1.0,0.0,0.0,1.0,0.0,0.0,0.0,0.0,0.0,,,,,,,,,,,,,,,,,,,,,,,,,,,,,0.8111111111111111,0.18518518518518517
16,Greedy,0.00730766860533859,0.18269171513346474,0.95,0.95,0.9852216748768473,0.0,0.614,0.386,0.0,0.614,0.386,0.0,0.386,1.0,1.0,,,,,,,,,,,,,,,,,,,,,,,,,,,,,0.004,8.92
16,EFT,0.003809884960038955,0.11048666384112969,0.8,0.8,0.9408866995073891,1.0,0.7155172413793104,0.1396551724137931,0.14482758620689656,0.7155172413793104,0.1396551724137931,0.14482758620689656,0.00017834858539836828,0.0006269223001882036,0.0,,,,,,,,,,,,,,,,,,,,,,,,,,,,,0.4896551724137931,2.4827586206896552
16,CP-EFT,0.004531199115184332,0.12234237610997696,0.8,0.8,0.9605911330049262,1.0,0.7296296296296296,0.13148148148148148,0.1388888888888889,0.7296296296296296,0.13148148148148148,0.1388888888888889,0.0002939243739762102,0.0010871175475832431,0.0,,,,,,,,,,,,,,,,,,,,,,,,,,,,,0.37037037037037035,1.8518518518518519
17,Local-Only,0.006701707217105527,0.2479631670329045,0.75,0.75,0.9584905660377359,0.0,1.0,0.0,0.0,1.0,0.0,0.0,0.0,0.0,0.0,,,,,,,,,,,,,,,,,,,,,,,,,,,,,1.3972972972972972,0.02702702702702703
17,Greedy,0.004125931420923903,0.1444075997323366,0.75,0.75,0.879245283018868,1.0,0.6671428571428571,0.3271428571428571,0.005714285714285714,0.6671428571428571,0.3271428571428571,0.005714285714285714,0.33285714285714285,1.0,1.0,,,,,,,,,,,,,,,,,,,,,,,,,,,,,0.02142857142857143,9.057142857142857
17,EFT,0.0005356136912076636,0.01928209288347589,0.35,0.35,0.8113207547169812,0.9230769230769231,0.7625,0.14444444444444443,0.09305555555555556,0.7625,0.14444444444444443,0.09305555555555556,0.0,0.0,0.0,,,,,,,,,,,,,,,,,,,,,,,,,,,,,0.42916666666666664,2.5555555555555554
17,CP-EFT,0.0016818833908349433,0.058865918679223014,0.5,0.5,0.8754716981132076,0.9240506329113924,0.7571428571428571,0.12571428571428572,0.11714285714285715,0.7571428571428571,0.12571428571428572,0.11714285714285715,0.0,0.0,0.0,,,,,,,,,,,,,,,,,,,,,,,,,,,,,0.5414285714285715,2.6857142857142855
18,Local-Only,0.007607751098542336,0.22062478185772774,0.85,0.85,0.9804878048780488,0.0,1.0,0.0,0.0,1.0,0.0,0.0,0.0,0.0,0.0,,,,,,,,,,,,,,,,,,,,,,,,,,,,,0.8051724137931034,0.10344827586206896
18,Greedy,0.006104956465057959,0.1770437374866808,0.9,0.9,0.9073170731707317,0.0,0.6810344827586207,0.31896551724137934,0.0,0.6810344827586207,0.31896551724137934,0.0,0.31896551724137934,1.0,1.0,,,,,,,,,,,,,,,,,,,,,,,,,,,,,0.005172413793103448,6.068965517241379
18,EFT,0.00116611392171694,0.03381730372979126,0.45,0.45,0.7658536585365854,0.8253968253968254,0.7448275862068966,0.12931034482758622,0.12586206896551724,0.7448275862068966,0.12931034482758622,0.12586206896551724,0.0005726908501731779,0.0022443290074354266,0.0,,,,,,,,,,,,,,,,,,,,,,,,,,,,,0.35517241379310344,2.103448275862069
18,CP-EFT,0.0029232951545950475,0.08477555948325638,0.65,0.65,0.8926829268292683,0.9428571428571428,0.7396551724137931,0.12758620689655173,0.13275862068965516,0.7396551724137931,0.12758620689655173,0.13275862068965516,0.00040863697857213753,0.0015695989905419854,0.0,,,,,,,,,,,,,,,,,,,,,,,,,,,,,0.3879310344827586,1.8620689655172413
19,Local-Only,0.005937111029127586,0.21373599704859308,0.65,0.65,0.948339483394834,0.0,1.0,0.0,0.0,1.0,0.0,0.0,0.0,0.0,0.0,,,,,,,,,,,,,,,,,,,,,,,,,,,,,1.4583333333333333,0.0
19,Greedy,0.005303672122404109,0.1750211800393356,0.85,0.85,0.959409594095941,1.0,0.6121212121212121,0.36818181818181817,0.019696969696969695,0.6121212121212121,0.36818181818181817,0.019696969696969695,0.3878787878787879,1.0,1.0,,,,,,,,,,,,,,,,,,,,,,,,,,,,,0.04393939393939394,10.272727272727273
19,EFT,-0.00041612211034414484,-0.014980395972389215,0.35,0.35,0.7527675276752768,0.9054054054054054,0.7597222222222222,0.13194444444444445,0.10833333333333334,0.7597222222222222,0.13194444444444445,0.10833333333333334,0.0010112782616275282,0.004208788140877574,0.05202491941695417,,,,,,,,,,,,,,,,,,,,,,,,,,,,,0.37916666666666665,2.5555555555555554
19,CP-EFT,-0.0007246656440710923,-0.026087963186559326,0.25,0.25,0.6863468634686347,0.8333333333333334,0.7875,0.10694444444444444,0.10555555555555556,0.7875,0.10694444444444444,0.10555555555555556,0.00046566088264987356,0.002191345330117052,0.0,,,,,,,,,,,,,,,,,,,,,,,,,,,,,0.35694444444444445,2.0833333333333335
20,Local-Only,0.018760885564695965,0.18760885564695964,1.0,1.0,1.0,0.0,1.0,0.0,0.0,1.0,0.0,0.0,0.0,0.0,0.0,,,,,,,,,,,,,,,,,,,,,,,,,,,,,0.1,0.3
20,Greedy,0.02321325167960795,0.1857060134368636,1.0,1.0,1.0,1.0,0.26875,0.71875,0.0125,0.26875,0.71875,0.0125,0.73125,1.0,1.0,,,,,,,,,,,,,,,,,,,,,,,,,,,,,0.0125,4.375
20,EFT,0.006449886237300848,0.1354476109833178,0.85,0.85,0.9402985074626866,0.9333333333333333,0.75,0.1761904761904762,0.07380952380952381,0.75,0.1761904761904762,0.07380952380952381,0.00013020663513830619,0.0005208265405532247,0.0,,,,,,,,,,,,,,,,,,,,,,,,,,,,,0.04285714285714286,0.6190476190476191
20,CP-EFT,0.005855799129235191,0.1346833799724094,0.85,0.85,0.9402985074626866,0.9333333333333333,0.8456521739130435,0.05434782608695652,0.1,0.8456521739130435,0.05434782608695652,0.1,6.221067847056367e-05,0.00040305509995013084,0.0,,,,,,,,,,,,,,,,,,,,,,,,,,,,,0.07173913043478261,0.13043478260869565
21,Local-Only,0.008587714297697027,0.23186828603781973,0.85,0.85,0.9801980198019802,0.0,1.0,0.0,0.0,1.0,0.0,0.0,0.0,0.0,0.0,,,,,,,,,,,,,,,,,,,,,,,,,,,,,1.0537037037037038,0.25925925925925924
21,Greedy,0.006023492832730272,0.16263430648371735,0.8,0.8,0.9356435643564357,0.0,0.6574074074074074,0.3425925925925926,0.0,0.6574074074074074,0.3425925925925926,0.0,0.3425925925925926,1.0,1.0,,,,,,,,,,,,,,,,,,,,,,,,,,,,,0.009259259259259259,8.37037037037037
21,EFT,0.0006902538704079895,0.018636854501015716,0.35,0.35,0.7821782178217822,0.8518518518518519,0.7703703703703704,0.12777777777777777,0.10185185185185185,0.7703703703703704,0.12777777777777777,0.10185185185185185,0.00013787391476900065,0.0006004186610908093,0.0,,,,,,,,,,,,,,,,,,,,,,,,,,,,,0.42592592592592593,3.037037037037037
21,CP-EFT,0.0010994349955290269,0.029684744879283725,0.35,0.35,0.7376237623762376,0.8043478260869565,0.7944444444444444,0.11296296296296296,0.09259259259259259,0.7944444444444444,0.11296296296296296,0.09259259259259259,0.00017188995566514066,0.0008362214059385221,0.0,,,,,,,,,,,,,,,,,,,,,,,,,,,,,0.3907407407407407,2.037037037037037
22,Local-Only,0.008037292424530504,0.2089696030377931,0.85,0.85,0.9897959183673469,0.0,1.0,0.0,0.0,1.0,0.0,0.0,0.0,0.0,0.0,,,,,,,,,,,,,,,,,,,,,,,,,,,,,0.8346153846153846,0.15384615384615385
22,Greedy,0.007266967629815756,0.1962081260050254,0.95,0.95,0.9540816326530612,1.0,0.6666666666666666,0.32592592592592595,0.007407407407407408,0.6666666666666666,0.32592592592592595,0.007407407407407408,0.3333333333333333,1.0,1.0,,,,,,,,,,,,,,,,,,,,,,,,,,,,,0.016666666666666666,7.481481481481482
22,EFT,0.0034834309986405353,0.09405263696329445,0.7,0.7,0.9336734693877551,0.9425287356321839,0.7074074074074074,0.12777777777777777,0.1648148148148148,0.7074074074074074,0.12777777777777777,0.1648148148148148,6.99870733873806e-05,0.00023919632676699696,0.0,,,,,,,,,,,,,,,,,,,,,,,,,,,,,0.49074074074074076,2.259259259259259
22,CP-EFT,0.003485020150986265,0.09409554407662915,0.7,0.7,0.9132653061224489,0.948051948051948,0.725925925925926,0.11851851851851852,0.15555555555555556,0.725925925925926,0.11851851851851852,0.15555555555555556,0.00010733400008532072,0.0003916240543653594,0.0,,,,,,,,,,,,,,,,,,,,,,,,,,,,,0.45555555555555555,1.6296296296296295
23,Local-Only,0.023730368837829283,0.18984295070263427,1.0,1.0,1.0,0.0,1.0,0.0,0.0,1.0,0.0,0.0,0.0,0.0,0.0,,,,,,,,,,,,,,,,,,,,,,,,,,,,,0.025,0.75
23,Greedy,0.020659139767571926,0.18593225790814732,1.0,1.0,1.0,0.0,0.34444444444444444,0.6555555555555556,0.0,0.34444444444444444,0.6555555555555556,0.0,0.6555555555555556,1.0,1.0,,,,,,,,,,,,,,,,,,,,,,,,,,,,,0.005555555555555556,3.888888888888889
23,EFT,0.00964645021868324,0.17363610393629833,1.0,1.0,1.0,1.0,0.6888888888888889,0.2,0.1111111111111111,0.6888888888888889,0.2,0.1111111111111111,0.0007061933048856738,0.002269907051418237,0.0,,,,,,,,,,,,,,,,,,,,,,,,,,,,,0.15,1.2222222222222223
23,CP-EFT,0.005778827959576426,0.13869187102983424,0.85,0.85,0.927536231884058,0.9333333333333333,0.8625,0.07291666666666667,0.06458333333333334,0.8625,0.07291666666666667,0.06458333333333334,0.00011889355868638887,0.0008646804268101009,0.0,,,,,,,,,,,,,,,,,,,,,,,,,,,,,0.07916666666666666,0.25
24,Local-Only,0.021090464605910617,0.18981418145319556,1.0,1.0,1.0,0.0,1.0,0.0,0.0,1.0,0.0,0.0,0.0,0.0,0.0,,,,,,,,,,,,,,,,,,,,,,,,,,,,,0.06666666666666667,0.5555555555555556
24,Greedy,0.020734803552939166,0.1866132319764525,1.0,1.0,1.0,0.0,0.38333333333333336,0.6166666666666667,0.0,0.38333333333333336,0.6166666666666667,0.0,0.6166666666666667,1.0,1.0,,,,,,,,,,,,,,,,,,,,,,,,,,,,,0.011111111111111112,5.0
24,EFT,0.003105368127248038,0.08384493943569703,0.65,0.65,0.8244274809160306,0.8125,0.8444444444444444,0.09444444444444444,0.06111111111111111,0.8444444444444444,0.09444444444444444,0.06111111111111111,6.19531915405126e-06,3.982705170461524e-05,0.0,,,,,,,,,,,,,,,,,,,,,,,,,,,,,0.05,0.6296296296296297
24,CP-EFT,0.005773561123885341,0.15588615034490422,0.9,0.9,0.9389312977099237,0.9487179487179487,0.8555555555555555,0.06666666666666667,0.07777777777777778,0.8555555555555555,0.06666666666666667,0.07777777777777778,6.19531915405126e-06,4.289067106650872e-05,0.0,,,,,,,,,,,,,,,,,,,,,,,,,,,,,0.05555555555555555,0.18518518518518517
25,Local-Only,0.007032328200454289,0.20393751781317437,0.8,0.8,0.9752475247524752,0.0,1.0,0.0,0.0,1.0,0.0,0.0,0.0,0.0,0.0,,,,,,,,,,,,,,,,,,,,,,,,,,,,,0.9206896551724137,0.20689655172413793
25,Greedy,0.0029392496581611026,0.08817748974483308,0.6,0.6,0.8366336633663366,1.0,0.72,0.27,0.01,0.72,0.27,0.01,0.28,1.0,1.0,,,,,,,,,,,,,,,,,,,,,,,,,,,,,0.028333333333333332,5.833333333333333
25,EFT,-0.0016310050282969141,-0.04893015084890742,0.1,0.1,0.6039603960396039,0.6590909090909091,0.8033333333333333,0.12166666666666667,0.075,0.8033333333333333,0.12166666666666667,0.075,0.00041411826947279927,0.002105686115963386,0.0,,,,,,,,,,,,,,,,,,,,,,,,,,,,,0.175,1.8333333333333333
25,CP-EFT,-0.0009265079417996796,-0.027795238253990388,0.2,0.2,0.6584158415841584,0.7368421052631579,0.8366666666666667,0.09333333333333334,0.07,0.8366666666666667,0.09333333333333334,0.07,0.0003725954083455488,0.002281196377625809,0.0,,,,,,,,,,,,,,,,,,,,,,,,,,,,,0.185,1.4
26,Local-Only,0.00940890989774614,0.23522274744365348,0.9,0.9,0.9894736842105263,0.0,1.0,0.0,0.0,1.0,0.0,0.0,0.0,0.0,0.0,,,,,,,,,,,,,,,,,,,,,,,,,,,,,0.97,0.2
26,Greedy,0.011620613013229178,0.20917103423812522,1.0,1.0,1.0,1.0,0.5027777777777778,0.4861111111111111,0.011111111111111112,0.5027777777777778,0.4861111111111111,0.011111111111111112,0.49722222222222223,1.0,1.0,,,,,,,,,,,,,,,,,,,,,,,,,,,,,0.044444444444444446,12.777777777777779
26,EFT,0.0030309759619055227,0.08183635097144912,0.65,0.65,0.8947368421052632,0.8985507246376812,0.7277777777777777,0.13148148148148148,0.14074074074074075,0.7277777777777777,0.13148148148148148,0.14074074074074075,0.0008128971284277634,0.0029861527166734157,0.0,,,,,,,,,,,,,,,,,,,,,,,,,,,,,0.43703703703703706,2.740740740740741
26,CP-EFT,0.003499441936291928,0.09448493227988206,0.7,0.7,0.9105263157894737,0.9428571428571428,0.7444444444444445,0.1111111111111111,0.14444444444444443,0.7444444444444445,0.1111111111111111,0.14444444444444443,0.00018313980261517787,0.0007166340102333047,0.0,,,,,,,,,,,,,,,,,,,,,,,,,,,,,0.42962962962962964,2.0
27,Local-Only,0.008295978896197303,0.21569545130112985,0.8,0.8,0.9705882352941176,0.0,1.0,0.0,0.0,1.0,0.0,0.0,0.0,0.0,0.0,,,,,,,,,,,,,,,,,,,,,,,,,,,,,0.8884615384615384,0.11538461538461539
27,Greedy,0.005517576993099303,0.1544921558067805,0.8,0.8,0.9313725490196079,0.0,0.6660714285714285,0.3339285714285714,0.0,0.6660714285714285,0.3339285714285714,0.0,0.3339285714285714,1.0,1.0,,,,,,,,,,,,,,,,,,,,,,,,,,,,,0.007142857142857143,7.571428571428571
27,EFT,0.0017682996186048538,0.04951238932093591,0.5,0.5,0.803921568627451,0.9298245614035088,0.7482142857142857,0.13035714285714287,0.12142857142857143,0.7482142857142857,0.13035714285714287,0.12142857142857143,0.00020519450935975995,0.0008149569166061389,0.0,,,,,,,,,,,,,,,,,,,,,,,,,,,,,0.32321428571428573,3.357142857142857
27,CP-EFT,0.0015521755348687843,0.04346091497632596,0.4,0.4,0.8676470588235294,0.8888888888888888,0.7660714285714286,0.13392857142857142,0.1,0.7660714285714286,0.13392857142857142,0.1,0.0003240818516249033,0.001385388068014854,0.0,,,,,,,,,,,,,,,,,,,,,,,,,,,,,0.2910714285714286,1.9642857142857142
28,Local-Only,0.006531929006750371,0.23514944424301334,0.6,0.6,0.9108527131782945,0.0,1.0,0.0,0.0,1.0,0.0,0.0,0.0,0.0,0.0,,,,,,,,,,,,,,,,,,,,,,,,,,,,,1.523611111111111,0.16666666666666666
28,Greedy,0.004251039259971063,0.1487863740989872,0.8,0.8,0.8604651162790697,0.75,0.6771428571428572,0.3157142857142857,0.007142857142857143,0.6771428571428572,0.3157142857142857,0.007142857142857143,0.32285714285714284,1.0,1.0,,,,,,,,,,,,,,,,,,,,,,,,,,,,,0.02,5.4
28,EFT,-4.074103300459751e-06,-0.00014666771881655105,0.2,0.2,0.624031007751938,0.5581395348837209,0.8194444444444444,0.11527777777777778,0.06527777777777778,0.8194444444444444,0.11527777777777778,0.06527777777777778,0.0,0.0,0.0,,,,,,,,,,,,,,,,,,,,,,,,,,,,,0.2652777777777778,2.0
28,CP-EFT,-0.0006681687634119596,-0.024054075482830548,0.15,0.15,0.6124031007751938,0.6111111111111112,0.8375,0.10972222222222222,0.05277777777777778,0.8375,0.10972222222222222,0.05277777777777778,0.0,0.0,0.0,,,,,,,,,,,,,,,,,,,,,,,,,,,,,0.2986111111111111,3.0555555555555554
29,Local-Only,0.020769837781636002,0.186928540034724,1.0,1.0,1.0,0.0,1.0,0.0,0.0,1.0,0.0,0.0,0.0,0.0,0.0,,,,,,,,,,,,,,,,,,,,,,,,,,,,,0.08333333333333333,0.0
29,Greedy,0.007188085623762295,0.17251405497029507,0.95,0.95,0.9548872180451128,1.0,0.75625,0.24166666666666667,0.0020833333333333333,0.75625,0.24166666666666667,0.0020833333333333333,0.24375,1.0,1.0,,,,,,,,,,,,,,,,,,,,,,,,,,,,,0.0,1.2083333333333333
29,EFT,0.005384563487892788,0.12922952370942692,0.85,0.85,0.9398496240601504,0.9444444444444444,0.7791666666666667,0.14583333333333334,0.075,0.7791666666666667,0.14583333333333334,0.075,0.00018860609841180991,0.0008540653512987619,0.0,,,,,,,,,,,,,,,,,,,,,,,,,,,,,0.03333333333333333,0.5833333333333334
29,CP-EFT,0.0062516230239241105,0.13753570652633043,0.85,0.85,0.9473684210526315,0.9411764705882353,0.8113636363636364,0.06136363636363636,0.12727272727272726,0.8113636363636364,0.06136363636363636,0.12727272727272726,0.00021135874377897784,0.0011204559911174728,0.0,,,,,,,,,,,,,,,,,,,,,,,,,,,,,0.056818181818181816,0.045454545454545456
30,Local-Only,0.021097764157655335,0.189879877418898,1.0,1.0,1.0,0.0,1.0,0.0,0.0,1.0,0.0,0.0,0.0,0.0,0.0,,,,,,,,,,,,,,,,,,,,,,,,,,,,,0.03888888888888889,0.4444444444444444
30,Greedy,0.020862019215334832,0.1877581729380135,1.0,1.0,1.0,0.0,0.32222222222222224,0.6722222222222223,0.005555555555555556,0.32222222222222224,0.6722222222222223,0.005555555555555556,0.6777777777777778,1.0,1.0,,,,,,,,,,,,,,,,,,,,,,,,,,,,,0.0,4.777777777777778
30,EFT,0.0016018416983727202,0.038444200760945284,0.5,0.5,0.8333333333333334,0.8529411764705882,0.8,0.125,0.075,0.8,0.125,0.075,0.00014590951058372558,0.000729547552918628,0.0,,,,,,,,,,,,,,,,,,,,,,,,,,,,,0.07291666666666667,0.7083333333333334
30,CP-EFT,0.004266983881058897,0.10240761314541354,0.7,0.7,0.8840579710144928,0.896551724137931,0.8645833333333334,0.07083333333333333,0.06458333333333334,0.8645833333333334,0.07083333333333333,0.06458333333333334,0.0,0.0,0.0,,,,,,,,,,,,,,,,,,,,,,,,,,,,,0.07083333333333333,0.16666666666666666
31,Local-Only,0.009604708696727138,0.2305130087214513,0.9,0.9,0.9894736842105263,0.0,1.0,0.0,0.0,1.0,0.0,0.0,0.0,0.0,0.0,,,,,,,,,,,,,,,,,,,,,,,,,,,,,0.9625,0.08333333333333333
31,Greedy,0.006774871557652566,0.1761466604989667,0.9,0.9,0.968421052631579,0.0,0.6557692307692308,0.34423076923076923,0.0,0.6557692307692308,0.34423076923076923,0.0,0.34423076923076923,1.0,1.0,,,,,,,,,,,,,,,,,,,,,,,,,,,,,0.0038461538461538464,7.0
31,EFT,0.0023768960103535313,0.06655308828989888,0.55,0.55,0.8473684210526315,0.875,0.775,0.1357142857142857,0.08928571428571429,0.775,0.1357142857142857,0.08928571428571429,0.00023358887777062578,0.0010381727900916702,0.0,,,,,,,,,,,,,,,,,,,,,,,,,,,,,0.2910714285714286,2.392857142857143
31,CP-EFT,0.004039804872904419,0.1090747315684193,0.7,0.7,0.9105263157894737,0.9298245614035088,0.7648148148148148,0.12222222222222222,0.11296296296296296,0.7648148148148148,0.12222222222222222,0.11296296296296296,0.0,0.0,0.0,,,,,,,,,,,,,,,,,,,,,,,,,,,,,0.39814814814814814,2.111111111111111
32,Local-Only,0.02370189568821091,0.18961516550568727,1.0,1.0,1.0,0.0,1.0,0.0,0.0,1.0,0.0,0.0,0.0,0.0,0.0,,,,,,,,,,,,,,,,,,,,,,,,,,,,,0.0375,1.0
32,Greedy,0.00018676648680789534,0.004669162170197383,0.35,0.35,0.7734375,1.0,0.81,0.174,0.016,0.81,0.174,0.016,0.19,1.0,1.0,,,,,,,,,,,,,,,,,,,,,,,,,,,,,0.0,1.52
32,EFT,-7.638751082952957e-05,-0.001909687770738239,0.35,0.35,0.71875,0.7083333333333334,0.836,0.112,0.052,0.836,0.112,0.052,4.10146161728267e-05,0.0002500891230050409,0.0,,,,,,,,,,,,,,,,,,,,,,,,,,,,,0.004,1.2
32,CP-EFT,0.0004998879031879595,0.01099753387013511,0.4,0.4,0.75,0.6818181818181818,0.9227272727272727,0.02727272727272727,0.05,0.9227272727272727,0.02727272727272727,0.05,0.0,0.0,0.0,,,,,,,,,,,,,,,,,,,,,,,,,,,,,0.00909090909090909,0.36363636363636365
33,Local-Only,0.00855218365495133,0.22235677502873458,0.85,0.85,0.9704433497536946,0.0,1.0,0.0,0.0,1.0,0.0,0.0,0.0,0.0,0.0,,,,,,,,,,,,,,,,,,,,,,,,,,,,,1.0403846153846155,0.0
33,Greedy,0.006571313412433872,0.17085414872328067,0.85,0.85,0.9556650246305419,1.0,0.6326923076923077,0.36346153846153845,0.0038461538461538464,0.6326923076923077,0.36346153846153845,0.0038461538461538464,0.36730769230769234,1.0,1.0,,,,,,,,,,,,,,,,,,,,,,,,,,,,,0.0038461538461538464,9.0
33,EFT,0.00249346464694829,0.0723104747615004,0.6,0.6,0.8669950738916257,0.9019607843137255,0.7706896551724138,0.13448275862068965,0.09482758620689655,0.7706896551724138,0.13448275862068965,0.09482758620689655,0.00013120507748033867,0.0005721725183353114,0.0,,,,,,,,,,,,,,,,,,,,,,,,,,,,,0.3275862068965517,1.793103448275862
33,CP-EFT,0.0019254614992941727,0.05198746048094266,0.5,0.5,0.8768472906403941,0.8545454545454545,0.7666666666666667,0.12962962962962962,0.1037037037037037,0.7666666666666667,0.12962962962962962,0.1037037037037037,2.443320318072831e-05,0.00010471372791740704,0.0,,,,,,,,,,,,,,,,,,,,,,,,,,,,,0.37962962962962965,2.4814814814814814
34,Local-Only,0.007852075693995673,0.2041539680438875,0.9,0.9,0.9898477157360406,0.0,1.0,0.0,0.0,1.0,0.0,0.0,0.0,0.0,0.0,,,,,,,,,,,,,,,,,,,,,,,,,,,,,0.675,0.23076923076923078
34,Greedy,0.0006573297232743072,0.0184052322516806,0.3,0.3,0.6852791878172588,0.5,0.7267857142857143,0.25357142857142856,0.019642857142857142,0.7267857142857143,0.25357142857142856,0.019642857142857142,0.2732142857142857,1.0,1.0,,,,,,,,,,,,,,,,,,,,,,,,,,,,,0.033928571428571426,5.785714285714286
34,EFT,-0.0008602144935147265,-0.024086005818412342,0.25,0.25,0.6852791878172588,0.8235294117647058,0.7839285714285714,0.11785714285714285,0.09821428571428571,0.7839285714285714,0.11785714285714285,0.09821428571428571,9.542446368920408e-05,0.00044163388153681233,0.0,,,,,,,,,,,,,,,,,,,,,,,,,,,,,0.2714285714285714,1.7857142857142858
34,CP-EFT,-0.0012964703156114969,-0.036301168837121915,0.2,0.2,0.7055837563451777,0.7777777777777778,0.85,0.08214285714285714,0.06785714285714285,0.85,0.08214285714285714,0.06785714285714285,0.0,0.0,0.0,,,,,,,,,,,,,,,,,,,,,,,,,,,,,0.21071428571428572,1.5
35,Local-Only,0.006097205764531025,0.2255966132876479,0.75,0.75,0.9575289575289575,0.0,1.0,0.0,0.0,1.0,0.0,0.0,0.0,0.0,0.0,,,,,,,,,,,,,,,,,,,,,,,,,,,,,1.2486486486486486,0.13513513513513514
35,Greedy,0.0021651742887479988,0.08011144868367595,0.5,0.5,0.7915057915057915,0.9,0.7162162162162162,0.2702702702702703,0.013513513513513514,0.7162162162162162,0.2702702702702703,0.013513513513513514,0.28378378378378377,1.0,1.0,,,,,,,,,,,,,,,,,,,,,,,,,,,,,0.024324324324324326,7.513513513513513
35,EFT,0.0006089605340855565,0.02253153976116559,0.45,0.45,0.8108108108108109,0.9883720930232558,0.745945945945946,0.13243243243243244,0.12162162162162163,0.745945945945946,0.13243243243243244,0.12162162162162163,0.00015980654035847378,0.0006290257439642053,0.0,,,,,,,,,,,,,,,,,,,,,,,,,,,,,0.4689189189189189,2.7027027027027026
35,CP-EFT,-0.0007609274445150334,-0.02891524289157127,0.2,0.2,0.7992277992277992,0.9310344827586207,0.7894736842105263,0.12894736842105264,0.08157894736842106,0.7894736842105263,0.12894736842105264,0.08157894736842106,0.0003011914767451408,0.0014306595145394188,0.0,,,,,,,,,,,,,,,,,,,,,,,,,,,,,0.28421052631578947,2.026315789473684
36,Local-Only,0.019147914227380283,0.19147914227380283,1.0,1.0,1.0,0.0,1.0,0.0,0.0,1.0,0.0,0.0,0.0,0.0,0.0,,,,,,,,,,,,,,,,,,,,,,,,,,,,,0.095,0.0
36,Greedy,0.020788693824911424,0.1870982444242028,1.0,1.0,1.0,1.0,0.38333333333333336,0.6111111111111112,0.005555555555555556,0.38333333333333336,0.6111111111111112,0.005555555555555556,0.6166666666666667,1.0,1.0,,,,,,,,,,,,,,,,,,,,,,,,,,,,,0.0,3.888888888888889
36,EFT,0.007350376112875731,0.16170827448326608,0.95,0.95,0.992,1.0,0.7727272727272727,0.1590909090909091,0.06818181818181818,0.7727272727272727,0.1590909090909091,0.06818181818181818,0.0001355228812552775,0.000596300677523221,0.0,,,,,,,,,,,,,,,,,,,,,,,,,,,,,0.06818181818181818,0.5909090909090909
36,CP-EFT,0.007036332113166666,0.15479930648966667,0.9,0.9,0.952,0.9487179487179487,0.8136363636363636,0.09545454545454546,0.09090909090909091,0.8136363636363636,0.09545454545454546,0.09090909090909091,0.0,0.0,0.0,,,,,,,,,,,,,,,,,,,,,,,,,,,,,0.06363636363636363,0.045454545454545456
37,Local-Only,0.0077430742827384585,0.21680607991667683,0.85,0.85,0.9794871794871794,0.0,1.0,0.0,0.0,1.0,0.0,0.0,0.0,0.0,0.0,,,,,,,,,,,,,,,,,,,,,,,,,,,,,0.9107142857142857,0.0
37,Greedy,0.009698167818908553,0.2036615241970796,1.0,1.0,1.0,1.0,0.5452380952380952,0.4523809523809524,0.002380952380952381,0.5452380952380952,0.4523809523809524,0.002380952380952381,0.45476190476190476,1.0,1.0,,,,,,,,,,,,,,,,,,,,,,,,,,,,,0.004761904761904762,11.380952380952381
37,EFT,0.004237199850641444,0.11864159581796044,0.9,0.9,0.9743589743589743,0.9882352941176471,0.7035714285714286,0.1375,0.15892857142857142,0.7035714285714286,0.1375,0.15892857142857142,3.336354461845598e-05,0.00011255171678515269,0.0,,,,,,,,,,,,,,,,,,,,,,,,,,,,,0.475,2.392857142857143
37,CP-EFT,0.0012684246547704113,0.0342474656788011,0.5,0.5,0.8615384615384616,0.88,0.7277777777777777,0.12037037037037036,0.15185185185185185,0.7277777777777777,0.12037037037037036,0.15185185185185185,3.5602876097599756e-05,0.00013078607546057052,0.0,,,,,,,,,,,,,,,,,,,,,,,,,,,,,0.44074074074074077,1.5925925925925926
38,Local-Only,0.007953599360755759,0.20679358337964973,0.75,0.75,0.964824120603015,0.0,1.0,0.0,0.0,1.0,0.0,0.0,0.0,0.0,0.0,,,,,,,,,,,,,,,,,,,,,,,,,,,,,1.0384615384615385,0.0
38,Greedy,0.009858241121895133,0.2070230635597978,1.0,1.0,1.0,1.0,0.5452380952380952,0.44047619047619047,0.014285714285714285,0.5452380952380952,0.44047619047619047,0.014285714285714285,0.45476190476190476,1.0,1.0,,,,,,,,,,,,,,,,,,,,,,,,,,,,,0.05952380952380952,10.0
38,EFT,0.00404468592664023,0.10516183409264598,0.75,0.75,0.9547738693467337,0.9375,0.6730769230769231,0.16538461538461538,0.16153846153846155,0.6730769230769231,0.16538461538461538,0.16153846153846155,5.8069157139473264e-05,0.00017762330419133,0.0,,,,,,,,,,,,,,,,,,,,,,,,,,,,,0.6153846153846154,2.5384615384615383
38,CP-EFT,0.002478247196320738,0.06939092149698067,0.55,0.55,0.8693467336683417,0.9014084507042254,0.7517857142857143,0.11607142857142858,0.13214285714285715,0.7517857142857143,0.11607142857142858,0.13214285714285715,0.0,0.0,0.0,,,,,,,,,,,,,,,,,,,,,,,,,,,,,0.5214285714285715,1.8928571428571428
39,Local-Only,0.007455083782683297,0.20874234591513233,0.75,0.75,0.9558823529411765,0.0,1.0,0.0,0.0,1.0,0.0,0.0,0.0,0.0,0.0,,,,,,,,,,,,,,,,,,,,,,,,,,,,,0.9982142857142857,0.0
39,Greedy,0.010567713768058791,0.21135427536117582,1.0,1.0,1.0,1.0,0.5,0.485,0.015,0.5,0.485,0.015,0.5,1.0,1.0,,,,,,,,,,,,,,,,,,,,,,,,,,,,,0.01,10.8
39,EFT,0.0030239993030175025,0.08769597978750757,0.75,0.75,0.9117647058823529,0.9705882352941176,0.7310344827586207,0.14655172413793102,0.12241379310344827,0.7310344827586207,0.14655172413793102,0.12241379310344827,0.0004040667865881587,0.001502299591161103,0.0,,,,,,,,,,,,,,,,,,,,,,,,,,,,,0.5275862068965518,1.896551724137931
39,CP-EFT,0.0035461770875753282,0.10283913553968452,0.8,0.8,0.9607843137254902,0.9868421052631579,0.7379310344827587,0.12586206896551724,0.13620689655172413,0.7379310344827587,0.12586206896551724,0.13620689655172413,0.0005582045517526499,0.002129991052740375,0.0,,,,,,,,,,,,,,,,,,,,,,,,,,,,,0.4672413793103448,1.9655172413793103
40,Local-Only,0.007919713956717084,0.19799284891792712,0.85,0.85,0.9847715736040609,0.0,1.0,0.0,0.0,1.0,0.0,0.0,0.0,0.0,0.0,,,,,,,,,,,,,,,,,,,,,,,,,,,,,0.736,0.08
40,Greedy,0.01095225357183643,0.20809281786489217,1.0,1.0,1.0,1.0,0.5078947368421053,0.4842105263157895,0.007894736842105263,0.5078947368421053,0.4842105263157895,0.007894736842105263,0.4921052631578947,1.0,1.0,,,,,,,,,,,,,,,,,,,,,,,,,,,,,0.018421052631578946,11.526315789473685
40,EFT,-0.0008514558899700339,-0.022989309029190913,0.25,0.25,0.7309644670050761,0.8225806451612904,0.7666666666666667,0.11481481481481481,0.11851851851851852,0.7666666666666667,0.11481481481481481,0.11851851851851852,0.0,0.0,0.0,,,,,,,,,,,,,,,,,,,,,,,,,,,,,0.2037037037037037,2.8518518518518516
40,CP-EFT,0.0015349577883734553,0.041443860286083295,0.5,0.5,0.7868020304568528,0.8387096774193549,0.7685185185185185,0.10555555555555556,0.1259259259259259,0.7685185185185185,0.10555555555555556,0.1259259259259259,0.0,0.0,0.0,,,,,,,,,,,,,,,,,,,,,,,,,,,,,0.2759259259259259,1.5555555555555556
41,Local-Only,0.008256074639093978,0.23117008989463136,0.9,0.9,0.9899497487437185,0.0,1.0,0.0,0.0,1.0,0.0,0.0,0.0,0.0,0.0,,,,,,,,,,,,,,,,,,,,,,,,,,,,,0.8767857142857143,0.0
41,Greedy,0.012833200281160735,0.21816440477973248,1.0,1.0,1.0,0.0,0.42058823529411765,0.5794117647058824,0.0,0.42058823529411765,0.5794117647058824,0.0,0.5794117647058824,1.0,1.0,,,,,,,,,,,,,,,,,,,,,,,,,,,,,0.0029411764705882353,13.588235294117647
41,EFT,0.0029188277413271222,0.08464600449848654,0.65,0.65,0.9246231155778895,0.9538461538461539,0.743103448275862,0.1413793103448276,0.11551724137931034,0.743103448275862,0.1413793103448276,0.11551724137931034,2.3946122088589358e-05,9.321309269383777e-05,0.0,,,,,,,,,,,,,,,,,,,,,,,,,,,,,0.4413793103448276,1.793103448275862
41,CP-EFT,0.003392596790147271,0.09499271012412358,0.7,0.7,0.9045226130653267,0.9629629629629629,0.7553571428571428,0.13392857142857142,0.11071428571428571,0.7553571428571428,0.13392857142857142,0.11071428571428571,2.7093973678069557e-05,0.00011074908948699964,0.0,,,,,,,,,,,,,,,,,,,,,,,,,,,,,0.39285714285714285,1.6428571428571428
42,Local-Only,0.023933393890430144,0.19146715112344115,1.0,1.0,1.0,0.0,1.0,0.0,0.0,1.0,0.0,0.0,0.0,0.0,0.0,,,,,,,,,,,,,,,,,,,,,,,,,,,,,0.13125,0.0
42,Greedy,0.020788802012357985,0.18709921811122188,1.0,1.0,1.0,0.0,0.35,0.65,0.0,0.35,0.65,0.0,0.65,1.0,1.0,,,,,,,,,,,,,,,,,,,,,,,,,,,,,0.005555555555555556,3.0
42,EFT,0.005593097370726442,0.12304814215598173,0.8,0.8,0.9318181818181818,0.9230769230769231,0.7704545454545455,0.16590909090909092,0.06363636363636363,0.7704545454545455,0.16590909090909092,0.06363636363636363,0.0004525409777750925,0.001971465645752878,0.0,,,,,,,,,,,,,,,,,,,,,,,,,,,,,0.045454545454545456,0.5909090909090909
42,CP-EFT,0.006874606891423148,0.15124135161130925,0.9,0.9,0.9393939393939394,0.9032258064516129,0.8568181818181818,0.07045454545454545,0.07272727272727272,0.8568181818181818,0.07045454545454545,0.07272727272727272,0.0008112805105816355,0.0056660861056495185,0.0745070479190465,,,,,,,,,,,,,,,,,,,,,,,,,,,,,0.038636363636363635,0.0
43,Local-Only,0.0079322727039281,0.2062390903021306,0.8,0.8,0.9792746113989638,0.0,1.0,0.0,0.0,1.0,0.0,0.0,0.0,0.0,0.0,,,,,,,,,,,,,,,,,,,,,,,,,,,,,1.051923076923077,0.2692307692307692
43,Greedy,0.0034547101083493782,0.10018659314213196,0.65,0.65,0.8704663212435233,1.0,0.7120689655172414,0.2810344827586207,0.006896551724137931,0.7120689655172414,0.2810344827586207,0.006896551724137931,0.28793103448275864,1.0,1.0,,,,,,,,,,,,,,,,,,,,,,,,,,,,,0.02586206896551724,6.310344827586207
43,EFT,0.001020861543308268,0.02960498475593977,0.45,0.45,0.844559585492228,0.9508196721311475,0.7482758620689656,0.13620689655172413,0.11551724137931034,0.7482758620689656,0.13620689655172413,0.11551724137931034,0.00016033615410232692,0.0006369518450640385,0.0,,,,,,,,,,,,,,,,,,,,,,,,,,,,,0.49310344827586206,2.5172413793103448
43,CP-EFT,0.0023878245223173,0.06924691114720169,0.6,0.6,0.8911917098445595,0.9672131147540983,0.7620689655172413,0.12241379310344827,0.11551724137931034,0.7620689655172413,0.12241379310344827,0.11551724137931034,3.5475439459151356e-05,0.00014909967308918685,0.0,,,,,,,,,,,,,,,,,,,,,,,,,,,,,0.47586206896551725,1.9655172413793103
44,Local-Only,0.021258260914821785,0.19132434823339606,1.0,1.0,1.0,0.0,1.0,0.0,0.0,1.0,0.0,0.0,0.0,0.0,0.0,,,,,,,,,,,,,,,,,,,,,,,,,,,,,0.08333333333333333,0.7777777777777778
44,Greedy,0.01890548476427269,0.1890548476427269,1.0,1.0,1.0,1.0,0.425,0.565,0.01,0.425,0.565,0.01,0.575,1.0,1.0,,,,,,,,,,,,,,,,,,,,,,,,,,,,,0.005,5.2
44,EFT,0.00668058010797421,0.1469727623754326,0.9,0.9,0.9699248120300752,1.0,0.759090909090909,0.14545454545454545,0.09545454545454546,0.759090909090909,0.14545454545454545,0.09545454545454546,0.0,0.0,0.0,,,,,,,,,,,,,,,,,,,,,,,,,,,,,0.08636363636363636,0.9545454545454546
44,CP-EFT,0.007060097280072646,0.1553221401615982,0.9,0.9,0.9699248120300752,0.9310344827586207,0.8636363636363636,0.06818181818181818,0.06818181818181818,0.8636363636363636,0.06818181818181818,0.06818181818181818,0.0,0.0,0.0,,,,,,,,,,,,,,,,,,,,,,,,,,,,,0.03636363636363636,0.36363636363636365
45,Local-Only,0.007647808068807136,0.19884300978898553,0.85,0.85,0.9846938775510204,0.0,1.0,0.0,0.0,1.0,0.0,0.0,0.0,0.0,0.0,,,,,,,,,,,,,,,,,,,,,,,,,,,,,0.7961538461538461,0.3076923076923077
45,Greedy,0.0022612638485103153,0.06557665160679914,0.5,0.5,0.7959183673469388,1.0,0.7241379310344828,0.25517241379310346,0.020689655172413793,0.7241379310344828,0.25517241379310346,0.020689655172413793,0.27586206896551724,1.0,1.0,,,,,,,,,,,,,,,,,,,,,,,,,,,,,0.06724137931034482,6.310344827586207
45,EFT,-0.0008847069266461585,-0.0256565008727386,0.25,0.25,0.7755102040816326,0.9,0.7706896551724138,0.13793103448275862,0.09137931034482759,0.7706896551724138,0.13793103448275862,0.09137931034482759,0.0,0.0,0.0,,,,,,,,,,,,,,,,,,,,,,,,,,,,,0.2482758620689655,2.896551724137931
45,CP-EFT,-0.00046703356708301726,-0.0135439734454075,0.25,0.25,0.7142857142857143,0.8085106382978723,0.8172413793103448,0.1,0.08275862068965517,0.8172413793103448,0.1,0.08275862068965517,0.0,0.0,0.0,,,,,,,,,,,,,,,,,,,,,,,,,,,,,0.2620689655172414,1.4137931034482758
46,Local-Only,0.008381481032338422,0.21791850684079897,0.9,0.9,0.984375,0.0,1.0,0.0,0.0,1.0,0.0,0.0,0.0,0.0,0.0,,,,,,,,,,,,,,,,,,,,,,,,,,,,,0.8365384615384616,0.0
46,Greedy,0.010387672453354799,0.20775344906709597,1.0,1.0,1.0,0.0,0.5325,0.4675,0.0,0.5325,0.4675,0.0,0.4675,1.0,1.0,,,,,,,,,,,,,,,,,,,,,,,,,,,,,0.005,10.05
46,EFT,0.002759654637410402,0.08002998448490166,0.65,0.65,0.8854166666666666,0.9242424242424242,0.756896551724138,0.1206896551724138,0.12241379310344827,0.756896551724138,0.1206896551724138,0.12241379310344827,8.822305165318089e-05,0.00036290333304145333,0.0,,,,,,,,,,,,,,,,,,,,,,,,,,,,,0.38275862068965516,1.5517241379310345
46,CP-EFT,0.0026730080840254547,0.07751723443673819,0.6,0.6,0.8020833333333334,0.8545454545454545,0.7965517241379311,0.10172413793103448,0.10172413793103448,0.7965517241379311,0.10172413793103448,0.10172413793103448,2.018335943064877e-05,9.920634296420582e-05,0.0,,,,,,,,,,,,,,,,,,,,,,,,,,,,,0.27586206896551724,1.7241379310344827
47,Local-Only,0.009002547251980188,0.2340662285514849,0.9,0.9,0.9950248756218906,0.0,1.0,0.0,0.0,1.0,0.0,0.0,0.0,0.0,0.0,,,,,,,,,,,,,,,,,,,,,,,,,,,,,0.9769230769230769,0.11538461538461539
47,Greedy,0.008228297968949859,0.19747915125479662,0.95,0.95,0.9601990049751243,1.0,0.6020833333333333,0.39375,0.004166666666666667,0.6020833333333333,0.39375,0.004166666666666667,0.39791666666666664,1.0,1.0,,,,,,,,,,,,,,,,,,,,,,,,,,,,,0.00625,9.041666666666666
47,EFT,0.002597591399261318,0.0727325591793169,0.6,0.6,0.8805970149253731,0.9142857142857143,0.75,0.11964285714285715,0.13035714285714287,0.75,0.11964285714285715,0.13035714285714287,0.00014582362807843724,0.000583294512313749,0.0,,,,,,,,,,,,,,,,,,,,,,,,,,,,,0.4875,2.2857142857142856
47,CP-EFT,0.003224381821626523,0.0838339273622896,0.65,0.65,0.9054726368159204,0.9726027397260274,0.6923076923076923,0.13846153846153847,0.16923076923076924,0.6923076923076923,0.13846153846153847,0.16923076923076924,0.00015704083023831703,0.0005103826982745303,0.0,,,,,,,,,,,,,,,,,,,,,,,,,,,,,0.5980769230769231,1.7692307692307692
48,Local-Only,0.021306550346918966,0.1917589531222707,1.0,1.0,1.0,0.0,1.0,0.0,0.0,1.0,0.0,0.0,0.0,0.0,0.0,,,,,,,,,,,,,,,,,,,,,,,,,,,,,0.08888888888888889,0.7777777777777778
48,Greedy,0.00825392797140551,0.1733324873995157,0.95,0.95,0.9850746268656716,0.0,0.7309523809523809,0.26904761904761904,0.0,0.7309523809523809,0.26904761904761904,0.0,0.26904761904761904,1.0,1.0,,,,,,,,,,,,,,,,,,,,,,,,,,,,,0.004761904761904762,2.142857142857143
48,EFT,0.005764584660788946,0.13258544719814574,0.85,0.85,0.9402985074626866,1.0,0.7717391304347826,0.13260869565217392,0.09565217391304348,0.7717391304347826,0.13260869565217392,0.09565217391304348,6.96622086962749e-06,3.051868190503472e-05,0.0,,,,,,,,,,,,,,,,,,,,,,,,,,,,,0.11521739130434783,0.8695652173913043
48,CP-EFT,0.005078900185084067,0.11681470425693354,0.75,0.75,0.9029850746268657,0.9,0.8434782608695652,0.09130434782608696,0.06521739130434782,0.8434782608695652,0.09130434782608696,0.06521739130434782,1.1669724711339021e-05,7.455657454466596e-05,0.0,,,,,,,,,,,,,,,,,,,,,,,,,,,,,0.058695652173913045,0.30434782608695654
49,Local-Only,0.02396024599758445,0.1916819679806756,1.0,1.0,1.0,0.0,1.0,0.0,0.0,1.0,0.0,0.0,0.0,0.0,0.0,,,,,,,,,,,,,,,,,,,,,,,,,,,,,0.04375,0.125
49,Greedy,0.02064583097513118,0.18581247877618062,1.0,1.0,1.0,1.0,0.37222222222222223,0.6111111111111112,0.016666666666666666,0.37222222222222223,0.6111111111111112,0.016666666666666666,0.6277777777777778,1.0,1.0,,,,,,,,,,,,,,,,,,,,,,,,,,,,,0.011111111111111112,3.3333333333333335
49,EFT,0.006295112049806326,0.13849246509573918,0.85,0.85,0.9538461538461539,1.0,0.7568181818181818,0.15454545454545454,0.08863636363636364,0.7568181818181818,0.15454545454545454,0.08863636363636364,0.00016980649917962742,0.0006982697162526736,0.0,,,,,,,,,,,,,,,,,,,,,,,,,,,,,0.05227272727272727,1.0
49,CP-EFT,0.007706061094805885,0.1464151608013118,0.9,0.9,0.9769230769230769,1.0,0.7763157894736842,0.07631578947368421,0.14736842105263157,0.7763157894736842,0.07631578947368421,0.14736842105263157,0.00012175831026349577,0.0005443312694132752,0.0,,,,,,,,,,,,,,,,,,,,,,,,,,,,,0.12894736842105264,0.05263157894736842
50,Local-Only,0.0061347660279030495,0.22085157700450977,0.65,0.65,0.956,0.0,1.0,0.0,0.0,1.0,0.0,0.0,0.0,0.0,0.0,,,,,,,,,,,,,,,,,,,,,,,,,,,,,1.4069444444444446,0.2222222222222222
50,Greedy,0.002467117831815776,0.09128335977718371,0.6,0.6,0.768,1.0,0.7337837837837838,0.25675675675675674,0.00945945945945946,0.7337837837837838,0.25675675675675674,0.00945945945945946,0.2662162162162162,1.0,1.0,,,,,,,,,,,,,,,,,,,,,,,,,,,,,0.03648648648648649,5.45945945945946
50,EFT,-0.0010800271245716934,-0.041041030733724344,0.15,0.15,0.732,0.9710144927536232,0.7618421052631579,0.13815789473684212,0.1,0.7618421052631579,0.13815789473684212,0.1,0.0,0.0,0.0,,,,,,,,,,,,,,,,,,,,,,,,,,,,,0.45657894736842103,3.026315789473684
50,CP-EFT,-0.0006290532776745194,-0.023904024551631736,0.2,0.2,0.68,0.851063829787234,0.8236842105263158,0.11052631578947368,0.06578947368421052,0.8236842105263158,0.11052631578947368,0.06578947368421052,0.0,0.0,0.0,,,,,,,,,,,,,,,,,,,,,,,,,,,,,0.35657894736842105,1.8421052631578947
