episode,policy,total_reward,avg_step_reward,loss,veh_success_rate,vehicle_success_rate,task_success_rate,subtask_success_rate,v2v_subtask_success_rate,decision_frac_local,decision_frac_rsu,decision_frac_v2v,avg_power,avg_queue_len,avg_veh_queue,avg_rsu_queue,ma_fairness,ma_reward_gap,ma_collaboration,v2v_gain_mean,v2v_gain_pos_rate,v2v_gain_pos_mean,max_agent_reward,min_agent_reward,avg_assigned_cpu_ghz,episode_vehicle_count,episode_task_count,duration
1,,-1.1395610365690778,-0.0006978051828453893,0.5994268655776978,0.0,0.0,0.0,0.6331360946745562,0.8048780487804879,0.31,0.32,0.37,0.5002717284145765,0.413,0.413,0.505,0.603360095169291,0.43693387211483675,37.83783783783784,-0.015456689909751686,0.3783783783783784,0.5885335659002366,0.0686579338697656,-0.36827593824507115,5.578803721653537,10,10,10.130431413650513
1,Random,-0.06977303351452627,-0.00034886516757263135,0.0,0.0,0.0,0.0,0.45714285714285713,0.7962962962962963,0.156,0.2995,0.5445,0.6676236410768746,0.25,0.25,0.2,1.0,0.0,47.22222222222222,-0.017802599193986697,0.4722222222222222,0.5069351083655395,-0.06977303351452627,-0.06977303351452627,0.0,10,10,0.0
1,Local-Only,0.6404703535698778,0.003202351767849389,0.0,0.5,0.5,0.5,0.8920454545454546,0.0,1.0,0.0,0.0,1.0,0.3475,0.3475,0.0,1.0,0.0,0.0,0.0,0.0,0.0,0.6404703535698778,0.6404703535698778,0.0,10,10,0.0
1,Greedy,2.3222116023230397,0.011611058011615199,0.0,1.0,1.0,1.0,1.0,0.0,0.9165,0.0835,0.0,1.0,0.008,0.008,1.78,1.0,0.0,0.0,0.0,0.0,0.0,2.3222116023230397,2.3222116023230397,0.0,10,10,0.0
1,Oracle-Min,1.639526158703967,0.008197630793519834,0.0,0.9,0.9,0.9,0.9757575757575757,0.9714285714285714,0.9155,0.0595,0.025,0.0845,0.0885,0.0885,1.35,1.0,0.0,100.0,0.18337281373638148,1.0,0.18337281373638148,1.639526158703967,1.639526158703967,0.0,10,10,0.0
1,EFT,1.9151589615587548,0.009575794807793773,0.0,0.9,0.9,0.9,0.9751552795031055,1.0,0.9195,0.059,0.0215,0.0007776378675132641,0.083,0.083,1.2,1.0,0.0,100.0,0.1600202620837354,1.0,0.1600202620837354,1.9151589615587548,1.9151589615587548,0.0,10,10,0.0
1,CP-EFT,2.2167322603914887,0.011083661301957443,0.0,0.9,0.9,0.9,1.0,1.0,0.9365,0.047,0.0165,7.689345505711142e-05,0.095,0.095,0.95,1.0,0.0,100.0,0.18642981171650974,1.0,0.18642981171650974,2.2167322603914887,2.2167322603914887,0.0,10,10,0.0
1,LB-Greedy,2.0398032661870587,0.010199016330935293,0.0,0.9,0.9,0.9,0.9822485207100592,1.0,0.9125,0.068,0.0195,0.0006317121430048807,0.0735,0.0735,1.37,1.0,0.0,100.0,0.12369806077196084,1.0,0.12369806077196084,2.0398032661870587,2.0398032661870587,0.0,10,10,0.0
1,Static,2.1807115086472137,0.010903557543236068,0.0,1.0,1.0,1.0,1.0,0.0,0.357,0.643,0.0,1.0,0.0165,0.0165,1.74,1.0,0.0,0.0,0.0,0.0,0.0,2.1807115086472137,2.1807115086472137,0.0,10,10,0.0
2,,-0.45362480128121396,0.00273187599359393,0.6115994540353616,0.1,0.1,0.1,0.42702702702702705,0.88,0.38164251207729466,0.33816425120772947,0.28019323671497587,0.49756435126438736,0.4005,0.4005,0.525,0.300278066487637,2.6856876154566587,44.827586206896555,-0.1328518936433868,0.4482758620689655,0.7316395304651144,2.6400317736157914,-0.045655841840867316,5.59420178071487,10,10,9.424799919128418
3,,-0.7699913995774166,0.0011500430021129172,0.8052634818213327,0.1,0.1,0.1,0.5602094240837696,0.9523809523809523,0.39928057553956836,0.3776978417266187,0.22302158273381295,0.5048659784281626,0.4615,0.4615,0.675,0.10195824598907394,2.0785453360367216,58.06451612903226,0.0304110965849453,0.5806451612903226,0.39422829697142153,1.8380664792916828,-0.24047885674503894,5.8796335099592305,10,10,9.122496128082275
4,,-1.1555465253621573,-0.0007777326268107862,1.0248257040977478,0.0,0.0,0.0,0.3356164383561644,0.5,0.48299319727891155,0.30612244897959184,0.2108843537414966,0.4973288319979329,0.3125,0.3125,0.29,0.6226253619752523,0.3935743997351255,32.25806451612903,-0.26894066920202847,0.3225806451612903,0.4130452222780095,0.06434144860173831,-0.3292329511333872,5.6046478077360975,10,10,10.038097381591797
5,,-0.6263304361652904,0.0018683478191735485,1.0991295129060745,0.1,0.1,0.1,0.5257142857142857,0.7619047619047619,0.4658385093167702,0.2795031055900621,0.2546583850931677,0.4897554723257199,0.372,0.372,0.29,0.21316174916213348,1.9378137623490173,41.46341463414634,-0.1428446243842126,0.4146341463414634,0.4187321629903174,1.8779331317380827,-0.05988063061093461,5.506707696244,10,10,10.106297254562378
6,,-0.8347692550507427,0.0008261537247462862,0.7454344348775016,0.1,0.1,0.1,0.4576271186440678,0.6086956521739131,0.35135135135135137,0.3783783783783784,0.2702702702702703,0.4933819027065765,0.3375,0.3375,0.46,0.055054015368190296,2.4146018479343097,57.49999999999999,0.048143071280915856,0.575,0.7975128957495623,2.186262004211506,-0.22833984372280378,5.577679143584319,10,10,10.571794271469116
7,,-0.4826681174118199,0.0025866594129409005,0.6887488263574514,0.6,0.6,0.6,0.8209876543209876,0.9722222222222222,0.2711864406779661,0.4152542372881356,0.3135593220338983,0.4824332574205473,0.3965,0.3965,0.72,0.35679056201623743,2.2886630111091577,51.35135135135135,0.07850840595349469,0.5135135135135135,0.6115633905853115,2.2887739597190553,0.00011094860989778527,5.997611441864406,10,10,8.930156469345093
8,,-1.258217883155088,-0.0012910894157754408,0.3508013244718313,0.0,0.0,0.0,0.49693251533742333,0.8205128205128205,0.3046875,0.265625,0.4296875,0.4958703889953904,0.322,0.322,0.23,0.6207504374935683,0.7139466365378422,52.72727272727272,-0.03545313757100254,0.5272727272727272,0.4103437003279381,-0.03002271173010659,-0.7439693482679488,5.8695561898796145,10,10,10.089622259140015
9,,-0.597483742782615,0.0020125812860869252,0.5328476348093578,0.4,0.4,0.4,0.6666666666666666,0.9333333333333333,0.15625,0.4322916666666667,0.4114583333333333,0.48755696579487995,0.3525,0.3525,0.675,0.1857133490123185,2.913626307505342,43.037974683544306,-0.11079550654158629,0.43037974683544306,0.4927658746575946,2.5994652354449705,-0.3141610720603712,5.3235667756782705,10,10,9.050344228744507
10,,-1.0506549251101807,-0.0002532746255509037,0.39725913052205686,0.0,0.0,0.0,0.5967741935483871,0.9459459459459459,0.28634361233480177,0.34801762114537443,0.3656387665198238,0.4857577936826274,0.458,0.458,0.645,0.27733994075811735,0.2825349945211522,56.62650602409639,-7.288985961632223,0.5662650602409639,0.6393068199864966,0.1192908653443153,-0.16324412917683692,5.441114485918138,10,10,10.632457971572876
11,,-1.1142457738488114,-0.0005712288692440567,0.3959816900583414,0.0,0.0,0.0,0.5666666666666667,0.775,0.23076923076923078,0.36153846153846153,0.4076923076923077,0.4761312394938432,0.293,0.293,0.245,0.5382581464413658,0.34851713669383355,41.509433962264154,-2.4431768342487916,0.41509433962264153,0.49052716210487085,0.07375032414720237,-0.27476681254663116,5.487075616389801,10,10,10.404388666152954
12,,-0.6888467602750096,0.001555766198624952,0.37343021389096975,0.4,0.4,0.4,0.7861271676300579,0.9090909090909091,0.1956521739130435,0.5347826086956522,0.26956521739130435,0.478078543251846,0.3535,0.3535,0.93,0.23221711141439777,1.877627512409406,43.54838709677419,-0.026329030516908603,0.43548387096774194,0.6993644847708519,1.6235231965161943,-0.25410431589321175,5.364358966818995,10,10,9.032512903213501
13,,-0.36482485540231724,0.003175875722988414,0.527849605306983,0.3,0.3,0.3,0.7650602409638554,0.8695652173913043,0.1875,0.6145833333333334,0.19791666666666666,0.4815078974494245,0.249,0.249,0.98,0.17403087463511172,4.645757033162609,65.78947368421053,0.2865838365418489,0.6578947368421053,0.6347882366781312,4.411023141711562,-0.23473389145104712,5.0421684799958655,10,10,9.101130962371826
14,,-0.44785641548434374,0.0027607179225782813,0.3603136628866196,0.4,0.4,0.4,0.865,0.9142857142857143,0.20532319391634982,0.6197718631178707,0.17490494296577946,0.47890547626405894,0.355,0.355,1.3,0.3363487123602047,2.1655050729255936,52.17391304347826,-0.1059863335131696,0.5217391304347826,0.41798373088840246,1.8389311549567726,-0.32657391796882096,4.923374624490096,10,10,9.205519199371338
15,,1.1539705382350323,0.010769852691175162,0.582056852904233,0.7,0.7,0.7,0.9364161849710982,1.0,0.09765625,0.7890625,0.11328125,0.484578518838156,0.1595,0.1595,1.84,0.48259620280127874,6.903303580783229,44.827586206896555,-1.0237854207676051,0.4482758620689655,0.29377895590740455,6.723398523759603,-0.17990505702362586,6.370900397509534,10,10,8.379537582397461
16,,1.4566898384871996,0.012283449192435998,0.6258489467641887,0.7,0.7,0.7,0.8835616438356164,0.9285714285714286,0.11627906976744186,0.7868217054263565,0.09689922480620156,0.4905699233256746,0.1405,0.1405,1.72,0.5671739505118535,6.453990241944118,40.0,-0.07968564591959297,0.4,0.29308731253961173,6.334071429144836,-0.11991881279928263,5.416795919004933,10,10,8.06455135345459
17,,1.2024991791623947,0.011012495895811974,0.32854204895821487,0.8,0.8,0.8,0.9631901840490797,1.0,0.06278026905829596,0.8430493273542601,0.09417040358744394,0.5060501728132367,0.087,0.087,1.64,0.7500793325120396,4.795279278369051,33.33333333333333,0.05145311494075481,0.3333333333333333,0.7221935927314467,4.7164434140188245,-0.07883586435022713,6.5983580716377475,10,10,7.852808952331543
18,,2.329934784302087,0.011649673921510435,0.21652178636619024,1.0,1.0,1.0,1.0,1.0,0.08984375,0.8515625,0.05859375,0.5197756051188335,0.0605,0.0605,1.695,0.7150707910883979,4.860509143828678,40.0,-0.043813252246049865,0.4,0.1053421731323171,4.952872322804387,0.09236317897570878,7.233758657021046,10,10,7.839064359664917
19,,1.291837596367201,0.011459187981836006,0.7408686324954032,0.7,0.7,0.7,0.9731182795698925,1.0,0.07741935483870968,0.8580645161290322,0.06451612903225806,0.5117072465014644,0.08,0.08,2.71,0.5451361635705724,6.280123286837312,65.0,0.09270985802533546,0.65,0.23293100926004803,6.1682009570595575,-0.11192232977775453,7.182289920150094,10,10,8.062033414840698
20,,1.7730239025764916,0.013865119512882457,0.48760634660720825,0.8,0.8,0.8,0.8881987577639752,1.0,0.10507246376811594,0.8369565217391305,0.057971014492753624,0.5047320344243199,0.1045,0.1045,1.915,0.8266634332628453,4.12803719072982,50.0,0.10164270937630529,0.5,0.4655097020013998,5.279334528824058,1.1512973380942373,5.335137641747699,10,10,7.722601652145386
21,,3.1105140944532286,0.020552570472266142,0.2100190643383109,0.8,0.8,0.8,0.8875739644970414,1.0,0.058011049723756904,0.8950276243093923,0.04696132596685083,0.5211728574498556,0.09,0.09,2.66,0.6777081153802769,7.963886525177009,47.05882352941176,-0.15721243485155853,0.47058823529411764,0.1252966376535434,8.06756371039346,0.10367718521645033,5.880314334483802,10,10,8.73835277557373
22,,0.5345750479603566,0.007672875239801783,0.2934054841597875,0.7,0.7,0.7,0.7771428571428571,1.0,0.08173076923076923,0.8894230769230769,0.028846153846153848,0.5133795961483847,0.088,0.088,1.765,0.718628669525608,3.413545988400054,16.666666666666664,-0.4698948683593768,0.16666666666666666,0.042476362875619844,3.3766601450748386,-0.03688584332521529,5.134045629675704,10,10,7.694257974624634
23,,0.5430075691556893,0.0077150378457784465,0.3707139380276203,0.7,0.7,0.7,0.8466257668711656,1.0,0.08658008658008658,0.8398268398268398,0.0735930735930736,0.519946652800776,0.092,0.092,1.98,0.2685368150075468,8.749228207072633,35.294117647058826,0.04486945801110501,0.35294117647058826,0.680464011242525,8.488340861318372,-0.26088734575426037,6.288287603920721,10,10,8.28990912437439
24,,1.0351339584237622,0.010175669792118812,0.2682556467396872,0.7,0.7,0.7,0.7880434782608695,0.75,0.1111111111111111,0.8467432950191571,0.0421455938697318,0.5240343151893466,0.1075,0.1075,1.835,0.890660762673288,2.5645580916087294,54.54545454545454,-0.03687415444088185,0.5454545454545454,0.1574727581213675,3.098654625029094,0.5340965334203649,6.231201038596475,10,10,8.122464895248413
25,,1.5300016198224013,0.012650008099112008,0.45937523068416686,0.7,0.7,0.7,0.8963414634146342,1.0,0.11646586345381527,0.8273092369477911,0.05622489959839357,0.5160479149715975,0.08,0.08,1.875,0.6832168283919395,5.4909424181291975,35.714285714285715,0.026043772817689763,0.35714285714285715,0.2716737323046964,5.309765299211477,-0.18117711891772004,6.972220000557128,10,10,8.194849729537964
26,,2.221963594656807,0.016109817973284035,0.3288984558412007,0.8,0.8,0.8,0.8516483516483516,1.0,0.13793103448275862,0.8172413793103448,0.04482758620689655,0.5318716928358189,0.145,0.145,2.1,0.5721438992992337,9.59230641320997,46.15384615384615,-0.232675917294859,0.46153846153846156,0.1410558446776342,10.463237048970363,0.8709306357603926,5.789277287404623,10,10,8.494410991668701
27,,1.30252730641185,0.01151263653205925,0.27790615409612657,0.9,0.9,0.9,0.9153439153439153,1.0,0.14339622641509434,0.8226415094339623,0.033962264150943396,0.5164644612576812,0.0715,0.0715,2.03,0.5635221000501465,6.588101498157402,77.77777777777779,0.16939882355953012,0.7777777777777778,0.23342130399736444,6.380604736673138,-0.2074967614842636,7.398914844986712,10,10,7.355496883392334
28,,0.5313489156055564,0.007656744578027782,0.6184574578489576,0.7,0.7,0.7,0.898936170212766,0.8888888888888888,0.1520912547528517,0.7984790874524715,0.049429657794676805,0.5217746827341616,0.18,0.18,1.73,0.5955440466635256,3.6974123000855856,53.84615384615385,-0.2193016203510682,0.5384615384615384,0.400411908774113,3.4835811666605845,-0.21383113342500137,6.4379463804448385,10,10,7.798020362854004
29,,1.2562287591547876,0.011281143795773938,0.048524051904678345,0.8,0.8,0.8,0.8081395348837209,1.0,0.22317596566523606,0.7339055793991416,0.04291845493562232,0.5171240322524682,0.1635,0.1635,1.47,0.7073764150162902,5.1491123563604555,20.0,-0.3433518312577851,0.2,0.4621126911723691,5.335080253645495,0.1859678972850402,5.734765171160692,10,10,7.931565046310425
30,,1.7358276429174113,0.013679138214587057,0.32767688546861923,0.7,0.7,0.7,0.8729281767955801,1.0,0.16932907348242812,0.8178913738019169,0.012779552715654952,0.5265114215351642,0.113,0.113,1.995,0.38559712912182037,11.96962578647901,50.0,-0.12506745842240855,0.5,0.2852024746520714,11.871035947614526,-0.09858983886448387,6.3967872750876875,10,10,7.958766222000122
31,,1.2712960815020677,0.011356480407510338,0.5171387285778397,0.5,0.5,0.5,0.7676767676767676,1.0,0.1697530864197531,0.8148148148148148,0.015432098765432098,0.5383229896361008,0.152,0.152,2.705,0.507370020061671,7.442992614505397,20.0,-0.18471477901851768,0.2,0.006755052880933234,7.308666155366799,-0.13432645913859828,5.60193752161118,10,10,8.642874002456665
32,,0.978516035416348,0.00989258017708174,0.235980181821755,0.9,0.9,0.9,0.9036144578313253,1.0,0.21923076923076923,0.7692307692307693,0.011538461538461539,0.5135400372287259,0.1345,0.1345,1.54,0.7700651448783217,3.267025228941549,0.0,-0.5395669929326108,0.0,0.0,3.9537323407189984,0.6867071117774491,5.410745604159326,10,10,7.520697593688965
33,,0.7875297595212731,0.008937648797606366,0.7017889501793044,0.6,0.6,0.6,0.6927374301675978,1.0,0.14624505928853754,0.841897233201581,0.011857707509881422,0.4996699644355103,0.0935,0.0935,1.905,0.863290701900799,2.7299209648548306,66.66666666666666,0.11504720970505183,0.6666666666666666,0.18703075654844303,3.6089792593241485,0.879058294469318,6.479871103137844,10,10,7.832536697387695
34,,1.402898042446227,0.012014490212231135,0.52352684289217,0.9,0.9,0.9,0.9890710382513661,1.0,0.24125874125874125,0.7167832167832168,0.04195804195804196,0.5001479451740161,0.1965,0.1965,1.585,0.769485239308882,4.332157668535902,58.333333333333336,0.14673294830838932,0.5833333333333334,0.3831780962013597,4.197105449557953,-0.13505221897794872,5.971799892534625,10,10,8.016194343566895
35,,1.7584278535457718,0.008792139267728859,0.03342849531999001,1.0,1.0,1.0,1.0,1.0,0.26262626262626265,0.7070707070707071,0.030303030303030304,0.5008573343078606,0.136,0.136,1.05,0.8172995865802547,2.871467276975766,83.33333333333334,0.15458092814883706,0.8333333333333334,0.2203911095314064,3.108929080746758,0.23746180377099196,6.279341734081585,10,10,7.955461263656616
36,,1.0198606876480656,0.010099303438240328,0.07217057204494874,0.7,0.7,0.7,0.8,0.8,0.1875,0.78125,0.03125,0.5024858496412635,0.118,0.118,1.445,0.8290386048823641,3.0141676086778397,42.857142857142854,0.07968388850259858,0.42857142857142855,0.5575046719864573,3.9933763804594116,0.9792087717815718,6.637625926543574,10,10,7.4661571979522705
37,,1.3998080859836795,0.011999040429918397,0.17783787101507187,0.8,0.8,0.8,0.896774193548387,1.0,0.15057915057915058,0.8146718146718147,0.03474903474903475,0.5080455735209398,0.0795,0.0795,1.765,0.8329467142301625,3.060115913771618,55.55555555555556,0.11239645977849522,0.5555555555555556,0.32723776631011203,4.069023949308555,1.008908035536937,6.977173022057217,10,10,7.570685863494873
38,,0.6940446428441636,0.008470223214220817,0.6121492981910706,0.7,0.7,0.7,0.8936170212765957,0.5,0.10982658959537572,0.8670520231213873,0.023121387283236993,0.5145432337885723,0.054,0.054,1.355,0.6215616390539686,4.421863585859919,50.0,0.07983865640337798,0.5,0.3420038382120511,3.914490863811658,-0.507372722048261,5.929517747696647,10,10,7.867146253585815
39,,0.8987442550283804,0.009493721275141902,0.08947660525639851,0.8,0.8,0.8,0.9723756906077348,1.0,0.112,0.88,0.008,0.5232263835957274,0.1065,0.1065,1.92,0.4490501313771284,7.327213562072964,50.0,-0.0411299794674263,0.5,0.08602901851484102,7.011352065667416,-0.3158614964055476,6.116439541079541,10,10,7.850267648696899
40,,3.2702200593251742,0.01635110029662587,0.14878224208950996,1.0,1.0,1.0,1.0,1.0,0.08243727598566308,0.9032258064516129,0.014336917562724014,0.5209190107639879,0.0555,0.0555,2.41,0.8315388527096993,4.4601218918363585,75.0,0.0541225448448418,0.75,0.271550570504229,6.0014576027742494,1.5413357109378913,7.560157211856174,10,10,7.754045248031616
41,,2.246742170147938,0.016233710850739692,0.14890630708800423,0.9,0.9,0.9,0.9818181818181818,1.0,0.06844106463878327,0.9125475285171103,0.019011406844106463,0.5079034233251587,0.0375,0.0375,2.17,0.7670382336676963,5.076422726349335,40.0,-0.00040701169380763513,0.4,0.07411970918891012,5.599187194862231,0.522764468512896,6.653856603342832,10,10,7.794374704360962
42,,1.7817972271854172,0.013908986135927085,0.08456877948573002,0.8,0.8,0.8,0.9536423841059603,1.0,0.0759493670886076,0.9113924050632911,0.012658227848101266,0.533101943979389,0.033,0.033,2.305,0.6087307979720447,7.399677392501223,66.66666666666666,0.11768858741080758,0.6666666666666666,0.20088975747677965,7.12324740251452,-0.27642998998670365,7.1362024535472175,10,10,8.13984489440918
43,,0.7630550784686407,0.008815275392343204,0.13503715007201486,0.6,0.6,0.6,0.9411764705882353,1.0,0.0392156862745098,0.9558823529411765,0.004901960784313725,0.5481388328131288,0.0275,0.0275,2.455,0.24954472560815916,10.185094225450204,100.0,0.25850324632019056,1.0,0.25850324632019056,9.863712093834003,-0.32138213161619983,7.081342755028782,10,10,8.21787691116333
44,,1.9935915792547072,0.014967957896273537,0.11681993007659912,0.8,0.8,0.8,0.9325842696629213,1.0,0.05303030303030303,0.928030303030303,0.01893939393939394,0.5149622705753427,0.0475,0.0475,2.25,0.6932797293714046,6.432203926979426,100.0,0.3306983483305143,1.0,0.3306983483305143,6.428318900958601,-0.0038850260208250966,5.629504529737219,10,10,7.967624187469482
45,,2.3678271238199984,0.01683913561909999,0.20862257666885853,0.7,0.7,0.7,0.9553072625698324,1.0,0.08847184986595175,0.8981233243967829,0.013404825737265416,0.5345028357827105,0.0795,0.0795,3.07,0.679053174368899,7.6307581503002915,40.0,-0.10120063160895529,0.4,0.21957314688100527,8.61474101862314,0.9839828683228498,6.53799499365867,10,10,8.090390682220459
46,,1.2932475876378535,0.011466237938189268,0.32594406366348266,0.6,0.6,0.6,0.8789808917197452,1.0,0.03636363636363636,0.9490909090909091,0.014545454545454545,0.505652986000292,0.044,0.044,2.385,0.42989900262995506,8.652886346078017,75.0,-0.016776776610090215,0.75,0.1772997886786161,8.374015750128379,-0.27887059594963687,7.5236322934804125,10,10,7.703184127807617
47,,2.608478848618769,0.018042394243093843,0.296395751621042,0.8,0.8,0.8,0.9625668449197861,0.5,0.05539358600583091,0.9271137026239067,0.01749271137026239,0.5385184491034597,0.0605,0.0605,2.8,0.6149529346207835,8.481460403185228,100.0,0.38075382030513943,1.0,0.38075382030513943,9.226109454818328,0.7446490516331,6.768157905675996,10,10,7.877958059310913
48,,1.7208878650330788,0.013604439325165394,0.09242116590892827,0.9,0.9,0.9,0.8961748633879781,0.0,0.08270676691729323,0.9060150375939849,0.011278195488721804,0.5309868567683734,0.0775,0.0775,2.165,0.8409957642737055,4.6291847689675345,66.66666666666666,0.007778380473300446,0.6666666666666666,0.33952253585891184,5.600945453918209,0.9717606849506748,5.5105427170844425,10,10,7.527366638183594
49,,0.3983690768448134,0.006991845384224067,0.14338837154209613,0.9,0.9,0.9,0.9935483870967742,1.0,0.09130434782608696,0.9,0.008695652173913044,0.5039858615687117,0.059,0.059,1.865,0.5431836310019479,4.584201161264548,0.0,-0.31411288403497245,0.0,0.0,4.2885998524689,-0.2956013087956474,6.331035217603645,10,10,7.373442888259888
50,,1.3107775579275804,0.011553887789637902,0.5237289297084013,0.9,0.9,0.9,0.9943502824858758,0.0,0.04247104247104247,0.9536679536679536,0.003861003861003861,0.5082612571334466,0.0225,0.0225,2.155,0.6429510006145704,5.333493956732542,100.0,0.10331433656731376,1.0,0.10331433656731376,6.123357704238362,0.7898637475058201,7.420939831929965,10,10,7.771442413330078
51,,1.9456202002117093,0.014728101001058546,0.4382645457983017,0.8,0.8,0.8,0.9387755102040817,0.0,0.05993690851735016,0.9369085173501577,0.0031545741324921135,0.5043558564665728,0.0375,0.0375,2.915,0.6496321447582813,7.107847472352968,0.0,-0.0698018476648497,0.0,0.0,7.015215468826069,-0.09263200352689897,6.563714816872011,10,10,7.901804208755493
52,,1.0120584762065428,0.010060292381032714,0.5909831896424294,0.9,0.9,0.9,0.9419354838709677,1.0,0.05154639175257732,0.9432989690721649,0.005154639175257732,0.4939590509375557,0.021,0.021,1.735,0.45489261995534896,7.543025149188049,0.0,-0.031006886050070348,0.0,0.0,7.60924258348192,0.0662174342938707,7.464376537615958,10,10,7.516740083694458
53,,1.2680362650960952,0.011340181325480475,0.5840809992381505,0.6,0.6,0.6,0.9314285714285714,1.0,0.05016722408026756,0.9364548494983278,0.013377926421404682,0.5067101367693394,0.049,0.049,2.52,0.45381434146680344,7.792028931187638,75.0,0.2589144733937493,0.75,0.6387803542859208,7.534796748433267,-0.2572321827543705,6.855215294373856,10,10,8.022575855255127
54,,1.9936861800302483,0.014968430900151241,0.07864108607172966,0.9,0.9,0.9,0.9840425531914894,1.0,0.09246575342465753,0.9041095890410958,0.003424657534246575,0.5106449398789554,0.0555,0.0555,2.52,0.5978382370194405,7.988270729836432,0.0,-0.0173096966874468,0.0,0.0,7.858051518597135,-0.13021921123929736,6.987210739270586,10,10,8.136290311813354
55,,1.7408003786782547,0.013704001893391273,0.07424590310880116,0.8,0.8,0.8,0.9819277108433735,1.0,0.11347517730496454,0.8687943262411347,0.01773049645390071,0.5187952922284603,0.087,0.087,2.025,0.5076095710553272,7.84390410460006,60.0,0.13854123938543483,0.6,0.25242062566594387,7.711719110280861,-0.13218499431919908,6.151502160802925,10,10,7.816413640975952
56,,1.595842853350724,0.01297921426675362,0.23155841095881027,0.6,0.6,0.6,0.8959537572254336,1.0,0.07471264367816093,0.9166666666666666,0.008620689655172414,0.5126039491798728,0.0755,0.0755,2.825,0.7549048824929926,4.722911872925326,66.66666666666666,0.40118694145164563,0.6666666666666666,0.625246284469175,4.456010576083157,-0.2669012968421684,6.313782606864893,10,10,8.122479677200317
57,,0.9922491622605394,0.009961245811302697,0.0511131597061952,0.8,0.8,0.8,0.9426751592356688,0.0,0.04782608695652174,0.9521739130434783,0.0,0.5094368067607283,0.0265,0.0265,2.055,0.6487639413505372,4.966327594394715,0.0,0.0,0.0,0.0,4.6384305491268965,-0.32789704526781854,5.812228467577183,10,10,7.403302192687988
58,,3.682186303990169,0.018410931519950845,0.05843313431574239,1.0,1.0,1.0,1.0,1.0,0.02622950819672131,0.9672131147540983,0.006557377049180328,0.5142663055164739,0.016,0.016,2.355,0.798302098968024,5.1107782672318995,50.0,-0.017315594125024383,0.5,0.04065528935065743,6.236319922040037,1.1255416548081378,7.095725678210042,10,10,7.9801025390625
59,,1.0754240414741765,0.010377120207370883,0.5217380424340566,0.6,0.6,0.6,0.8802395209580839,0.0,0.019543973941368076,0.9804560260586319,0.0,0.5075341538817156,0.0065,0.0065,3.365,0.6191773808933858,4.537950809702969,0.0,0.0,0.0,0.0,4.335427532278286,-0.2025232774246836,8.049097448572224,10,10,7.948165655136108
60,,1.4422994215354912,0.012211497107677455,0.6320652067661285,0.8,0.8,0.8,0.9886363636363636,0.0,0.010752688172043012,0.985663082437276,0.0035842293906810036,0.5079624860361218,0.0085,0.0085,2.78,0.5821606577541626,7.610870565757081,0.0,-0.4259536560957667,0.0,0.0,7.441355639310889,-0.16951492644619198,5.435557834062299,10,10,7.539275646209717
61,,1.5549545174140578,0.012774772587070288,0.0935095257379792,0.8,0.8,0.8,0.8944099378881988,0.0,0.038461538461538464,0.9572649572649573,0.004273504273504274,0.49800499549438243,0.015,0.015,2.215,0.7833349394370329,4.783532741356087,0.0,-0.053145862215879136,0.0,0.0,5.97214684545542,1.1886141040993325,6.271049404642679,10,10,7.583020210266113
62,,1.0542144421566033,0.010271072210783017,0.4066485583316535,0.8,0.8,0.8,0.898876404494382,0.0,0.02510460251046025,0.9748953974895398,0.0,0.5162163441120647,0.02,0.02,2.325,0.6779404608758722,5.0147076667869515,0.0,0.0,0.0,0.0,4.900419861295388,-0.11428780549156296,6.554099044071499,10,10,7.916403532028198
63,,1.880059774101014,0.01440029887050507,0.05058366259826081,0.9,0.9,0.9,1.0,0.0,0.010416666666666666,0.9826388888888888,0.006944444444444444,0.5173079401096329,0.007,0.007,2.7,0.4952979823403953,8.577283276383644,0.0,-0.1292680302552952,0.0,0.0,8.490939299438361,-0.08634397694528387,7.520757428550989,10,10,7.832146167755127
64,,2.7003435573067853,0.018501717786533926,0.24578466649566377,0.5,0.5,0.5,0.74375,0.0,0.02464788732394366,0.971830985915493,0.0035211267605633804,0.5082992939387914,0.018,0.018,2.4,0.6171651231705558,9.959152055607099,0.0,-0.0060160775903644464,0.0,0.0,9.917029539317308,-0.04212251628979033,6.4590228529732485,10,10,7.696439504623413
65,,1.9319408068666064,0.014659704034333032,0.4090889245271683,0.8,0.8,0.8,0.8809523809523809,1.0,0.02962962962962963,0.9666666666666667,0.003703703703703704,0.5241867391560227,0.02,0.02,2.385,0.7100713118377548,6.224246615286926,0.0,-0.17489451120830002,0.0,0.0,7.052257835278411,0.828011219991485,6.82216819849064,10,10,7.592036724090576
66,,1.7849703466448594,0.013924851733224297,0.03546862413778024,0.8,0.8,0.8,0.8277777777777777,0.0,0.032490974729241874,0.9638989169675091,0.0036101083032490976,0.5143091996759176,0.024,0.024,2.415,0.7807296073809188,4.993102237799932,0.0,-0.0819646086803038,0.0,0.0,5.302988790070357,0.30988655227042466,6.602567147927975,10,10,8.054824113845825
67,,1.6624725505150928,0.013312362752575463,0.515854982818876,0.7,0.7,0.7,0.9698795180722891,0.0,0.014492753623188406,0.9855072463768116,0.0,0.5190101344992291,0.0065,0.0065,2.69,0.537553291142912,6.950085280980084,0.0,0.0,0.0,0.0,6.74708428334463,-0.20300099763545446,7.39774622612457,10,10,7.621982574462891
68,,0.9946184279890673,0.009973092139945336,0.07729720486247021,0.8,0.8,0.8,0.9833333333333333,1.0,0.01486988847583643,0.9776951672862454,0.007434944237918215,0.5140496882761363,0.0145,0.0145,2.875,0.4384460030172698,6.387697261220303,50.0,-0.0075204492411855076,0.5,0.023603675299146032,6.027292377239519,-0.3604048839807847,6.151257406462855,10,10,8.276068925857544
69,,1.037717005975634,0.01018858502987817,0.5447585101106337,0.5,0.5,0.5,0.9202453987730062,0.0,0.011538461538461539,0.9846153846153847,0.0038461538461538464,0.5026423322777264,0.012,0.012,2.895,0.39708530732969677,7.462801648559651,100.0,0.0010527473952743893,1.0,0.0010527473952743893,7.163758609199097,-0.2990430393605541,7.850880119567473,10,10,8.20596170425415
70,,1.1403087997448744,0.010701543998724371,0.06724818223821265,0.8,0.8,0.8,0.8607594936708861,0.0,0.029288702928870293,0.9707112970711297,0.0,0.4879566117138602,0.0115,0.0115,2.635,0.5388033171722425,7.437931870412617,0.0,0.0,0.0,0.0,7.261631992772225,-0.1762998776403923,6.243429156026545,10,10,7.932283639907837
71,,0.8377075805129155,0.009188537902564577,0.20593727628389993,0.6,0.6,0.6,0.8160919540229885,1.0,0.036036036036036036,0.9594594594594594,0.0045045045045045045,0.48812449449393897,0.02,0.02,2.525,0.6583265733513146,4.9333551407164755,0.0,-0.013951499611524254,0.0,0.0,4.798815986149747,-0.13453915456672852,6.729204141074255,10,10,7.627498388290405
72,,1.6708285119385815,0.013354142559692908,0.4894238650798798,0.7,0.7,0.7,0.8666666666666667,0.0,0.0,0.9867256637168141,0.01327433628318584,0.4811871649590321,0.008,0.008,2.13,0.6603788880030755,6.22026607243049,66.66666666666666,0.21771524966917002,0.6666666666666666,0.3496477117115635,6.0585743348212135,-0.16169173760927605,7.462898087007008,10,10,7.80728816986084
73,,2.9720949657772717,0.01986047482888636,0.17834793265376772,0.6,0.6,0.6,0.7763975155279503,1.0,0.005714285714285714,0.9857142857142858,0.008571428571428572,0.4746551560726948,0.0155,0.0155,3.26,0.6733879095880297,8.854125161667195,0.0,-0.16124326122830843,0.0,0.0,8.902080690781931,0.047955529114736606,6.660362012821135,10,10,7.8700480461120605
74,,1.5853364748737855,0.012926682374368927,0.11783757309118907,0.6,0.6,0.6,0.8655913978494624,0.0,0.006622516556291391,0.9900662251655629,0.0033112582781456954,0.4660995833771303,0.001,0.001,3.115,0.5266543205832346,7.136273160839447,0.0,-0.008901057828758475,0.0,0.0,6.706440083878714,-0.4298330769607322,6.007396827911188,10,10,8.32898998260498
75,,2.6232313945232875,0.018116156972616437,0.17162271312304905,0.6,0.6,0.6,0.8378378378378378,0.0,0.011627906976744186,0.9854651162790697,0.0029069767441860465,0.46974079045758116,0.007,0.007,3.14,0.7042173452100924,9.20315431421578,100.0,0.02752194238892544,1.0,0.02752194238892544,9.045944938719277,-0.15720937549650257,7.191633831838308,10,10,7.919881820678711
76,,1.3474140625629856,0.011737070312814927,0.18016502942357746,0.8,0.8,0.8,0.8606060606060606,0.0,0.0,1.0,0.0,0.4764411093837116,0.0,0.0,2.47,0.6271236776877004,6.062191699779075,0.0,0.0,0.0,0.0,5.626915033361298,-0.4352766664177771,6.602686506378553,10,10,7.266297340393066
77,,3.3716223308716056,0.016858111654358028,0.10356991754277893,1.0,1.0,1.0,1.0,1.0,0.00980392156862745,0.9836601307189542,0.006535947712418301,0.4721499431382399,0.0095,0.0095,3.185,0.4794061418676583,12.035876796695726,0.0,-0.19669224793253856,0.0,0.0,12.10069958463332,0.06482278793759291,6.9158718059425635,10,10,8.054361581802368
78,,1.3544556670892653,0.011772278335446328,0.05862970496046132,0.8,0.8,0.8,0.9748427672955975,0.0,0.004048582995951417,0.9959514170040485,0.0,0.4696547040683217,0.0005,0.0005,2.52,0.6898469199984828,4.7751064818027595,0.0,0.0,0.0,0.0,5.750984238434799,0.975877756632039,5.500286829508796,10,10,7.445514917373657
79,,2.0808976375398083,0.010404488187699042,0.1470073355982701,1.0,1.0,1.0,1.0,0.0,0.0,1.0,0.0,0.47043611317838074,0.0,0.0,2.275,0.5825642141502213,5.431157224921702,0.0,0.0,0.0,0.0,5.4208802361893165,-0.01027698873238552,6.686882698955489,10,10,7.423418998718262
80,,0.9871163975039063,0.009935581987519532,0.19845568069389888,0.8,0.8,0.8,0.8829787234042553,1.0,0.0,0.9913793103448276,0.008620689655172414,0.48538101554103197,0.0015,0.0015,2.405,0.49659395310780646,7.030311487491639,0.0,-0.022532651362677625,0.0,0.0,6.752450185455022,-0.2778613020366176,7.2238749941969385,10,10,7.910973787307739
81,,1.8080196139929603,0.014040098069964802,0.5649066388607025,0.6,0.6,0.6,0.8169934640522876,0.0,0.010135135135135136,0.9864864864864865,0.0033783783783783786,0.46499471394170544,0.007,0.007,3.025,0.5492569171241362,8.508429432752054,100.0,0.6522528103630847,1.0,0.6522528103630847,8.155573876007853,-0.3528555567442017,7.424652672535356,10,10,7.735080003738403
82,,1.7549561194333139,0.01377478059716657,0.1924814372545197,0.4,0.4,0.4,0.7183908045977011,0.0,0.009868421052631578,0.9901315789473685,0.0,0.48846691532479597,0.0035,0.0035,3.06,0.6102666532736731,7.251099923604672,0.0,0.0,0.0,0.0,7.534190933948375,0.28309101034370343,6.851990347270062,10,10,7.825865983963013
83,,1.1751329236952803,0.010875664618476402,0.7173323286207098,0.9,0.9,0.9,0.9554140127388535,1.0,0.0,0.9920634920634921,0.007936507936507936,0.44674272834375733,0.0015,0.0015,2.375,0.6462399707333647,5.800933042037167,50.0,0.1916711124948109,0.5,0.3911979166044113,5.976014975476187,0.17508193343901965,6.7095561262167305,10,10,7.511402368545532
84,,2.7939932225605704,0.01896996611280285,0.16459553353488446,0.9,0.9,0.9,0.8839779005524862,1.0,0.006688963210702341,0.9899665551839465,0.0033444816053511705,0.47835255580372177,0.004,0.004,2.575,0.7398327304908608,6.465942376847181,0.0,-0.061782961993015306,0.0,0.0,7.67686343158613,1.2109210547389488,6.524110108480171,10,10,7.8034303188323975
85,,1.4267684523641226,0.012133842261820613,0.6056220952583395,0.8,0.8,0.8,0.9529411764705882,1.0,0.006896551724137931,0.9862068965517241,0.006896551724137931,0.5011747349015204,0.008,0.008,2.67,0.7785783981128588,3.4089007683768315,0.0,-0.008005613072976633,0.0,0.0,4.409565096814244,1.0006643284374126,6.6050138321288685,10,10,7.622900485992432
86,,1.601405882105507,0.013007029410527535,0.03669882069031397,0.9,0.9,0.9,0.9720670391061452,0.0,0.016,0.98,0.004,0.5462434166129678,0.0125,0.0125,2.115,0.4902003073985057,8.663167093887386,0.0,-0.03379171251658897,0.0,0.0,8.63436499599607,-0.028802097891316786,5.428376415453191,10,10,7.834769248962402
87,,2.512653099492842,0.01756326549746421,0.04360496902040073,0.9,0.9,0.9,0.9940119760479041,0.0,0.006535947712418301,0.9901960784313726,0.0032679738562091504,0.5298321568164974,0.005,0.005,2.49,0.7103851171516656,8.649778574183495,0.0,-0.002912676172455775,0.0,0.0,8.775713733414198,0.12593515923070286,7.523323166844259,10,10,7.874699592590332
88,,1.9790796486704099,0.01489539824335205,0.13183463364839554,0.7,0.7,0.7,0.9212121212121213,0.0,0.01056338028169014,0.9823943661971831,0.007042253521126761,0.5135813197041862,0.0065,0.0065,2.77,0.4393022999075848,9.92314528578238,100.0,0.29656154633490833,1.0,0.29656154633490833,9.590585954192699,-0.33255933158968093,6.654824653967128,10,10,7.823681831359863
89,,2.5277818345035867,0.012638909172517934,0.04766786296386272,1.0,1.0,1.0,1.0,0.0,0.018018018018018018,0.9819819819819819,0.0,0.5377232641419396,0.0065,0.0065,2.21,0.740919526142683,4.985684135227445,0.0,0.0,0.0,0.0,5.744399686245015,0.7587155510175698,7.028128992556967,10,10,7.423409461975098
90,,1.965041808935005,0.009825209044675026,0.09607587595071111,1.0,1.0,1.0,1.0,1.0,0.004329004329004329,0.987012987012987,0.008658008658008658,0.5237423187623499,0.006,0.006,2.7,0.527776469678566,6.089535077235837,100.0,0.16762974647463189,1.0,0.16762974647463189,6.042433363686444,-0.04710171354939313,7.970692386955308,10,10,7.473541021347046
91,,2.100364930242692,0.01550182465121346,0.38537123054265976,0.9,0.9,0.9,0.967032967032967,0.0,0.00911854103343465,0.9908814589665653,0.0,0.520320570867043,0.005,0.005,3.315,0.4566680025026453,11.130487378052297,0.0,0.0,0.0,0.0,11.543020492116462,0.4125331140641634,5.532896128042926,10,10,8.327680587768555
92,,1.1656126754067562,0.010828063377033782,0.5962178441030639,0.8,0.8,0.8,0.9608938547486033,1.0,0.011111111111111112,0.9777777777777777,0.011111111111111112,0.5098800445662346,0.019,0.019,2.66,0.628215450704217,5.3811891853279725,33.33333333333333,-0.3008745984532399,0.3333333333333333,0.05542487230575599,5.2160043822330895,-0.16518480309488345,6.8578190996601895,10,10,7.922497510910034
93,,0.45755288392916804,0.00728776441964584,0.07694023437798023,0.7,0.7,0.7,0.8795180722891566,1.0,0.016042780748663103,0.9786096256684492,0.0053475935828877,0.4880917654701043,0.007,0.007,2.09,0.5603299591025739,4.30935791217371,0.0,-2.0137429407063867,0.0,0.0,4.050585810986988,-0.2587721011867227,6.320974980167233,10,10,7.930052042007446
94,,4.27914225825351,0.021395711291267553,0.10215904894802305,1.0,1.0,1.0,1.0,1.0,0.013333333333333334,0.9766666666666667,0.01,0.5112917753164656,0.024,0.024,2.695,0.5830884942746829,12.849184600124076,0.0,-0.35194073260500286,0.0,0.0,13.602109076156143,0.7529244760320681,6.974869891524491,10,10,7.941152095794678
95,,3.1265979022985118,0.020632989511492558,0.25138494761093805,0.8,0.8,0.8,0.9044943820224719,0.0,0.009345794392523364,0.9875389408099688,0.003115264797507788,0.5255941326024477,0.0025,0.0025,2.875,0.7621477509951707,8.148798249948529,100.0,0.06461728216474996,1.0,0.06461728216474996,8.40559646441405,0.2567982144655211,6.09683932563273,10,10,7.898365020751953
96,,0.7720250761587062,0.00886012538079353,0.54708979325369,0.7,0.7,0.7,0.9096774193548387,0.0,0.0045045045045045045,0.9954954954954955,0.0,0.5113055466180667,0.0015,0.0015,2.36,0.4994885168876947,5.9610926331903675,0.0,0.0,0.0,0.0,5.716493838978707,-0.24459879421166078,7.116600374498851,10,10,7.3469157218933105
97,,1.2214747435022635,0.011107373717511318,0.046863085279862084,0.8,0.8,0.8,0.9788359788359788,1.0,0.006802721088435374,0.9897959183673469,0.003401360544217687,0.5246374390679411,0.003,0.003,3.275,0.6417551177826262,5.2743219316875765,0.0,-0.02733143221263512,0.0,0.0,5.215148915493066,-0.059173016194509855,6.551279603383664,10,10,8.037350177764893
98,,1.129892696736932,0.01064946348368466,0.5538062219108854,0.9,0.9,0.9,0.9308510638297872,0.0,0.003745318352059925,0.9887640449438202,0.00749063670411985,0.5556153624509461,0.007,0.007,2.555,0.6141220411558909,5.477103658103565,100.0,0.19875412090703812,1.0,0.19875412090703812,5.52199667714693,0.04489301904336554,6.829222823282453,10,10,7.793794870376587
99,,1.3594308212675008,0.011797154106337504,0.07761662772723607,0.9,0.9,0.9,0.9852941176470589,0.0,0.00425531914893617,0.9914893617021276,0.00425531914893617,0.5043416991095874,0.007,0.007,2.04,0.45223687682623376,9.46057630302224,0.0,-0.4445977442519173,0.0,0.0,9.107800634396423,-0.3527756686258177,6.218689837683222,10,10,7.672556638717651
100,,1.524738663782729,0.012623693318913644,0.16117348242551088,0.8,0.8,0.8,0.8950276243093923,1.0,0.0,0.9877551020408163,0.012244897959183673,0.5465946484809974,0.008,0.008,2.285,0.7643961012597252,4.1943988663235015,100.0,0.3148906842080476,1.0,0.3148906842080476,5.306467469675965,1.1120686033524634,6.05731471677969,10,10,7.765218019485474
100,Random,-0.2331707861477927,-0.0011658539307389637,0.0,0.0,0.0,0.0,0.3058823529411765,0.6388888888888888,0.136,0.231,0.633,0.6534907707443819,0.1095,0.1095,0.21,1.0,0.0,12.5,-0.31549161029655653,0.125,0.5310803694692721,-0.2331707861477927,-0.2331707861477927,0.0,10,10,0.0
100,Local-Only,0.1026708358717322,0.000513354179358661,0.0,0.0,0.0,0.0,0.5632183908045977,0.0,1.0,0.0,0.0,1.0,0.686,0.686,0.0,1.0,0.0,0.0,0.0,0.0,0.0,0.1026708358717322,0.1026708358717322,0.0,10,10,0.0
100,Greedy,2.01845096231392,0.010092254811569602,0.0,0.7,0.7,0.7,0.9505494505494505,0.0,0.879,0.121,0.0,1.0,0.0085,0.0085,3.01,1.0,0.0,0.0,0.0,0.0,0.0,2.01845096231392,2.01845096231392,0.0,10,10,0.0
100,Oracle-Min,1.6615047503021128,0.008307523751510565,0.0,0.3,0.3,0.3,0.7407407407407407,0.8421052631578947,0.905,0.066,0.029,0.095,0.105,0.105,1.3,1.0,0.0,100.0,0.1810497217399572,1.0,0.1810497217399572,1.6615047503021128,1.6615047503021128,0.0,10,10,0.0
100,EFT,1.84355861505313,0.00921779307526565,0.0,0.5,0.5,0.5,0.8456375838926175,0.95,0.871,0.09,0.039,0.005570019741685362,0.13,0.13,1.805,1.0,0.0,100.0,0.1876987198759968,1.0,0.1876987198759968,1.84355861505313,1.84355861505313,0.0,10,10,0.0
100,CP-EFT,1.868403902916758,0.00934201951458379,0.0,0.4,0.4,0.4,0.6923076923076923,0.9117647058823529,0.8885,0.0755,0.036,0.0033039765610046795,0.167,0.167,1.55,1.0,0.0,100.0,0.18189919639727092,1.0,0.18189919639727092,1.868403902916758,1.868403902916758,0.0,10,10,0.0
100,LB-Greedy,2.1866577197801265,0.010933288598900632,0.0,0.4,0.4,0.4,0.72,0.926829268292683,0.866,0.0925,0.0415,0.008115725885572089,0.138,0.138,1.745,1.0,0.0,100.0,0.18839428343863956,1.0,0.18839428343863956,2.1866577197801265,2.1866577197801265,0.0,10,10,0.0
100,Static,1.4255647437237324,0.007127823718618662,0.0,0.4,0.4,0.4,0.8764044943820225,0.0,0.364,0.636,0.0,1.0,0.0415,0.0415,3.665,1.0,0.0,0.0,0.0,0.0,0.0,1.4255647437237324,1.4255647437237324,0.0,10,10,0.0
101,,2.24456341513649,0.01622281707568245,0.05704141057168062,0.8,0.8,0.8,0.9005524861878453,0.0,0.003861003861003861,0.9961389961389961,0.0,0.540000606923757,0.0035,0.0035,2.29,0.6989429735135518,6.4520211686504245,0.0,0.0,0.0,0.0,6.45427929278267,0.0022581241322450645,6.6308218496809435,10,10,8.229806900024414
102,,1.169886577830039,0.010849432889150195,0.09304755106568337,0.8,0.8,0.8,0.9210526315789473,1.0,0.007874015748031496,0.9881889763779528,0.003937007874015748,0.5192688592178747,0.004,0.004,2.7,0.7678402779738956,4.005985039527418,0.0,-0.23058144190900404,0.0,0.0,3.941892686508652,-0.06409235301876563,6.134968540415572,10,10,8.13906478881836
103,,2.635600988825149,0.013178004944125745,0.07214778002638084,1.0,1.0,1.0,1.0,0.0,0.006578947368421052,0.9736842105263158,0.019736842105263157,0.5251789368269965,0.0205,0.0205,2.605,0.7320181600633013,4.951935498309625,0.0,-0.31554230117192317,0.0,0.0,5.541579651625526,0.5896441533159004,6.462151793932138,10,10,7.923596143722534
104,,3.207537739519473,0.016037688697597367,0.13023167351881662,1.0,1.0,1.0,1.0,0.0,0.013651877133105802,0.9863481228668942,0.0,0.46441107472393195,0.0055,0.0055,2.625,0.7373694729142987,7.014208289871607,0.0,0.0,0.0,0.0,7.659774301343661,0.6455660114720537,6.355952355352814,10,10,7.487647533416748
105,,2.3832091067909555,0.016916045533954777,0.13479213856837965,0.9,0.9,0.9,0.9945945945945946,0.0,0.005115089514066497,0.9948849104859335,0.0,0.47714833012234886,0.003,0.003,4.325,0.5043439349420631,11.280002997258075,0.0,0.0,0.0,0.0,11.257223738753847,-0.022779258504227625,6.818281609058112,10,10,7.92657208442688
106,,1.1218188477357023,0.010609094238678512,0.4774896800518036,0.8,0.8,0.8,0.9473684210526315,0.0,0.00966183574879227,0.9903381642512077,0.0,0.5615786670409143,0.0025,0.0025,2.1,0.5365515109822663,5.536723443028275,0.0,0.0,0.0,0.0,5.239650811897014,-0.29707263113126076,6.3693725131805845,10,10,8.293823957443237
107,,2.3264553754982367,0.016632276877491182,0.07242495289870671,0.9,0.9,0.9,0.9941176470588236,1.0,0.00546448087431694,0.9890710382513661,0.00546448087431694,0.545183489484567,0.0035,0.0035,3.525,0.5843616357955882,9.440051449474879,0.0,-0.06394394151905781,0.0,0.0,9.230921687235567,-0.209129762239312,6.901280847079509,10,10,8.864117622375488
108,,1.9738416961487961,0.014869208480743981,0.053367186803370714,0.9,0.9,0.9,0.9945652173913043,0.0,0.011450381679389313,0.9885496183206107,0.0,0.541898181934841,0.009,0.009,2.46,0.634351215718158,7.068377784500502,0.0,0.0,0.0,0.0,6.885382059379443,-0.18299572512105877,6.640753806818737,10,10,8.06941843032837
109,,1.8031137605743854,0.014015568802871928,0.07623594978025981,0.8,0.8,0.8,0.9876543209876543,0.0,0.0,1.0,0.0,0.5168063209916,0.0,0.0,2.575,0.5622981335219519,9.241653966051578,0.0,0.0,0.0,0.0,9.022674635378461,-0.21897933067311634,6.817583439123001,10,10,7.565699338912964
110,,3.1627114394672278,0.02081355719733614,0.2702030103121485,0.9,0.9,0.9,0.968944099378882,0.0,0.006269592476489028,0.9905956112852664,0.003134796238244514,0.5304480210059556,0.0045,0.0045,2.71,0.918416739843065,4.573004088114214,0.0,-0.030383601968116958,0.0,0.0,7.091003411846013,2.517999323731799,5.779595440348222,10,10,7.732985734939575
111,,1.7252084064320776,0.013626042032160389,0.38910429153976767,0.9,0.9,0.9,0.983957219251337,1.0,0.01098901098901099,0.9853479853479854,0.003663003663003663,0.5238790886631468,0.0055,0.0055,2.75,0.8153668006039803,4.082443725975551,100.0,0.03262553366258941,1.0,0.03262553366258941,5.590482340925201,1.5080386149496499,5.95944767232736,10,10,8.189806938171387
112,,1.2170556743325496,0.011085278371662748,0.081515883654356,0.9,0.9,0.9,0.9767441860465116,1.0,0.007434944237918215,0.9851301115241635,0.007434944237918215,0.49323314760206266,0.0145,0.0145,2.68,0.5593929798274125,6.747907837086078,50.0,-0.11468597872150066,0.5,0.9350864914281951,6.19127364996067,-0.5566341871254081,6.763592379119493,10,10,8.129508972167969
113,,1.8448990560642273,0.014224495280321136,0.35207775980234146,0.8,0.8,0.8,0.9141104294478528,1.0,0.017167381974248927,0.9742489270386266,0.008583690987124463,0.528635848117061,0.0085,0.0085,1.875,0.6046521696491779,7.496042662078407,100.0,0.05727055186384834,1.0,0.05727055186384834,7.494932873525889,-0.0011097885525176326,6.506663108402383,10,10,7.6453330516815186
114,,1.8514957690685807,0.014257478845342904,0.29577180381332124,0.9,0.9,0.9,0.8866666666666667,1.0,0.01293103448275862,0.9827586206896551,0.004310344827586207,0.46421397294785127,0.006,0.006,2.27,0.8025582434315042,4.451022020833325,0.0,-0.024947706657810098,0.0,0.0,5.752837622823555,1.3018156019902294,6.05317715915544,10,10,7.397762775421143
115,,1.9849831222340342,0.01492491561117017,0.34652308622996014,0.7,0.7,0.7,0.8366013071895425,0.0,0.006872852233676976,0.9896907216494846,0.003436426116838488,0.5163602485547308,0.003,0.003,2.7,0.6673702574847348,7.159739912201056,100.0,0.16151016489218506,1.0,0.16151016489218506,7.180741923796088,0.021002011595031386,6.545134979898746,10,10,8.024068355560303
116,,0.7624167070043064,0.008812083535021532,0.415436777472496,0.5,0.5,0.5,0.872093023255814,1.0,0.02023121387283237,0.9682080924855492,0.011560693641618497,0.4827024324702797,0.04,0.04,3.89,0.44649222225329566,5.119361153692847,0.0,-0.7095563920371348,0.0,0.0,4.928990483387214,-0.19037067030563423,5.803575423519907,10,10,8.492737293243408
117,,1.1623557526147001,0.010811778763073501,0.18757117742841894,0.9,0.9,0.9,0.9942528735632183,1.0,0.0038910505836575876,0.9922178988326849,0.0038910505836575876,0.48420747700566424,0.005,0.005,2.92,0.5957652378999074,4.851707715022194,0.0,-0.5438134499932237,0.0,0.0,5.143727588644557,0.2920198736223638,6.410199395202482,10,10,8.2947359085083
118,,1.6060778301106797,0.0130303891505534,0.12496308260597289,0.9,0.9,0.9,0.9946524064171123,1.0,0.003194888178913738,0.9904153354632588,0.006389776357827476,0.44691751029365695,0.0085,0.0085,3.075,0.46541447811148196,7.386593046894429,0.0,-0.6020542329482044,0.0,0.0,7.196780082755454,-0.18981296413897517,6.1043703746621825,10,10,7.924566745758057
119,,1.8863130811400213,0.014431565405700106,0.5064502699034554,0.8,0.8,0.8,0.9877300613496932,0.0,0.0,1.0,0.0,0.43901333361689465,0.0,0.0,2.675,0.7639130812646278,5.814507084597923,0.0,0.0,0.0,0.0,5.61586753845357,-0.19863954614435292,6.71665833896322,10,10,7.530999422073364
120,,1.0545981254362053,0.010272990627181027,0.5376807078719139,0.8,0.8,0.8,0.8959537572254336,0.0,0.015444015444015444,0.9845559845559846,0.0,0.5029122914866894,0.01,0.01,2.59,0.5219880593468169,6.054985560718363,0.0,0.0,0.0,0.0,6.360048917608631,0.30506335689026765,5.9971318692771485,10,10,7.540508270263672
121,,3.1991213486388532,0.015995606743194266,0.10627331860639432,1.0,1.0,1.0,1.0,1.0,0.0076045627376425855,0.9885931558935361,0.0038022813688212928,0.4903583088892046,0.009,0.009,2.315,0.6316241924921041,8.321080187311024,100.0,0.5221067260048076,1.0,0.5221067260048076,9.024739188944519,0.7036590016334957,6.452970061058933,10,10,7.870675563812256
122,,1.3563814088972155,0.011781907044486077,0.48866509007556097,0.8,0.8,0.8,0.9631901840490797,1.0,0.0,0.9949748743718593,0.005025125628140704,0.5065012001993601,0.0015,0.0015,2.07,0.5909324107004754,6.233934133965636,100.0,0.5768916586480447,1.0,0.5768916586480447,6.136025550296193,-0.09790858366944259,7.023999314258736,10,10,7.80472207069397
123,,2.9771015875167515,0.019885507937583757,0.10761492734863645,0.9,0.9,0.9,0.930635838150289,1.0,0.01048951048951049,0.9790209790209791,0.01048951048951049,0.49641713461547626,0.0095,0.0095,2.36,0.7271024426175359,7.644381645287846,33.33333333333333,-0.15490002430288793,0.3333333333333333,0.01152265118720322,8.194922658100529,0.5505410128126826,7.097538215984351,10,10,7.683910131454468
124,,1.8095203584890722,0.014047601792445361,0.0685778696089983,0.8,0.8,0.8,0.9828571428571429,0.0,0.0070921985815602835,0.9929078014184397,0.0,0.5006290794233792,0.007,0.007,2.82,0.7245779326132359,6.721666680685704,0.0,0.0,0.0,0.0,6.644436179086965,-0.07723050159873969,6.312194481430912,10,10,7.935448169708252
125,,2.9550718549792836,0.019775359274896417,0.2245415436370032,0.9,0.9,0.9,0.9888268156424581,1.0,0.02147239263803681,0.9754601226993865,0.003067484662576687,0.46080929168034346,0.0115,0.0115,3.035,0.721604863485814,8.05188679279436,0.0,-0.01355198649821257,0.0,0.0,8.473210536920801,0.4213237441264413,6.3052617464790455,10,10,8.078691005706787
126,,0.4076581311811105,0.007038290655905552,0.035519117549542456,0.9,0.9,0.9,0.9944444444444445,0.0,0.01809954751131222,0.9819004524886877,0.0,0.47710232784994877,0.012,0.012,2.485,0.629083120291674,3.398876094614683,0.0,0.0,0.0,0.0,3.5320669779673963,0.13319088335271295,6.056460056259562,10,10,7.771085977554321
127,,1.2102671400876268,0.011051335700438134,0.20606273029531752,0.8,0.8,0.8,0.8682634730538922,1.0,0.043824701195219126,0.9482071713147411,0.00796812749003984,0.4573092986932024,0.0185,0.0185,2.145,0.6169847863835216,5.222150869888271,100.0,0.25998374650126943,1.0,0.25998374650126943,5.1221852191520085,-0.0999656507362623,5.7731144569354065,10,10,7.956788778305054
128,,1.5591018487855308,0.012795509243927654,0.30916575150830405,0.5,0.5,0.5,0.7597765363128491,1.0,0.03557312252964427,0.9446640316205533,0.019762845849802372,0.45267567566386424,0.032,0.032,2.115,0.7148168984865544,4.846964741731099,40.0,-0.07267392675044294,0.4,0.3214386063994682,4.897362569915582,0.05039782818448267,7.140541551268043,10,10,7.931300640106201
129,,2.4139306777449203,0.0170696533887246,0.3793466338379817,0.9,0.9,0.9,0.9873417721518988,1.0,0.011152416356877323,0.9776951672862454,0.011152416356877323,0.4187498963708058,0.0115,0.0115,2.27,0.660265285323068,7.820471609207141,33.33333333333333,0.030430292558285183,0.3333333333333333,0.3753745764033972,7.938394266163563,0.11792265695642153,5.591151373311069,10,10,7.64078164100647
130,,2.1698766873127457,0.015849383436563728,0.22227788141795568,0.5,0.5,0.5,0.7159763313609467,1.0,0.0071174377224199285,0.9893238434163701,0.0035587188612099642,0.4267897117638495,0.01,0.01,2.46,0.6612261976599704,7.453743357725779,100.0,0.37275418299598906,1.0,0.37275418299598906,7.162955225947448,-0.2907881317783315,5.308999861523641,10,10,7.790009498596191
131,,3.6458986791999743,0.01822949339599987,0.0738712424678462,1.0,1.0,1.0,1.0,1.0,0.007042253521126761,0.9859154929577465,0.007042253521126761,0.43455623736197596,0.013,0.013,2.3,0.615332163913801,9.673503051009074,50.0,-0.23957284873145718,0.5,0.057908090752824326,9.85188439139263,0.17838134038355535,6.5295838870972185,10,10,8.169358253479004
132,,3.158057395268326,0.02079028697634163,0.2773560194032533,0.8,0.8,0.8,0.8857142857142857,1.0,0.005555555555555556,0.9861111111111112,0.008333333333333333,0.4198598849127302,0.0075,0.0075,3.325,0.6448851523528158,11.95620938670223,33.33333333333333,-0.1603908317300615,0.3333333333333333,0.04400482562733081,12.556334524271874,0.6001251375696426,6.321287547257622,10,10,8.33293080329895
133,,1.3674050274026106,0.011837025137013053,0.1276044034295612,0.7,0.7,0.7,0.9668508287292817,0.0,0.0,1.0,0.0,0.4347491027105134,0.0,0.0,3.005,0.48525881312981295,8.469462068747852,0.0,0.0,0.0,0.0,8.174536073556206,-0.29492599519164503,6.960527091272501,10,10,8.023382186889648
134,,2.559886547007778,0.017799432735038888,0.45093347004481726,0.8,0.8,0.8,0.9441340782122905,0.0,0.0,1.0,0.0,0.41548899114062077,0.0,0.0,3.99,0.6818943747454632,7.220234795364235,0.0,0.0,0.0,0.0,7.410405824347702,0.19017102898346697,6.475976571685381,10,10,8.8353590965271
135,,1.5916897605905667,0.012958448802952834,0.47909941699574976,0.7,0.7,0.7,0.8125,1.0,0.003257328990228013,0.990228013029316,0.006514657980456026,0.39705201452516486,0.0075,0.0075,3.1,0.5149467756188278,6.93497354305906,50.0,-0.09295522830066055,0.5,0.17772618101664345,7.083547573011499,0.1485740299524383,6.465576926149224,10,10,7.828211069107056
136,,2.1140490921713813,0.015570245460856906,0.28400745801627636,0.9,0.9,0.9,0.9162011173184358,0.0,0.0,1.0,0.0,0.35775403520470717,0.0,0.0,2.61,0.5220686453636445,10.748315687181568,0.0,0.0,0.0,0.0,11.445048562825933,0.696732875644365,5.9713864139177915,10,10,7.589703559875488
137,,1.931736712804022,0.014658683564020109,0.09345171906586204,0.9,0.9,0.9,0.9671052631578947,0.0,0.0,1.0,0.0,0.3845792090874747,0.0,0.0,2.025,0.7722888943396077,4.798378898084299,0.0,0.0,0.0,0.0,5.063801768841865,0.26542287075756604,6.3220330829040385,10,10,7.496555805206299
138,,2.0044657246824005,0.015022328623412002,0.09201005929046208,0.9,0.9,0.9,0.9937888198757764,1.0,0.0033783783783783786,0.9932432432432432,0.0033783783783783786,0.35965232070261843,0.005,0.005,2.9,0.6171063936882942,9.026018668420637,0.0,-0.14400466522308875,0.0,0.0,8.960453853373231,-0.06556481504740623,6.72993495537546,10,10,7.88515043258667
139,,2.9635872696779435,0.019817936348389718,0.07243462424311373,0.9,0.9,0.9,0.993006993006993,1.0,0.0032679738562091504,0.9901960784313726,0.006535947712418301,0.3711714277744177,0.0075,0.0075,2.72,0.6675113418403179,10.265538552200153,0.0,-0.4281273780821172,0.0,0.0,11.359446676099546,1.0939081238993935,5.510078525404384,10,10,8.059369087219238
140,,1.327402323043993,0.011637011615219966,0.06023658700287342,0.9,0.9,0.9,0.994475138121547,0.0,0.00411522633744856,0.9958847736625515,0.0,0.33977892726860226,0.0,0.0,2.095,0.6554536682086408,5.05955811164642,0.0,0.0,0.0,0.0,5.164089088992434,0.10453097734601337,6.900053251013508,10,10,7.713110685348511
141,,2.3198992254066826,0.016599496127033413,0.283550684650739,0.7,0.7,0.7,0.8579881656804734,0.0,0.0,0.9965277777777778,0.003472222222222222,0.3506930518972804,0.0035,0.0035,2.425,0.8771408289753162,3.430116948021578,100.0,0.19822371328896315,1.0,0.19822371328896315,5.078269974497437,1.648153026475859,5.834624357658803,10,10,7.797950029373169
142,,1.5033753069859763,0.012516876534929881,0.3258424113903727,0.7,0.7,0.7,0.8506493506493507,1.0,0.004405286343612335,0.986784140969163,0.00881057268722467,0.332383990301023,0.0055,0.0055,2.075,0.6998090976229306,5.550933913170235,0.0,-0.12257888364124808,0.0,0.0,5.983022634356838,0.43208872118660296,7.176637431572384,10,10,7.8422205448150635
143,,1.028386917078158,0.01014193458539079,0.09647246794058727,0.8,0.8,0.8,0.9202453987730062,1.0,0.012552301255230125,0.9748953974895398,0.012552301255230125,0.3080238339614152,0.0075,0.0075,2.565,0.5945128962676851,4.7976506454621815,66.66666666666666,0.05649393727970551,0.6666666666666666,0.09262823631551131,4.6779695316222085,-0.11968111383997332,6.032744228614261,10,10,7.624037981033325
144,,3.0216560647203954,0.020108280323601978,0.5153788208961487,0.8,0.8,0.8,0.8823529411764706,1.0,0.005633802816901409,0.9830985915492958,0.011267605633802818,0.30644931396530956,0.0185,0.0185,3.175,0.7398897843492854,9.138499680411442,50.0,-0.03521164707292944,0.5,0.01857663033477841,9.85612062073849,0.7176209403270493,6.146458488233191,10,10,7.845736265182495
145,,0.9310606920190372,0.009655303460095186,0.3392075424393018,0.6,0.6,0.6,0.8369565217391305,1.0,0.004,0.984,0.012,0.3054208330940455,0.0055,0.0055,2.36,0.6907997414184742,4.093877006847956,100.0,0.460970212496531,1.0,0.460970212496531,4.251651684644441,0.1577746777964857,6.399288523928084,10,10,7.942520618438721
146,,2.3416421531324305,0.016708210765662153,0.2926526591181755,0.9,0.9,0.9,0.9615384615384616,0.0,0.009202453987730062,0.9877300613496932,0.003067484662576687,0.3155721543115651,0.0075,0.0075,2.695,0.7428094585507667,6.566997656525863,0.0,-0.0427340324988541,0.0,0.0,7.773173418748583,1.2061757622227207,6.02715719400398,10,10,8.040916919708252
147,,2.4596385766496724,0.017298192883248364,0.0541167360331331,0.9,0.9,0.9,0.9518072289156626,0.0,0.010344827586206896,0.9896551724137931,0.0,0.3401479446960002,0.0055,0.0055,2.65,0.8203078189801734,5.354434090032004,0.0,0.0,0.0,0.0,7.179676732155398,1.8252426421233938,6.375574774722171,10,10,7.622395753860474
148,,1.2892565530960574,0.011446282765480287,0.7136375904083252,0.5,0.5,0.5,0.8385416666666666,1.0,0.0,0.996742671009772,0.003257328990228013,0.35285447456210384,0.001,0.001,3.265,0.5221293625946833,6.995628036847567,100.0,0.17933639994943257,1.0,0.17933639994943257,6.791749601406946,-0.20387843544062073,7.266090406239129,10,10,8.58191728591919
149,,2.17252901772798,0.0158626450886399,0.2100649153192838,0.8,0.8,0.8,0.9171597633136095,0.0,0.006920415224913495,0.9826989619377162,0.010380622837370242,0.3517389421107655,0.018,0.018,2.98,0.6021253226489764,7.4561548249363065,66.66666666666666,-0.026069703117660502,0.6666666666666666,0.04361804392273877,7.284931445347678,-0.17122337958862882,6.5929799041578026,10,10,7.591184139251709
150,,2.4594901997707783,0.01729745099885389,0.29937832270349773,0.9,0.9,0.9,0.9503105590062112,0.0,0.0,0.996875,0.003125,0.39390592987458695,0.003,0.003,2.82,0.7711965663311557,5.628532655058047,0.0,-0.4293431698730624,0.0,0.0,6.739701988456421,1.1111693333983739,7.09279665893561,10,10,7.984924554824829
151,,1.921134511297514,0.01460567255648757,0.0324683948580561,0.9,0.9,0.9,0.9659090909090909,0.0,0.00390625,0.9921875,0.00390625,0.3975146396125201,0.0015,0.0015,2.265,0.7980220260227615,3.9117487513486573,100.0,0.007966270548397408,1.0,0.007966270548397408,5.012974916443341,1.1012261650946835,7.428461484888505,10,10,7.349116563796997
152,,1.9753141527740263,0.014876570763870132,0.4986409272466387,0.8,0.8,0.8,0.9303482587064676,1.0,0.009771986970684038,0.9869706840390879,0.003257328990228013,0.39560712334874554,0.0085,0.0085,2.575,0.5971995472670689,7.333040478554121,100.0,0.24259400613655796,1.0,0.24259400613655796,7.249820817924016,-0.08321966063010507,5.834557865071739,10,10,7.736613512039185
153,,2.8295040650549357,0.014147520325274679,0.06794605543836951,1.0,1.0,1.0,1.0,1.0,0.0,0.9958333333333333,0.004166666666666667,0.3829532069028646,0.0015,0.0015,2.01,0.6492088439370158,6.222606133562862,100.0,0.35205917511011,1.0,0.35205917511011,6.868447623516962,0.6458414899541006,6.547452543988864,10,10,7.974076271057129
154,,1.7603409245674233,0.013801704622837117,0.0802715577185154,0.9,0.9,0.9,0.9430379746835443,1.0,0.00851063829787234,0.9787234042553191,0.01276595744680851,0.41140351732820274,0.0105,0.0105,2.065,0.7452260744331459,5.624143352746134,0.0,-0.19875638739532064,0.0,0.0,6.441893715272165,0.8177503625260315,6.06883883881611,10,10,7.414384126663208
155,,2.128881994330334,0.01564440997165167,0.22557912910213837,0.7,0.7,0.7,0.8987341772151899,1.0,0.017123287671232876,0.9691780821917808,0.0136986301369863,0.37781284743524157,0.016,0.016,2.775,0.493721891900961,11.389032194135972,75.0,-0.1690404628575571,0.75,0.08559312649659045,12.25148832112354,0.8624561269875689,5.895214723603653,10,10,8.056428909301758
156,,2.3794241570439434,0.016897120785219717,0.06845949687387633,0.9,0.9,0.9,0.9948453608247423,0.0,0.0,1.0,0.0,0.3441130756190832,0.0,0.0,3.085,0.7239079217840534,6.566855175182285,0.0,0.0,0.0,0.0,6.696708737081411,0.12985356189912575,5.979038674563254,10,10,8.067862749099731
157,,1.5503169810125481,0.01275158490506274,0.23208766927321753,0.7,0.7,0.7,0.8709677419354839,0.0,0.008733624454148471,0.9912663755458515,0.0,0.3400835275214049,0.0055,0.0055,2.155,0.6163720527840251,6.521425336261712,0.0,0.0,0.0,0.0,6.168559642891768,-0.3528656933699432,5.784118617216685,10,10,7.852267265319824
158,,1.9398970911858266,0.014699485455929133,0.2345789281858338,0.8,0.8,0.8,0.8953488372093024,1.0,0.015810276679841896,0.9802371541501976,0.003952569169960474,0.34679195168330623,0.002,0.002,2.275,0.5598453869553787,9.089981300231338,0.0,-0.005172191175313291,0.0,0.0,9.328390297280505,0.23840899704916707,7.250893687634957,10,10,7.655170679092407
159,,1.8058509206766566,0.014029254603383284,0.38449572324752807,0.9,0.9,0.9,0.9130434782608695,0.0,0.0,1.0,0.0,0.3762428749339306,0.0,0.0,1.705,0.782301676499679,5.459779346064604,0.0,0.0,0.0,0.0,5.7963365235178195,0.3365571774532158,6.921932099707658,10,10,7.33164381980896
160,,1.5885908054198223,0.012942954027099112,0.16675513109990528,0.4,0.4,0.4,0.7865168539325843,0.0,0.0,1.0,0.0,0.36655279152514414,0.0,0.0,2.735,0.713821678394375,5.219166718223703,0.0,0.0,0.0,0.0,6.231307536887804,1.0121408186641003,6.60469994660213,10,10,7.752935886383057
161,,1.2858758841822788,0.011429379420911394,0.1339750736951828,0.7,0.7,0.7,0.813953488372093,0.0,0.0,1.0,0.0,0.38398544383811534,0.0,0.0,2.22,0.7148528962319064,4.584390059487535,0.0,0.0,0.0,0.0,4.885745469088367,0.3013554096008322,6.732908288411866,10,10,7.415355443954468
162,,2.1042631882006813,0.015521315941003406,0.2870980717241764,0.7,0.7,0.7,0.7804878048780488,0.0,0.0034602076124567475,0.9965397923875432,0.0,0.37478744727999586,0.002,0.002,2.45,0.720586511096302,6.922810450846348,0.0,0.0,0.0,0.0,7.833641890353255,0.9108314395069076,6.030112773295998,10,10,7.87446928024292
163,,0.5893864637775295,0.007946932318887647,0.10231814477592707,0.6,0.6,0.6,0.9751552795031055,0.0,0.0,1.0,0.0,0.35852454447870696,0.0,0.0,2.365,0.27778660894202317,8.185953292314368,0.0,0.0,0.0,0.0,7.861874507334841,-0.3240787849795275,6.715666225923381,10,10,7.570203542709351
164,,2.1883009229987005,0.015941504614993503,0.23954786267131567,0.9,0.9,0.9,0.9575757575757575,1.0,0.0,0.9925925925925926,0.007407407407407408,0.34335205551583203,0.001,0.001,2.47,0.7234580820083878,6.381758589210043,0.0,-0.02008557429062678,0.0,0.0,6.545410143205544,0.16365155399550046,7.5969478689293535,10,10,8.01537299156189
165,,1.1797229807976537,0.010898614903988269,0.3797904469750144,0.7,0.7,0.7,0.8470588235294118,0.0,0.0035087719298245615,0.9964912280701754,0.0,0.3568434985583881,0.0025,0.0025,2.955,0.6031149955188241,5.8215545287642705,0.0,0.0,0.0,0.0,5.723073899226353,-0.09848062953791707,5.093093275081079,10,10,7.800365924835205
166,,2.378637263106921,0.016893186315534606,0.18098906363759723,0.7,0.7,0.7,0.7955801104972375,1.0,0.0,0.9966329966329966,0.003367003367003367,0.3305186017767119,0.003,0.003,2.72,0.7224426875242138,5.796527292291383,100.0,0.07292411213411987,1.0,0.07292411213411987,6.939143609814691,1.142616317523308,6.370800699279072,10,10,8.050618648529053
167,,2.7219889385396803,0.018609944692698402,0.2373485756771905,0.7,0.7,0.7,0.8366013071895425,1.0,0.0,0.9927536231884058,0.007246376811594203,0.3341042089161492,0.003,0.003,2.315,0.6413899754161281,10.533774760230987,0.0,-0.17842322339810357,0.0,0.0,11.035901096586137,0.502126336355151,6.8432062645675975,10,10,7.665243625640869
168,,4.239840322476779,0.021199201612383894,0.0684902440224375,1.0,1.0,1.0,1.0,0.0,0.009375,0.990625,0.0,0.32054773522987307,0.003,0.003,2.865,0.6971708671636179,8.02254082617452,0.0,0.0,0.0,0.0,9.242554339425647,1.2200135132511258,5.730287548052066,10,10,7.9698169231414795
169,,1.359674569749369,0.011798372848746845,0.04766770452260971,0.8,0.8,0.8,0.9766081871345029,0.0,0.007434944237918215,0.9851301115241635,0.007434944237918215,0.3127373562610592,0.0075,0.0075,2.89,0.48457947092903325,8.565177838708541,0.0,-0.22096702495847326,0.0,0.0,8.482214748461935,-0.08296309024660568,5.46922668870225,10,10,8.3462495803833
170,,2.130001748632855,0.015650008743164273,0.20633888042398862,0.9,0.9,0.9,0.9166666666666666,1.0,0.008403361344537815,0.9705882352941176,0.02100840336134454,0.3104531565628786,0.0135,0.0135,1.89,0.7067597898022816,7.209706926154927,40.0,0.22533464494214325,0.4,0.8572188319565023,7.834394579031686,0.6246876528767598,7.157343000565862,10,10,7.5008225440979
171,,2.6267646752109854,0.018133823376054927,0.055366099412952154,0.8,0.8,0.8,0.9884393063583815,1.0,0.0033003300330033004,0.9933993399339934,0.0033003300330033004,0.30735836242930964,0.004,0.004,2.63,0.7016948655896202,8.03837718012941,0.0,-0.005533215163177181,0.0,0.0,8.116566239341358,0.07818905921194778,7.0463742298701595,10,10,8.105824947357178
172,,3.029377508614778,0.02014688754307389,0.1471750631928444,0.7,0.7,0.7,0.9491525423728814,1.0,0.008645533141210375,0.9827089337175793,0.008645533141210375,0.30180620509233996,0.011,0.011,2.95,0.6406482053010263,10.489010366864981,66.66666666666666,0.034946709176395606,0.6666666666666666,0.11734244240403971,10.529330784776585,0.040320417911603755,7.376755928623828,10,10,7.9983625411987305
173,,1.7403722163531596,0.013701861081765798,0.24316931647412918,0.9,0.9,0.9,0.9086021505376344,0.0,0.010309278350515464,0.9896907216494846,0.0,0.28311376972540164,0.0055,0.0055,2.705,0.7591865723807829,4.362264441035799,0.0,0.0,0.0,0.0,4.7027717076231825,0.3405072665873841,7.57536893154303,10,10,7.480443954467773
174,,1.81477315660082,0.0140738657830041,0.41227065310591743,0.7,0.7,0.7,0.9299363057324841,0.0,0.003787878787878788,0.9924242424242424,0.003787878787878788,0.3048630497363083,0.002,0.002,2.28,0.5992295281680465,8.560004637526399,0.0,-0.15840807878892693,0.0,0.0,8.517579756263501,-0.042424881262897444,5.668935327209286,10,10,7.554794788360596
175,,1.8929008397191511,0.014464504198595756,0.23649576872035308,0.8,0.8,0.8,0.877906976744186,0.0,0.0,1.0,0.0,0.2930895894952992,0.0,0.0,3.98,0.7567459325526802,4.857584363077411,0.0,0.0,0.0,0.0,5.530363761714474,0.6727793986370635,6.618885324956485,10,10,7.860658407211304
176,,2.9153761121586217,0.019576880560793108,0.18798349116529736,0.7,0.7,0.7,0.8359788359788359,1.0,0.0,0.9909365558912386,0.00906344410876133,0.3223176130809006,0.005,0.005,2.925,0.7099620819178595,8.45611606509747,33.33333333333333,-0.06250956163596537,0.3333333333333333,0.26484708601499285,9.232138820741584,0.776022755644114,6.994175506470609,10,10,7.963713884353638
177,,0.14607412501841743,0.005730370625092087,0.32633331388235093,0.8,0.8,0.8,0.8589743589743589,0.0,0.005649717514124294,0.9943502824858758,0.0,0.3182154719242826,0.0015,0.0015,2.265,0.3705401776730529,5.112298374789032,0.0,0.0,0.0,0.0,4.6458342552742256,-0.46646411951480654,7.166151674432233,10,10,7.480914115905762
178,,2.036391506148414,0.01518195753074207,0.3608116118068045,0.8,0.8,0.8,0.9893617021276596,0.0,0.0,1.0,0.0,0.38247114009561484,0.0,0.0,3.15,0.549447293758176,9.059114016538901,0.0,0.0,0.0,0.0,8.997063544913665,-0.06205047162523625,5.625520186774352,10,10,8.309779405593872
179,,2.5028318275077766,0.017514159137538884,0.08851990374651822,0.9,0.9,0.9,0.9675675675675676,1.0,0.003367003367003367,0.9932659932659933,0.003367003367003367,0.3520136702619493,0.0065,0.0065,2.71,0.7606108781799662,6.307225438254541,100.0,0.01996361807234759,1.0,0.01996361807234759,7.51667086654322,1.2094454282886788,7.080403609808563,10,10,8.096685647964478
180,,3.7204856655390173,0.018602428327695087,0.07132874163133758,1.0,1.0,1.0,1.0,0.0,0.002777777777777778,0.9972222222222222,0.0,0.33535024337715,0.0015,0.0015,3.64,0.6257895933129737,9.498156080703511,0.0,0.0,0.0,0.0,10.371501264786513,0.8733451840830021,6.870205454178742,10,10,7.875073194503784
181,,1.8431271243272005,0.014215635621636002,0.27037360348871775,0.6,0.6,0.6,0.8662420382165605,0.0,0.0038461538461538464,0.9961538461538462,0.0,0.3177064767247066,0.001,0.001,2.48,0.7335504255159165,5.795287892608911,0.0,0.0,0.0,0.0,5.710804465129211,-0.08448342747970039,6.063551037368831,10,10,7.6620800495147705
182,,1.637034157683849,0.013185170788419244,0.1092270954977721,0.8,0.8,0.8,0.9299363057324841,0.0,0.003424657534246575,0.9965753424657534,0.0,0.2978317533068475,0.0005,0.0005,2.94,0.6410924849478512,5.8670248946403065,0.0,0.0,0.0,0.0,5.706239955242982,-0.16078493939732522,7.640130496846208,10,10,7.5796613693237305
183,,1.4365736648387961,0.01218286832419398,0.07980935201048851,0.9,0.9,0.9,0.9824561403508771,0.0,0.0,0.996268656716418,0.0037313432835820895,0.3237763341549726,0.0035,0.0035,2.83,0.7024560946305262,5.489363688515087,0.0,-0.3439510624865725,0.0,0.0,5.885263858059421,0.39590016954433427,5.884483307878076,10,10,7.635565280914307
184,,2.9934307384650776,0.014967153692325388,0.04030276994620051,1.0,1.0,1.0,1.0,0.0,0.01098901098901099,0.989010989010989,0.0,0.333997917223518,0.0085,0.0085,2.575,0.6900015497559133,6.584234016693414,0.0,0.0,0.0,0.0,7.2953022832359045,0.7110682665424906,6.099058305123236,10,10,7.751247406005859
185,,2.1667520062125987,0.015833760031062995,0.06895742881478685,0.9,0.9,0.9,1.0,0.0,0.0,1.0,0.0,0.3520176505270647,0.0,0.0,2.65,0.5853637647734997,8.325231735218031,0.0,0.0,0.0,0.0,8.267612198479915,-0.05761953673811679,6.55373722810973,10,10,7.413491487503052
186,,1.4884487982366532,0.012442243991183266,0.5338381941829409,0.8,0.8,0.8,0.9515151515151515,0.0,0.0,1.0,0.0,0.3235304171247408,0.0,0.0,2.905,0.6238009878289353,5.3356259722079304,0.0,0.0,0.0,0.0,5.305682242857329,-0.029943729350601894,6.427581651370399,10,10,7.686167001724243
187,,1.367418980375175,0.011837094901875875,0.4899497934750148,0.9,0.9,0.9,0.9234972677595629,0.0,0.00390625,0.99609375,0.0,0.35384661393088757,0.0045,0.0045,2.525,0.6251886305659571,6.548996276135227,0.0,0.0,0.0,0.0,6.629294861767732,0.080298585632504,7.11031632941984,10,10,7.42637300491333
188,,1.5473427701604248,0.012736713850802123,0.07833849862217904,0.7,0.7,0.7,0.8055555555555556,1.0,0.0,0.9929328621908127,0.007067137809187279,0.38736094590555875,0.0035,0.0035,2.28,0.6164809214593726,7.8616128935016825,50.0,0.13737572018206293,0.5,0.316514308432117,7.632463232442262,-0.22914966105941983,6.182566295348112,10,10,8.124673843383789
189,,3.167403355654481,0.020837016778272405,0.179888047597238,0.9,0.9,0.9,0.8670886075949367,0.0,0.0,1.0,0.0,0.40254133196307523,0.0,0.0,2.48,0.7177408390096152,8.140523952423623,0.0,0.0,0.0,0.0,8.72381796959722,0.5832940171735973,6.526106956402316,10,10,7.803847789764404
190,,1.2622893197314333,0.011311446598657167,0.42630740051919763,0.8,0.8,0.8,0.8343949044585988,0.0,0.004347826086956522,0.9956521739130435,0.0,0.3701672092440422,0.001,0.001,2.565,0.7756503776912737,3.087870809198222,0.0,0.0,0.0,0.0,4.135951962600727,1.0480811534025045,6.336802109177319,10,10,7.8060290813446045
191,,1.8540571913777564,0.014270285956888782,0.28370760306715964,0.9,0.9,0.9,0.9810126582278481,0.0,0.003787878787878788,0.9962121212121212,0.0,0.3844119858845224,0.0015,0.0015,2.56,0.6520979938938117,6.702998680402176,0.0,0.0,0.0,0.0,7.121435128991141,0.418436448588965,6.834656843964104,10,10,7.635165691375732
192,,2.3193008955581087,0.016596504477790545,0.1281365094440324,0.7,0.7,0.7,0.8563218390804598,0.0,0.0036900369003690036,0.992619926199262,0.0036900369003690036,0.3600485179913812,0.0095,0.0095,2.555,0.647698594113368,6.955890968815399,0.0,-0.4213867596456278,0.0,0.0,8.18266182075263,1.2267708519372313,6.821212691347608,10,10,7.81010365486145
193,,1.5095451849298938,0.012547725924649469,0.5204163023403713,0.8,0.8,0.8,0.9166666666666666,0.0,0.003367003367003367,0.9966329966329966,0.0,0.38815899124823044,0.0015,0.0015,3.085,0.693307514453247,5.298396185301413,0.0,0.0,0.0,0.0,6.031383707051016,0.7329875217496029,6.809536047171006,10,10,7.442394018173218
194,,1.4387553343064416,0.012193776671532208,0.03656111715827137,0.9,0.9,0.9,0.9819277108433735,1.0,0.008928571428571428,0.9866071428571429,0.004464285714285714,0.36828002344386185,0.003,0.003,2.34,0.6790701817890037,5.485102493363971,100.0,0.03516970222819982,1.0,0.03516970222819982,5.122264422642147,-0.3628380707218236,6.142031118105575,10,10,7.549790382385254
195,,1.8052914336660346,0.014026457168330174,0.3034054674208164,0.8,0.8,0.8,0.9112426035502958,0.0,0.00398406374501992,0.9920318725099602,0.00398406374501992,0.3639063136324985,0.0025,0.0025,2.445,0.7426318869865399,5.08903524784778,0.0,-0.07426328959697251,0.0,0.0,5.6607208622082394,0.5716856143604595,7.792479429378773,10,10,7.608094692230225
196,,2.7690124634765443,0.01384506231738272,0.06064894050359726,1.0,1.0,1.0,1.0,0.0,0.0,1.0,0.0,0.34427139832486864,0.0,0.0,3.2,0.6940390298477229,4.905112799225811,0.0,0.0,0.0,0.0,5.536899772679183,0.6317869734533719,6.009893250265522,10,10,7.7114012241363525
197,,1.9030721245014086,0.014515360622507044,0.17420619875192642,0.8,0.8,0.8,0.9205298013245033,0.0,0.0033003300330033004,0.9966996699669967,0.0,0.31133686686225703,0.005,0.005,2.835,0.5855118078608903,7.837845093059743,0.0,0.0,0.0,0.0,8.114403320711517,0.27655822765177446,7.103604401742877,10,10,7.604290246963501
198,,2.772266473179725,0.013861332365898624,0.044059448057051864,1.0,1.0,1.0,1.0,0.0,0.00411522633744856,0.9958847736625515,0.0,0.32260396820408643,0.0055,0.0055,2.12,0.7350915643180199,5.012908299571883,0.0,0.0,0.0,0.0,5.973404094461184,0.9604957948893014,7.086985356930335,10,10,7.638829946517944
199,,2.3769414013054213,0.016884707006527108,0.3857026019692421,0.9,0.9,0.9,0.9593023255813954,0.0,0.003125,0.996875,0.0,0.2855018902408774,0.0035,0.0035,2.84,0.8018783838040279,5.5462187970889705,0.0,0.0,0.0,0.0,7.036449097651949,1.490230300562979,6.732330404971367,10,10,7.389025449752808
200,,1.5590173776926362,0.01279508688846318,0.20498934388160706,0.7,0.7,0.7,0.8671328671328671,0.0,0.0,1.0,0.0,0.2757548331082289,0.0,0.0,2.23,0.6168156163696948,6.178189785233907,0.0,0.0,0.0,0.0,5.854005332723328,-0.32418445251057926,6.746950354713728,10,10,7.1497642993927
200,Random,-0.2379994869054113,-0.0011899974345270566,0.0,0.0,0.0,0.0,0.16455696202531644,0.5135135135135135,0.115,0.2325,0.6525,0.6470152334458854,0.0755,0.0755,0.12,1.0,0.0,35.714285714285715,-95.3003606577792,0.35714285714285715,0.2646771904956045,-0.2379994869054113,-0.2379994869054113,0.0,10,10,0.0
200,Local-Only,0.12811410653956493,0.0006405705326978247,0.0,0.0,0.0,0.0,0.6243093922651933,0.0,1.0,0.0,0.0,1.0,0.7255,0.7255,0.0,1.0,0.0,0.0,0.0,0.0,0.0,0.12811410653956493,0.12811410653956493,0.0,10,10,0.0
200,Greedy,2.54993819853487,0.01274969099267435,0.0,0.8,0.8,0.8,0.9050279329608939,0.0,0.875,0.125,0.0,1.0,0.003,0.003,2.99,1.0,0.0,0.0,0.0,0.0,0.0,2.54993819853487,2.54993819853487,0.0,10,10,0.0
200,Oracle-Min,1.236078608607882,0.006180393043039411,0.0,0.7,0.7,0.7,0.9212121212121213,1.0,0.9025,0.073,0.0245,0.0975,0.1135,0.1135,1.635,1.0,0.0,100.0,0.2228557675160553,1.0,0.2228557675160553,1.236078608607882,1.236078608607882,0.0,10,10,0.0
200,EFT,2.0199152031703465,0.010099576015851732,0.0,0.7,0.7,0.7,0.9605263157894737,1.0,0.8935,0.0785,0.028,0.002653799392767805,0.1125,0.1125,1.725,1.0,0.0,100.0,0.2916858439179347,1.0,0.2916858439179347,2.0199152031703465,2.0199152031703465,0.0,10,10,0.0
200,CP-EFT,1.0826410502605894,0.005413205251302947,0.0,0.2,0.2,0.2,0.7108433734939759,0.8484848484848485,0.9175,0.059,0.0235,0.0026828680696592737,0.109,0.109,1.37,1.0,0.0,100.0,0.27525534115171174,1.0,0.27525534115171174,1.0826410502605894,1.0826410502605894,0.0,10,10,0.0
200,LB-Greedy,1.5990431612562295,0.007995215806281148,0.0,0.4,0.4,0.4,0.7151162790697675,0.9444444444444444,0.895,0.079,0.026,0.0027531344909399813,0.1005,0.1005,1.69,1.0,0.0,100.0,0.2189198422699566,1.0,0.2189198422699566,1.5990431612562295,1.5990431612562295,0.0,10,10,0.0
200,Static,2.313500086717933,0.011567500433589666,0.0,0.5,0.5,0.5,0.8212290502793296,0.0,0.4945,0.5055,0.0,1.0,0.148,0.148,2.33,1.0,0.0,0.0,0.0,0.0,0.0,2.313500086717933,2.313500086717933,0.0,10,10,0.0
201,,1.3415556737975285,0.011707778368987643,0.06942160113248974,0.8,0.8,0.8,0.9700598802395209,0.0,0.0,1.0,0.0,0.2825947895848658,0.0,0.0,2.585,0.42709219595708786,9.993802619339133,0.0,0.0,0.0,0.0,9.621273749355588,-0.37252886998354523,6.710775850458854,10,10,7.770905017852783
202,,1.4962828860952126,0.012481414430476062,0.2390615314245224,0.7,0.7,0.7,0.9461077844311377,0.0,0.0,1.0,0.0,0.292957885524258,0.0,0.0,2.55,0.7298938201898205,5.009112843856133,0.0,0.0,0.0,0.0,5.06765878571702,0.05854594186088699,4.400054551963112,10,10,8.379358291625977
203,,0.47333691018347346,0.007366684550917367,0.38157283599887576,0.6,0.6,0.6,0.8045977011494253,0.0,0.0,1.0,0.0,0.27071862910669003,0.0,0.0,2.705,0.5702387431482999,4.530143395789046,0.0,0.0,0.0,0.0,4.3328452816727605,-0.19729811411628495,5.674838750807622,10,10,8.37658143043518
204,,2.9801782160214905,0.014900891080107453,0.07399492710828781,1.0,1.0,1.0,1.0,0.0,0.007575757575757576,0.9886363636363636,0.003787878787878788,0.2699086027743324,0.005,0.005,2.475,0.6183183724192051,7.424227586115652,100.0,0.0628485498799877,1.0,0.0628485498799877,8.344892632054266,0.9206650459386145,6.646448995315647,10,10,7.613263130187988
205,,1.966577707959444,0.01483288853979722,0.1412228443301641,0.8,0.8,0.8,0.9862068965517241,0.0,0.0,1.0,0.0,0.244723455829022,0.0,0.0,2.52,0.380263052540689,13.44354470600855,0.0,0.0,0.0,0.0,13.104297355565318,-0.3392473504432313,6.516055120622014,10,10,7.882771730422974
206,,1.6789476790819045,0.013394738395409523,0.048530047616133325,0.9,0.9,0.9,1.0,1.0,0.006802721088435374,0.9863945578231292,0.006802721088435374,0.2743615485331247,0.0075,0.0075,3.42,0.55345198801477,8.923344009239646,100.0,0.15628052876057502,1.0,0.15628052876057502,8.732109941317411,-0.19123406792223374,7.45093918082873,10,10,7.77119779586792
207,,1.794021831106837,0.013970109155534184,0.26487829471970425,0.8,0.8,0.8,0.9151515151515152,0.0,0.0,1.0,0.0,0.2525527948966737,0.0,0.0,2.465,0.667066285673005,5.965454591118886,0.0,0.0,0.0,0.0,5.763908317515107,-0.2015462736037785,6.926702686571599,10,10,7.7723424434661865
208,,1.4883375990543213,0.012441687995271606,0.10015251732298307,0.7,0.7,0.7,0.891156462585034,1.0,0.0,0.9961389961389961,0.003861003861003861,0.23974408035876696,0.0005,0.0005,2.56,0.4271061742153699,8.9674504343202,100.0,0.07244473133695678,1.0,0.07244473133695678,8.725610601866132,-0.24183983245406812,6.385309530375731,10,10,7.378283500671387
209,,2.573841188395979,0.017869205941979896,0.23491832188197545,0.8,0.8,0.8,0.9177215189873418,0.0,0.006153846153846154,0.9907692307692307,0.003076923076923077,0.26746577412984335,0.006,0.006,3.34,0.517853390450863,10.254572674907754,0.0,-0.29459570468980195,0.0,0.0,10.148172488286843,-0.10640018662091072,6.700348181691592,10,10,8.509458541870117
210,,2.1914645764026104,0.015957322882013052,0.2619532509573868,0.9,0.9,0.9,0.9329608938547486,0.0,0.0,1.0,0.0,0.23915822785691127,0.0,0.0,2.99,0.5403345203149749,9.92031227662246,0.0,0.0,0.0,0.0,10.742781858001353,0.8224695813788939,6.140823042490285,10,10,8.132376194000244
211,,0.8424332568625059,0.00921216628431253,0.31367213604971766,0.8,0.8,0.8,0.8609625668449198,0.0,0.0040650406504065045,0.9959349593495935,0.0,0.23528112723366576,0.0,0.0,2.425,0.3354477271636219,9.419870960093887,0.0,0.0,0.0,0.0,9.29876286033538,-0.1211080997585061,7.23129713286673,10,10,8.02243947982788
212,,2.5475545221376064,0.01773777261068803,0.23050180077552795,0.8,0.8,0.8,0.9320987654320988,0.0,0.0029498525073746312,0.9941002949852508,0.0029498525073746312,0.27712316113841373,0.004,0.004,3.455,0.7379139758016539,7.448048647548861,0.0,-0.06952728970989203,0.0,0.0,8.608322315393348,1.1602736678444876,6.352543407986582,10,10,7.865039825439453
213,,2.1599568045896795,0.015799784022948397,0.06284844279289245,0.7,0.7,0.7,0.7608695652173914,0.0,0.0071174377224199285,0.9928825622775801,0.0,0.31292409552866596,0.0015,0.0015,2.525,0.8455489711642262,3.9392328605432683,0.0,0.0,0.0,0.0,5.843724897515869,1.9044920369726006,6.13310935585242,10,10,8.042961120605469
214,,2.6701205102997547,0.018350602551498774,0.3386341639690929,0.7,0.7,0.7,0.7894736842105263,0.0,0.0029498525073746312,0.9970501474926253,0.0,0.2846779719058104,0.0025,0.0025,3.285,0.678603413743696,8.440861838111337,0.0,0.0,0.0,0.0,9.118462981621324,0.6776011435099873,5.866833459521805,10,10,7.7891082763671875
215,,1.2189964000330322,0.011094982000165161,0.11193114053457975,0.9,0.9,0.9,0.9943502824858758,1.0,0.0,0.9961977186311787,0.0038022813688212928,0.3146053422595724,0.0025,0.0025,2.925,0.5320706507152513,7.870372129751472,100.0,1.2663618588632144,1.0,1.2663618588632144,7.593722747938763,-0.2766493818127097,6.7916376340469995,10,10,7.7887256145477295
216,,2.683255484962122,0.01841627742481061,0.3774720013141632,0.9,0.9,0.9,0.9186046511627907,0.0,0.0,1.0,0.0,0.31784841220098314,0.0,0.0,2.495,0.6640366236698519,6.703604990329957,0.0,0.0,0.0,0.0,7.686566604519864,0.9829616141899075,6.724242919658036,10,10,7.675783157348633
217,,1.6860795882292496,0.013430397941146248,0.21878321859098615,0.8,0.8,0.8,0.9259259259259259,0.0,0.004273504273504274,0.9957264957264957,0.0,0.31177346682990903,0.001,0.001,2.34,0.7635214598083558,4.603602483039142,0.0,0.0,0.0,0.0,5.358630038200539,0.7550275551613972,7.1662483467713365,10,10,7.841058015823364
218,,1.8996517742282641,0.01449825887114132,0.05240734722465277,0.9,0.9,0.9,0.9835164835164835,0.0,0.003424657534246575,0.9965753424657534,0.0,0.342642739726929,0.0015,0.0015,2.74,0.6360205784368134,6.123025007584216,0.0,0.0,0.0,0.0,6.423803050258421,0.30077804267420505,7.302364484503477,10,10,7.722161769866943
219,,1.4547702750615592,0.012273851375307796,0.1888841675860541,0.7,0.7,0.7,0.8653846153846154,0.0,0.0,0.9952153110047847,0.004784688995215311,0.30263663603953317,0.001,0.001,2.035,0.4727686797307458,9.531903253051153,100.0,0.02201930193346524,1.0,0.02201930193346524,9.350227027088778,-0.18167622596237626,6.6840127640363125,10,10,7.66229248046875
220,,1.3522908764494366,0.011761454382247183,0.507621198454324,0.6,0.6,0.6,0.9438202247191011,0.0,0.0,0.996875,0.003125,0.30393138479441406,0.0025,0.0025,3.355,0.480981522851415,7.314927186366404,100.0,1.1145691170683458,1.0,1.1145691170683458,7.145529063099111,-0.16939812326729356,6.0637675276570135,10,10,8.785387992858887
221,,2.1601431544733884,0.01580071577236694,0.4508081112395633,0.8,0.8,0.8,0.9382716049382716,1.0,0.0,0.9923954372623575,0.0076045627376425855,0.30239933650869355,0.0035,0.0035,2.64,0.7250390859900228,6.2510394771174935,100.0,0.26738187775588157,1.0,0.26738187775588157,6.113564840291534,-0.13747463682595934,7.679353554572029,10,10,7.793044090270996
222,,3.30682519601874,0.016534125980093697,0.05256325733803567,1.0,1.0,1.0,1.0,1.0,0.010380622837370242,0.986159169550173,0.0034602076124567475,0.31123764353182926,0.009,0.009,2.92,0.8403907340026264,3.952234913490818,100.0,0.6719532051879307,1.0,0.6719532051879307,5.213879072143035,1.2616441586522171,6.671619400865322,10,10,7.589839935302734
223,,2.595585228581205,0.017977926142906026,0.1455593705177307,0.8,0.8,0.8,0.98125,0.0,0.012738853503184714,0.9872611464968153,0.0,0.31068942907894964,0.0145,0.0145,2.945,0.5690802837195856,8.84721257159786,0.0,0.0,0.0,0.0,8.679277435987267,-0.16793513561059265,7.1422987851668065,10,10,7.94100022315979
224,,0.5891162804032142,0.007945581402016072,0.4314641090376036,0.5,0.5,0.5,0.847953216374269,0.75,0.013636363636363636,0.9681818181818181,0.01818181818181818,0.30087596251728244,0.024,0.024,2.345,0.4498628762469441,5.169696022885102,25.0,-0.3861502444645531,0.25,0.5559144973829337,4.961628681082621,-0.20806734180248104,6.65490793067166,10,10,8.051857709884644
225,,1.3407075651013889,0.011703537825506944,0.18002567854192522,0.8,0.8,0.8,0.9090909090909091,0.0,0.0,0.9914529914529915,0.008547008547008548,0.31171388492686675,0.0025,0.0025,2.64,0.4201087702992308,10.209468576197454,50.0,0.1536122049011879,0.5,0.34579841231958736,9.980208993275678,-0.22925958292177587,7.343879073221666,10,10,7.606766939163208
226,,2.7300131754699475,0.013650065877349737,0.08910489231348037,1.0,1.0,1.0,1.0,1.0,0.008064516129032258,0.9879032258064516,0.004032258064516129,0.3277749917508336,0.0095,0.0095,2.185,0.8180139832269032,4.0440851144979355,0.0,-0.08363879210058461,0.0,0.0,5.467059127403372,1.422974012905437,6.10613762002291,10,10,7.841235637664795
227,,1.887490945900348,0.01443745472950174,0.2544176740571856,0.7,0.7,0.7,0.8988095238095238,0.0,0.010752688172043012,0.989247311827957,0.0,0.3052119431019819,0.007,0.007,2.665,0.509584086799625,10.11477243683424,0.0,0.0,0.0,0.0,9.795894711695487,-0.3188777251387525,6.659384019793183,10,10,8.130070447921753
228,,2.0658636817101015,0.015329318408550507,0.006291589544465144,0.9,0.9,0.9,0.9934640522875817,0.0,0.008,0.988,0.004,0.29108425106437064,0.0005,0.0005,2.12,0.6384092697351038,8.540576890808634,0.0,-0.0064905049192763575,0.0,0.0,8.521708459066808,-0.018868431741825693,6.615130495333856,10,10,7.965209722518921
229,,1.5920892956455108,0.012960446478227554,0.06073394519361583,0.8,0.8,0.8,0.8442211055276382,0.0,0.007722007722007722,0.9922779922779923,0.0,0.2977022467499919,0.0065,0.0065,2.245,0.6578881785337592,5.365217225153127,0.0,0.0,0.0,0.0,5.408243307333958,0.04302608218083133,5.571798056978255,10,10,8.159586906433105
230,,2.3813908796229377,0.01690695439811469,0.15494833055597085,0.8,0.8,0.8,0.8961748633879781,1.0,0.003436426116838488,0.993127147766323,0.003436426116838488,0.27877734489920475,0.006,0.006,2.535,0.6576853129553375,6.842930384245251,100.0,0.3324162470082828,1.0,0.3324162470082828,7.162454628588173,0.3195242443429225,6.790162058549999,10,10,7.830196857452393
231,,0.9618280598111382,0.00980914029905569,0.05461527711965821,0.7,0.7,0.7,0.9612903225806452,1.0,0.0,0.990521327014218,0.009478672985781991,0.21555080020726017,0.003,0.003,2.435,0.500451581252416,6.057306962418822,50.0,-0.14123986298035704,0.5,0.047601087845752066,5.8561294886325275,-0.20117747378629441,6.217993592363149,10,10,7.632701873779297
232,,0.501184171023928,0.00750592085511964,0.6695705950260162,0.7,0.7,0.7,0.9454545454545454,1.0,0.007722007722007722,0.9884169884169884,0.003861003861003861,0.270425854077439,0.0125,0.0125,2.685,0.5584310137484585,4.422067931001341,100.0,0.8532992945849147,1.0,0.8532992945849147,4.287168786656405,-0.13489914434493555,7.039429796306262,10,10,7.768415212631226
233,,1.4393173616748154,0.012196586808374077,0.06227866467088461,0.8,0.8,0.8,0.9710144927536232,1.0,0.0035971223021582736,0.9892086330935251,0.007194244604316547,0.2317516970601573,0.006,0.006,2.55,0.5391792340552676,7.330678717391925,100.0,0.04473122062254513,1.0,0.04473122062254513,7.1622781117616885,-0.16840060563023712,6.207021362108725,10,10,7.981289386749268
234,,2.9026766883632034,0.014513383441816017,0.24661728739738464,1.0,1.0,1.0,1.0,1.0,0.004201680672268907,0.9831932773109243,0.012605042016806723,0.22584621504068492,0.01,0.01,1.865,0.8225119478160781,4.492007983689334,66.66666666666666,-0.0005979253187365178,0.6666666666666666,0.22267932437475046,5.984041716292069,1.4920337326027355,6.73651255347731,10,10,7.37205171585083
235,,1.2522407639639797,0.011261203819819899,0.06200326738112113,0.8,0.8,0.8,0.8834355828220859,1.0,0.004524886877828055,0.9909502262443439,0.004524886877828055,0.21676214868675742,0.004,0.004,2.405,0.4076347680933431,10.400930440213902,0.0,-0.34657875442323155,0.0,0.0,10.079937584906585,-0.32099285530731725,6.576860549986931,10,10,7.3849406242370605
236,,1.8682260065192686,0.014341130032596343,0.09639621443218654,0.9,0.9,0.9,0.961038961038961,0.0,0.0036101083032490976,0.9927797833935018,0.0036101083032490976,0.2140412126176525,0.0095,0.0095,3.015,0.7280863512764281,6.369895280783072,0.0,-1.224435859501573,0.0,0.0,6.188868204373706,-0.18102707640936652,5.512895850834714,10,10,7.7301647663116455
237,,1.9909412696610431,0.014954706348305216,0.31937684225184576,0.8,0.8,0.8,0.9122807017543859,0.0,0.006191950464396285,0.9876160990712074,0.006191950464396285,0.1875723666818085,0.015,0.015,3.22,0.737290575625756,6.7030380565682925,0.0,-0.2295025593688293,0.0,0.0,6.9658634966782635,0.26282544010997083,5.4552176498774,10,10,8.138742208480835
238,,1.6451095674919962,0.01322554783745998,0.300247542205311,0.7,0.7,0.7,0.7906976744186046,0.0,0.0,1.0,0.0,0.17836375818015948,0.0,0.0,2.635,0.2990400555461387,14.489598430367375,0.0,0.0,0.0,0.0,14.122464274375755,-0.36713415599162025,7.062737386906451,10,10,8.177389860153198
239,,1.837276295402483,0.014186381477012415,0.23059368133544922,0.9,0.9,0.9,0.9935483870967742,0.0,0.008583690987124463,0.9914163090128756,0.0,0.23673359708574027,0.004,0.004,2.06,0.7679338126824583,5.184798638843579,0.0,0.0,0.0,0.0,5.006339573967172,-0.17845906487640684,6.2240505510427555,10,10,8.22429871559143
240,,1.1473203072716225,0.010736601536358113,0.20128599856177282,0.9,0.9,0.9,0.8852459016393442,0.0,0.013574660633484163,0.9864253393665159,0.0,0.22368912062724122,0.003,0.003,1.785,0.8275318917866268,3.496619166644826,0.0,0.0,0.0,0.0,4.181810835323307,0.6851916686784812,7.061412951678892,10,10,7.885158538818359
241,,1.4809838530644917,0.012404919265322459,0.35339611337373134,0.8,0.8,0.8,0.9578313253012049,0.0,0.0,1.0,0.0,0.2854758696510289,0.0,0.0,2.235,0.6075041923378185,6.220772781542192,0.0,0.0,0.0,0.0,6.146489765809639,-0.07428301573255366,6.93137597267774,10,10,8.06478214263916
242,,2.283351178660159,0.016416755893300793,0.1825584196127378,0.6,0.6,0.6,0.8666666666666667,0.0,0.0,1.0,0.0,0.1902786166237747,0.0,0.0,3.425,0.6586447438803876,6.595615232383104,0.0,0.0,0.0,0.0,7.471696600998748,0.876081368615644,5.929459120270951,10,10,7.705670118331909
243,,2.3491606744813023,0.016745803372406512,0.4863048217126301,0.9,0.9,0.9,0.9932885906040269,0.0,0.0,1.0,0.0,0.20679935524282336,0.0,0.0,2.865,0.7487840347941526,7.061457337965442,0.0,0.0,0.0,0.0,7.508416322430447,0.446958984465005,5.477691198193425,10,10,7.761601686477661
244,,2.6163225297117205,0.018081612648558603,0.38868171189512524,0.8,0.8,0.8,0.9739583333333334,0.0,0.0,1.0,0.0,0.18811011602878716,0.0,0.0,2.52,0.6294879957375552,8.535748284471259,0.0,0.0,0.0,0.0,8.33001620699537,-0.2057320774758886,6.4841725133352375,10,10,7.93678879737854
245,,0.7575735968972659,0.008787867984486329,0.07151222741231322,0.7,0.7,0.7,0.9417989417989417,1.0,0.0,0.9957264957264957,0.004273504273504274,0.19418889069466969,0.003,0.003,2.425,0.5161099262613854,5.123356538293561,0.0,-0.15884351727525375,0.0,0.0,5.001741312346413,-0.12161522594714817,7.274915169406188,10,10,8.406373739242554
246,,2.3156138244778486,0.016578069122389242,0.24408594220876695,0.8,0.8,0.8,0.8834355828220859,0.0,0.0,1.0,0.0,0.18905875922925316,0.0,0.0,2.645,0.6640615171167041,7.268300507235797,0.0,0.0,0.0,0.0,8.26112923582926,0.9928287285934634,5.8028145620240625,10,10,7.872461318969727
247,,2.3673880661711366,0.016836940330855685,0.08599894411034054,0.8,0.8,0.8,0.9821428571428571,0.0,0.0033783783783783786,0.9966216216216216,0.0,0.2396096624470083,0.008,0.008,3.2,0.6819303812398647,7.412529695730787,0.0,0.0,0.0,0.0,7.2151434889480806,-0.19738620678270674,4.933460346651986,10,10,8.333492040634155
248,,1.3340605566314947,0.011670302783157473,0.11676565557718277,0.6,0.6,0.6,0.8670520231213873,0.0,0.0,1.0,0.0,0.2034204106004181,0.0,0.0,3.355,0.6736888072553328,5.226229194994555,0.0,0.0,0.0,0.0,5.066952360350265,-0.1592768346442898,6.434043647453337,10,10,8.079108715057373
249,,1.690327273850158,0.01345163636925079,0.08187103681266308,0.8,0.8,0.8,0.9542857142857143,0.0,0.0,1.0,0.0,0.18128003880823917,0.0,0.0,2.445,0.5261260982100278,8.571230642615154,0.0,0.0,0.0,0.0,8.400916645082178,-0.17031399753297585,6.606381902421667,10,10,7.555341720581055
250,,1.5003636717496613,0.012501818358748307,0.49427729845046997,0.9,0.9,0.9,0.9349112426035503,0.0,0.0,1.0,0.0,0.18150437212555232,0.0,0.0,2.505,0.797281678240155,3.6335466905449065,0.0,0.0,0.0,0.0,4.480045177291817,0.8464984867469105,6.018400309445178,10,10,7.35285496711731
251,,2.9124718070197555,0.019562359035098776,0.25044968475898105,0.9,0.9,0.9,0.9497206703910615,0.0,0.0,1.0,0.0,0.22902949295108554,0.0,0.0,2.905,0.7149758627162103,6.866077243119259,0.0,0.0,0.0,0.0,8.030790444717049,1.1647132015977895,6.528859949895993,10,10,7.9562177658081055
252,,1.0777895846085555,0.010388947923042777,0.45339387003332376,0.8,0.8,0.8,0.9548022598870056,0.0,0.0,1.0,0.0,0.19083946191817086,0.0,0.0,2.43,0.5690653526030227,6.605210479535657,0.0,0.0,0.0,0.0,6.601996490036914,-0.003213989498742919,7.781628090697898,10,10,7.745560646057129
253,,3.1937946424403583,0.015968973212201792,0.05059935647095072,1.0,1.0,1.0,1.0,0.0,0.0,1.0,0.0,0.22444545084857237,0.0,0.0,2.99,0.6648462342915801,6.588892696324505,0.0,0.0,0.0,0.0,7.2263834477764135,0.6374907514519088,7.3553167313965435,10,10,7.560222148895264
254,,1.5335564275083708,0.012667782137541854,0.44490127536383545,0.9,0.9,0.9,0.9411764705882353,0.0,0.0,1.0,0.0,0.2050419953883502,0.0,0.0,2.165,0.7560229452964512,4.294024291131046,0.0,0.0,0.0,0.0,5.196242264116006,0.9022179729849606,6.581655827239483,10,10,7.700707674026489
255,,3.015864504096096,0.020079322520480482,0.20271622079114118,0.6,0.6,0.6,0.7954545454545454,0.0,0.0,1.0,0.0,0.2501737243923744,0.0,0.0,3.445,0.862276547473367,5.744118811636787,0.0,0.0,0.0,0.0,6.979143274890566,1.2350244632537783,5.792946164068603,10,10,8.636928081512451
256,,1.9813805347647993,0.014906902673823996,0.05841642307738463,0.8,0.8,0.8,0.8961038961038961,0.0,0.0,1.0,0.0,0.2015332890783211,0.0,0.0,1.915,0.6461065562557627,7.88072589012884,0.0,0.0,0.0,0.0,8.290055533160523,0.4093296430316827,6.362020808600703,10,10,7.5897088050842285
257,,1.7824188394479923,0.013912094197239962,0.25101294244329136,0.8,0.8,0.8,0.9548387096774194,0.0,0.0,1.0,0.0,0.20635648330492587,0.0,0.0,2.76,0.7419587095601847,5.297239357682654,0.0,0.0,0.0,0.0,5.615309132106405,0.31806977442375056,6.170894477803463,10,10,7.594625234603882
258,,1.8808041924597028,0.009404020962298514,0.06969227544639421,1.0,1.0,1.0,1.0,0.0,0.0,1.0,0.0,0.16336918876759046,0.0,0.0,2.22,0.5824033133679858,5.355383645631552,0.0,0.0,0.0,0.0,5.267777810630885,-0.08760583500066677,7.661927210850755,10,10,7.425899028778076
259,,2.3556360813311734,0.016778180406655865,0.13020533549063135,0.9,0.9,0.9,0.9385474860335196,0.0,0.0,1.0,0.0,0.20775720802778597,0.0,0.0,2.895,0.6534990072945304,7.315040737979149,0.0,0.0,0.0,0.0,8.122881533679381,0.8078407957002322,7.431065422190527,10,10,7.570937871932983
260,,1.1986846249404959,0.01099342312470248,0.35558853670954704,0.6,0.6,0.6,0.8833333333333333,0.0,0.0,1.0,0.0,0.17896718183272378,0.0,0.0,2.705,0.48633165783190135,7.478591161601228,0.0,0.0,0.0,0.0,7.144096080316579,-0.3344950812846489,6.6182126436853075,10,10,7.696632623672485
261,,0.5955630715477065,0.007977815357738532,0.1913873329758644,0.7,0.7,0.7,0.8595505617977528,1.0,0.0,0.9947089947089947,0.005291005291005291,0.1504222635003116,0.002,0.002,2.015,0.6434449593834681,3.8581635472570905,0.0,-0.08854010015440478,0.0,0.0,3.597205778084074,-0.26095776917301694,7.864561483281897,10,10,7.599069595336914
262,,2.2380660455989294,0.016190330227994647,0.3231000869224469,0.6,0.6,0.6,0.7849462365591398,0.0,0.0,0.9972144846796658,0.002785515320334262,0.1830070486962868,0.0005,0.0005,3.75,0.5938732518830904,9.270844453520445,0.0,-0.049947173236190356,0.0,0.0,9.056668695751583,-0.21417575776886139,6.260608728745661,10,10,8.231686353683472
263,,1.386228229717151,0.011931141148585756,0.5262106284499168,0.9,0.9,0.9,0.9829545454545454,0.0,0.0,1.0,0.0,0.16301952426454228,0.0,0.0,2.665,0.6203285503088608,6.192596409176663,0.0,0.0,0.0,0.0,6.529000199838815,0.3364037906621518,6.840473700354365,10,10,7.411498308181763
264,,1.5733313177830288,0.012866656588915145,-0.02955786883831024,0.9,0.9,0.9,1.0,0.0,0.0,0.9957446808510638,0.00425531914893617,0.16038540695800657,0.0025,0.0025,2.075,0.6731239425224025,5.641268185500967,0.0,-0.08033839901125595,0.0,0.0,5.456152527203745,-0.185115658297222,6.98127530323326,10,10,7.506045818328857
265,,2.046643041143193,0.015233215205715965,0.40159295925072264,0.8,0.8,0.8,0.9534883720930233,0.0,0.0,1.0,0.0,0.1678904087126175,0.0,0.0,2.7,0.7697244013120081,5.850937214194277,0.0,0.0,0.0,0.0,6.890859449683287,1.0399222354890105,6.5886922492043105,10,10,8.156094789505005
266,,3.4354842752863632,0.022177421376431816,0.15373599316392625,0.6,0.6,0.6,0.8361581920903954,0.0,0.0,1.0,0.0,0.20914589366780273,0.0,0.0,3.685,0.6768119777926549,8.884898403125652,0.0,0.0,0.0,0.0,8.697147860130586,-0.18775054299506527,6.13408943701416,10,10,8.200473308563232
267,,0.1214349395113421,0.005607174697556711,0.08106043200407709,0.7,0.7,0.7,0.8920454545454546,0.0,0.0,1.0,0.0,0.1488222238794624,0.0,0.0,2.53,0.5103769714188451,3.4171425656297867,0.0,0.0,0.0,0.0,3.136277885049781,-0.2808646805800057,7.136558236251216,10,10,7.793807744979858
268,,1.9166198760658295,0.014583099380329147,0.4450311308557337,0.8,0.8,0.8,0.9693251533742331,0.0,0.0,1.0,0.0,0.14260492563845037,0.0,0.0,2.615,0.746489965649248,5.744445071551383,0.0,0.0,0.0,0.0,5.625841894203718,-0.11860317734766586,6.4794737443335295,10,10,7.600216388702393
269,,3.0809891333821087,0.015404945666910544,0.06536327632410185,1.0,1.0,1.0,1.0,0.0,0.0,1.0,0.0,0.1721218911914816,0.0,0.0,2.475,0.627513577267929,7.431992425993471,0.0,0.0,0.0,0.0,8.705390821272331,1.2733983952788601,7.184313471502798,10,10,7.673306941986084
270,,2.579054424363317,0.012895272121816586,0.09135107839336762,1.0,1.0,1.0,1.0,0.0,0.0,1.0,0.0,0.18118212148828025,0.0,0.0,2.735,0.7465713405455721,4.341134381578542,0.0,0.0,0.0,0.0,4.686397387177866,0.34526300559932377,6.624472345664485,10,10,7.553025484085083
271,,1.7967121134188626,0.013983560567094313,0.5150254326207298,0.7,0.7,0.7,0.9726775956284153,0.0,0.0,0.9969230769230769,0.003076923076923077,0.18936232833284886,0.003,0.003,3.025,0.6456044611871181,6.951796421087912,0.0,-0.18689572347439942,0.0,0.0,6.978863516944779,0.027067095856867503,6.8891572965967125,10,10,7.584728002548218
272,,1.728514926823299,0.013642574634116495,0.305833662257475,0.6,0.6,0.6,0.8089171974522293,0.0,0.0,1.0,0.0,0.17421645127783994,0.0,0.0,3.275,0.3582687687405185,10.070807189756202,0.0,0.0,0.0,0.0,9.912222516602984,-0.15858467315321806,6.084814188462534,10,10,8.367814064025879
273,,0.6470214668262395,0.008235107334131197,0.13954274630860278,0.6,0.6,0.6,0.9526627218934911,0.0,0.0,1.0,0.0,0.21774178810075318,0.0,0.0,2.68,0.36943479700467413,7.360266057463703,0.0,0.0,0.0,0.0,7.027471343776461,-0.33279471368724234,6.237451179064085,10,10,8.031545639038086
