episode,steps,physical_steps,decision_steps,active_decision_ratio,wall_time,sim_time,termination_reason_raw,termination_reason_bucket,reward_mean,reward_total,episode_reward,reward_p95,reward_abs_mean,vehicle_sr,task_sr,subtask_sr,task_duration_mean,task_duration_p95,completed_tasks,mean_cft_completed,episode_time_seconds,mean_r_prog,mean_r_term,mean_cost_power,mean_cost_trust,energy_mean,energy_p95,t_tx_mean,dT_eff_mean,deadline_misses,deadline_miss_rate,ratio_local,ratio_rsu,ratio_v2v,decision_frac_local,decision_frac_rsu,decision_frac_v2v,avg_power,avg_rsu_queue,rsu_queue_p95,power_ratio_mean,power_ratio_p95,I_total_p50,I_total_p95,I_caused_mean,I_caused_p95,tx_created,same_node_no_tx,service_rate_ghz,idle_fraction,time_limit_rate,illegal_action_rate,illegal_action_ratio,no_task_rate,on_task_rate,has_task_available_rate,v2v_link_break_rate,unified_illegal_trigger_rate,hard_trigger_rate,abs_ratio_r_time,abs_ratio_r_energy,abs_ratio_r_interf,abs_ratio_r_term,reward_clip_hit_count,reward_clip_hit_rate,abs_ratio_basis,r_prog_on_task_mean,r_prog_on_task_abs_mean,abs_ratio_on_task_r_prog,abs_ratio_on_task_r_term,actor_loss,critic_loss,critic_loss_raw_mean,normalized_value_loss,entropy,approx_kl,clip_frac,cost_power_value_loss,cost_trust_value_loss,lambda_power,lambda_trust,grad_norm,active_ratio,actor_update_active_frac,value_clip_fraction,critic_loss_active,critic_loss_inactive,mode_aux_loss,mode_aux_acc,ppo_epochs_executed,num_minibatches_executed,mb_kl_max,mb_kl_p95,early_stop_epoch_idx,early_stop_batch_idx,skipped_update_count,early_stop,lr,bias_rsu,bias_local
1,200,200,168,0.84,22.026044845581055,20.0,time_limit,time_limit,-0.000916117976885289,-1.1832235870497432,-1.1832235870497432,0.0006110648566391316,0.001400097506120801,0.15,0.15,0.6271929824561403,1.5234695706070485,1.816329080817757,3,1.5234695706070485,20.000000000000014,0.001097487154466446,-0.010258666506953604,0.135999159392102,0.0,0.13599915939210194,0.9851781244475186,0.014476633361821603,0.0,17,0.85,0.26785714285714285,0.4523809523809524,0.27976190476190477,0.26785714285714285,0.4523809523809524,0.27976190476190477,0.5004644569428638,0.17,1.049999999999983,0.5007175850797432,0.863756465911865,0.0,0.0,4.086387044716089e-12,0.0,123,45,2.6340783311999982,0.0,1.0,0.0,0.0,0.958,0.04200000000000004,0.04200000000000004,0.0,0.0,0.0,nan,0.0,nan,1.0,0,0.0,unified_mainline,-0.005812741985950219,0.0268607383866329,0.38671997936696473,0.6132800206330354,-0.007638933882117271,7.3512531280517575,7.3512531280517575,7.351253318786621,1.9097836017608643,0.009043213445693254,0.07857142984867097,628.500732421875,0.015964977256953717,0.0,0.0,23.566809022426604,1.0,1.0,0.8345238149166108,7.351253318786621,0.0,,,5,5,0.01081172376871109,0.0107408219948411,-1,-1,0,False,0.0002,0.0,0.0
2,200,200,194,0.97,18.10861110687256,20.0,time_limit,time_limit,-0.0010764285689219832,-1.2152857197148128,-1.2152857197148128,0.0010299772839061912,0.0016066550742834806,0.1,0.1,0.6724137931034483,2.165301726757598,2.3695945454394356,2,2.165301726757598,20.000000000000014,0.0012992396255539068,-0.01206352561129455,0.07923936407632319,0.0,0.0792393640763233,0.9630145597488721,0.00828189378906357,0.0,17,0.85,0.29381443298969073,0.4381443298969072,0.26804123711340205,0.29381443298969073,0.4381443298969072,0.26804123711340205,0.49654835451144025,0.235,1.049999999999983,0.4950282384032269,0.8531121969223022,0.0,0.0,3.0831442000139875e-12,0.0,125,53,3.1444958908135794,0.0,1.0,0.0,0.0,0.9515,0.04849999999999999,0.04849999999999999,0.0,0.0,0.0,nan,0.0,nan,1.0,0,0.0,unified_mainline,-0.014995539345088996,0.035557785558016,0.3534767389489006,0.6465232610510995,0.005205535411369056,4.107894563674927,4.107894563674927,4.107894706726074,1.9207526922225953,0.005113181658089161,0.0546391736716032,363.26015625,0.01543496921658516,0.002519983187842039,0.0,27.518679118156435,1.0,1.0,0.604123717546463,4.107894325256348,0.0,,,5,5,0.010788251645863056,0.00998760387301445,-1,-1,0,False,0.0002,0.0,0.0
3,200,200,198,0.99,20.8582501411438,20.0,time_limit,time_limit,-0.0011878939112648368,-1.237578797230046,-1.237578797230046,0.001481750642415131,0.0018167378148064017,0.05,0.05,0.659919028340081,2.239730783447122,2.239730783447122,1,2.239730783447122,20.000000000000014,0.001773858133515779,-0.013652797995018083,0.10045266185912743,0.0,0.10045266185912742,0.9954032098035873,0.01062095100738072,0.0,19,0.95,0.20707070707070707,0.42424242424242425,0.3686868686868687,0.20707070707070707,0.42424242424242425,0.3686868686868687,0.4974718873598613,0.21,2.0,0.4966258089554372,0.8585352182388305,0.0,0.0,6.097167475765941e-12,0.0,147,41,3.1670154635999976,0.0,1.0,0.0,0.0,0.9505,0.04949999999999999,0.04949999999999999,0.04838709677419355,0.0,0.0,nan,0.0,nan,1.0,0,0.0,unified_mainline,-0.03195745836530413,0.07451468768640919,0.49231142254194354,0.5076885774580565,-0.0023106291191652417,5.801162528991699,5.801162528991699,5.801163101196289,1.8729274988174438,0.014510504435747862,0.07070707082748413,449.64415283203124,0.011018036399036646,0.003904770469368505,0.0,28.173691987991333,1.0,1.0,0.665656566619873,5.801162528991699,0.0,,,5,5,0.02470715343952179,0.023706703260540963,-1,-1,0,False,0.0002,0.0,0.0
4,200,200,182,0.91,21.068094491958618,20.0,time_limit,time_limit,-0.0005976613610982895,-1.1195322601364748,-1.1195322601364748,0.0018771193572319925,0.0016025155782699585,0.2,0.2,0.6570247933884298,1.8590683635060912,2.1392420970446095,4,1.8590683635060912,20.000000000000014,0.0029759562644289597,-0.008952569271252703,0.023411864850750683,0.0,0.023411864850750676,0.0,0.003112324251502708,0.0,16,0.8,0.1813186813186813,0.5054945054945055,0.3131868131868132,0.1813186813186813,0.5054945054945055,0.3131868131868132,0.49923211499815806,0.16,2.0,0.49900112520085604,0.8572933971881865,0.0,0.0,6.169038804099136e-12,0.0,147,33,2.791692877599998,0.0,1.0,0.0,0.0,0.9545,0.045499999999999985,0.045499999999999985,0.0,0.0,0.0,nan,0.0,nan,1.0,0,0.0,unified_mainline,-0.011222556278232342,0.04346517035212759,0.29620149361462594,0.7037985063853741,-0.01441652961075306,2.298406171798706,2.298406171798706,2.298406553268433,1.7813215732574463,0.0007640194147825241,0.038461539149284366,6.585831165313721,0.008885640744119882,0.005713823706551052,0.0,12.77622184753418,1.0,1.0,0.8208791226148605,2.2984062671661376,0.0,,,5,5,0.009243087843060493,0.008979858830571175,-1,-1,0,False,0.0002,0.0,0.0
5,200,200,178,0.89,17.53598928451538,20.0,time_limit,time_limit,-0.0005133285885676742,-1.1026657221977851,-1.1026657221977851,0.004273174703121176,0.0019790311343967915,0.25,0.25,0.7511737089201878,1.714499512495381,2.3043933011234974,6,1.714499512495381,20.000000000000014,0.0020340903472308067,-0.007167376457120065,0.0362399162263065,0.0,0.03623991622630649,0.012227734558781072,0.004214793937970909,0.0,15,0.75,0.21348314606741572,0.550561797752809,0.23595505617977527,0.21348314606741572,0.550561797752809,0.23595505617977527,0.5006213614665903,0.235,2.0,0.5008059162990796,0.8531779527664184,0.0,0.0,6.430757402281495e-12,0.0,136,38,2.7552802947999986,0.0,1.0,0.0,0.0,0.9555,0.044499999999999984,0.044499999999999984,0.01276595744680851,0.0,0.0,nan,0.0,nan,1.0,0,0.0,unified_mainline,-0.02846994282631394,0.06175615839097563,0.41715373976417436,0.5828462602358258,-0.0008309834971441888,1.9059211969375611,1.9059211969375611,1.9059216022491454,1.730741024017334,0.015380359254777431,0.05730337202548981,33.53123321533203,0.009098792541772127,0.005982061003566065,0.0,20.751012516021728,1.0,1.0,0.4629213482141495,1.905921220779419,0.0,,,5,5,0.024536237120628357,0.0232904277741909,-1,-1,0,False,0.0002,0.0,0.0
6,200,200,183,0.915,19.165770053863525,20.0,time_limit,time_limit,-0.00047309332876466215,-1.09461866474406,-1.09461866474406,0.0034676483599469024,0.001568256295286119,0.25,0.25,0.6933333333333334,2.003439688243141,2.329304306092802,5,2.003439688243141,20.000000000000014,0.0026774878506792828,-0.007408421087882292,0.05793659087241854,0.0,0.057936590872418536,0.6862249466706172,0.0066596062465655095,0.0,15,0.75,0.18032786885245902,0.5355191256830601,0.28415300546448086,0.18032786885245902,0.5355191256830601,0.28415300546448086,0.5001802215264178,0.255,2.0,0.5002319453364451,0.8656156599521637,0.0,0.0,6.288730387132846e-12,0.0,148,33,2.8753747663999976,0.0,1.0,0.0,0.0,0.95425,0.04574999999999996,0.04574999999999996,0.02631578947368421,0.0,0.0,nan,0.0,nan,1.0,0,0.0,unified_mainline,-0.04058834183557588,0.08842635707558802,0.5069440844572867,0.4930559155427133,-0.005315182986669243,1.194009280204773,1.194009280204773,1.194009494781494,1.6745979547500611,0.021048053354024886,0.062295081466436385,156.31222534179688,0.0065040134359151125,0.006506859328092195,0.0,23.44945011138916,1.0,1.0,0.7060109347105026,1.194009256362915,0.0,,,5,5,0.03038083203136921,0.030046606436371803,-1,-1,0,False,0.0002,0.0,0.0
7,200,200,192,0.96,19.7152202129364,20.0,time_limit,time_limit,-0.0006045383051969111,-1.1209076701140368,-1.1209076701140368,0.002672877581790085,0.0016614276682958007,0.25,0.25,0.6816326530612244,2.5035200023845547,3.02815461599882,5,2.5035200023845547,20.000000000000014,0.0012275091625404677,-0.0072728926682423065,0.16147357449818195,0.0,0.16147357449818237,0.9975382706861846,0.017335736483273932,0.0,15,0.75,0.16666666666666666,0.640625,0.19270833333333334,0.16666666666666666,0.640625,0.19270833333333334,0.49956605332856996,0.22,2.0,0.49945139485280654,0.8543588906526565,0.0,0.0,5.2610671895381156e-12,0.0,159,32,2.8552887047999986,0.0,1.0,0.0,0.0,0.952,0.04800000000000004,0.04800000000000004,0.02040816326530612,0.0,0.0,nan,0.0,nan,1.0,0,0.0,unified_mainline,-0.03716874244029488,0.07792392025354271,0.6935868910918771,0.3064131089081229,-0.0034080287907272576,1.500479555130005,1.500479555130005,1.500479793548584,1.6394021272659303,0.012645080871880054,0.04687500111758709,1050.6187744140625,0.0023408765671774747,0.007465591145540566,0.0,66.6133960723877,1.0,1.0,0.6197916686534881,1.5004796028137206,0.0,,,5,5,0.017909428104758263,0.01714662816375494,-1,-1,0,False,0.0002,0.0,0.0
8,200,200,194,0.97,20.008102893829346,20.0,time_limit,time_limit,-0.00035830290289595723,-1.0716605864905502,-1.0716605864905502,0.002597463130950927,0.0016890107654035091,0.3,0.3,0.6694915254237288,1.7154732286523384,2.1008973681237006,7,1.7154732286523384,20.000000000000014,0.0019665674966841793,-0.005549596821211691,0.028276999415609086,0.0,0.028276999415609082,0.0,0.003541403673361981,0.0,13,0.65,0.13402061855670103,0.6597938144329897,0.20618556701030927,0.13402061855670103,0.6597938144329897,0.20618556701030927,0.4984001195136225,0.345,3.0,0.49795084151600705,0.8601806759834288,0.0,0.0,5.791350472100776e-12,0.0,157,25,3.2587975778985547,0.0,1.0,0.0,0.0,0.9515,0.04849999999999999,0.04849999999999999,0.0,0.0,0.0,nan,0.0,nan,1.0,0,0.0,unified_mainline,-0.034773159805515465,0.07889488545781016,0.4871215228135096,0.5128784771864903,-0.001879558595828712,1.0876316785812379,1.0876316785812379,1.0876317977905274,1.6387282609939575,0.003932602764689363,0.06288659647107124,15.164423561096191,0.0015427685109898448,0.010495062635504213,0.0,14.442934226989745,1.0,1.0,0.7546391889452935,1.087631607055664,0.0,,,5,5,0.013282664120197296,0.012375382706522942,-1,-1,0,False,0.0002,0.0,0.0
9,200,200,206,1.03,19.368361473083496,20.0,time_limit,time_limit,-0.00018049518985208124,-1.0360990435155328,-1.0360990435155328,0.004370989860035479,0.0016522338846698403,0.25,0.25,0.7269076305220884,2.099524224632019,3.000657104000001,6,2.099524224632019,20.000000000000014,0.0052886625234163445,-0.007093614699192991,0.022515915426986662,0.0,0.022515915426986666,0.0,0.002835723144101753,0.0,15,0.75,0.17475728155339806,0.6213592233009708,0.20388349514563106,0.17475728155339806,0.6213592233009708,0.20388349514563106,0.49429017494199795,0.295,2.0,0.49294430020636143,0.8672474384307861,0.0,0.0,6.575552168736065e-12,0.0,163,36,3.251789933199998,0.0,1.0,0.0,0.0,0.9485,0.05149999999999999,0.05149999999999999,0.07142857142857142,0.0,0.0,nan,0.0,nan,1.0,0,0.0,unified_mainline,-0.004930790610156777,0.03767886647856601,0.23313447338189122,0.7668655266181089,0.0045812615193426606,1.0198580265045165,1.0198580265045165,1.0198580980300904,1.6354687690734864,0.009302046615630388,0.06893203780055046,3.3251272678375243,0.0013114471454173326,0.010860602623816395,0.0,5.297187614440918,1.0,1.0,0.21650485843420028,1.0198580265045165,0.0,,,5,5,0.018130037933588028,0.01686042509973049,-1,-1,0,False,0.0002,0.0,0.0
10,200,200,184,0.92,17.203588485717773,20.0,time_limit,time_limit,-0.0004141700337640941,-1.0828340047765885,-1.0828340047765885,0.005101465759798883,0.0018331489991396666,0.25,0.25,0.7592592592592593,1.7098548595484733,2.0126219679013184,5,1.7098548595484733,20.000000000000014,0.00285483312782899,-0.006996533366658417,0.031591990342407644,0.0,0.031591990342407644,0.0,0.004069949408612795,0.0,15,0.75,0.16847826086956522,0.6467391304347826,0.18478260869565216,0.16847826086956522,0.6467391304347826,0.18478260869565216,0.5020514005371369,0.43,3.0,0.5025232478931574,0.853085821866989,0.0,9.057855550678337e-12,5.45893842282541e-12,0.0,152,31,3.1270094143999967,0.0,1.0,0.0,0.0,0.954,0.04600000000000004,0.04600000000000004,0.0,0.0,0.0,nan,0.0,nan,1.0,0,0.0,unified_mainline,-0.03770549907930939,0.0922934766714357,0.4314773582226363,0.5685226417773637,8.792141452431678e-05,0.9199794888496399,0.9199794888496399,0.9199796438217163,1.4626816034317016,0.01409036573022604,0.08369565308094025,11.765751457214355,0.001288232346996665,0.011110920932356128,0.0,4.7202980518341064,1.0,1.0,0.2586956575512886,0.9199794888496399,0.0,,,5,5,0.017516952008008957,0.01686471551656723,-1,-1,0,False,0.0002,0.0,0.0
11,200,200,189,0.945,17.27417016029358,20.0,time_limit,time_limit,-0.000316970341373235,-1.0633940694074966,-1.0633940694074966,0.0025457140291109564,0.00152919115498662,0.35,0.35,0.7587719298245614,2.1122148998053865,3.0075885870000008,7,2.1122148998053865,20.000000000000014,0.001061930552328433,-0.004231634022703259,0.0222908891975439,0.0,0.022290889197543913,0.0,0.0036841809378950555,0.0,13,0.65,0.13227513227513227,0.7142857142857143,0.15343915343915343,0.13227513227513227,0.7142857142857143,0.15343915343915343,0.4985422513136873,0.375,3.0,0.4982880226819581,0.8659510463476181,0.0,7.074774099891101e-11,8.008617206900492e-12,1.9606339642097542e-11,163,25,3.1869974507999967,0.0,1.0,0.0,0.0,0.95275,0.047250000000000014,0.047250000000000014,0.0,0.0,0.0,nan,0.0,nan,1.0,0,0.0,unified_mainline,-0.0453849655729423,0.07259697595493617,0.3293227506791892,0.6706772493208109,-0.006724882731214165,1.007845950126648,1.007845950126648,1.0078461050987244,1.3003735303878785,0.005915836011990905,0.09523809552192689,3.2163984298706056,0.0011723250150680541,0.01154276073920428,0.0,7.329136872291565,1.0,1.0,0.25291005671024325,1.007845938205719,0.0,,,5,5,0.01583503559231758,0.014407353848218916,-1,-1,0,False,0.0002,0.0,0.0
12,200,200,234,1.17,17.38458275794983,20.0,time_limit,time_limit,0.00027859993861056864,-0.9442800101306795,-0.9442800101306795,0.007829316495917695,0.0022231864277273417,0.45,0.45,0.8406374501992032,2.0073762907170045,2.757695082000001,11,2.0073762907170045,20.000000000000014,0.0042422633303279104,-0.0014562638368618814,0.01984161973640754,0.0,0.01984161973640754,0.0,0.0026038285369092036,0.0,11,0.55,0.08974358974358974,0.811965811965812,0.09829059829059829,0.08974358974358974,0.811965811965812,0.09829059829059829,0.49356530533730986,0.515,5.0,0.4926355425891958,0.8495813608169556,0.0,8.74601332329083e-11,6.883600460472206e-12,1.8307836757019945e-11,202,21,3.7375305939973558,0.0,1.0,0.0,0.0,0.9415,0.058499999999999996,0.058499999999999996,0.0,0.0,0.0,nan,0.0,nan,1.0,0,0.0,unified_mainline,-0.035903847440542126,0.06354861612981053,0.3887036600853878,0.6112963399146121,-0.004562788608018309,1.0105583190917968,1.0105583190917968,1.0105584621429444,1.198452353477478,0.004041189455892891,0.06752136945724488,2.4345561504364013,0.0010489779757335781,0.011788578523155159,0.0,7.59644832611084,1.0,1.0,0.3675213739275932,1.0105583786964416,0.0,,,5,5,0.011659101583063602,0.010779666155576705,-1,-1,0,False,0.0002,0.0,0.0
13,60,60,219,3.65,7.426087856292725,6.0,idle,terminated,0.0010894949082285166,0.06536968846595233,0.06536968846595233,0.016886785905808208,0.005995462648570538,0.55,0.55,0.9090909090909091,2.1266025892182356,2.5705624328000005,12,2.1266025892182356,5.999999999999995,0.003848990270834444,0.00704595780682428,0.0825114518331592,0.0,0.08251145183315924,0.7420601122311751,0.011569796940755332,0.0,9,0.45,0.0684931506849315,0.8356164383561644,0.0958904109589041,0.0684931506849315,0.8356164383561644,0.0958904109589041,0.4981869073421694,2.1333333333333333,8.049999999999997,0.4980039346886269,0.8577493220567703,0.0,1.4968849632035486e-10,2.2169687960427176e-11,1.5161384439577038e-10,202,15,12.691145646101711,0.016666666666666684,0.0,0.0,0.0,0.8175,0.1825,0.1825,0.038461538461538464,0.0,0.0,nan,0.0,nan,1.0,0,0.0,unified_mainline,-0.05010352634464163,0.08071252152618681,0.33911625345731,0.6608837465426901,-0.006270272750407457,8.180264759063721,8.180264759063721,8.180265426635742,1.0253003120422364,0.007762841531075537,0.05388127714395523,2.445966100692749,0.00104069618973881,0.01198541091788331,0.0,26.107999277114867,1.0,1.0,0.5707762591540814,8.180264568328857,0.0,,,5,5,0.014982027933001518,0.014328863285481929,-1,-1,0,False,0.0002,0.0,0.0
14,200,200,203,1.015,14.923224210739136,20.0,time_limit,time_limit,0.0005276153679005802,-0.8944769306631025,-0.8944769306631025,0.006718343612737937,0.0017887711292132735,0.55,0.55,0.803347280334728,1.7924107111221856,2.2174904825000006,11,1.7924107111221856,20.000000000000014,0.0033068057981544986,0.0019693476686903767,0.0197874025041746,0.0,0.019787402504174594,0.0,0.003230494009400327,0.0,8,0.4,0.03940886699507389,0.8866995073891626,0.07389162561576355,0.03940886699507389,0.8866995073891626,0.07389162561576355,0.4953647983826231,0.62,5.0,0.4949272759317353,0.8629966616630551,0.0,3.7027038032877214e-11,5.8092497826067735e-12,1.883395557567e-11,194,8,3.2708325427999974,0.0,1.0,0.0,0.0,0.94925,0.05074999999999996,0.05074999999999996,0.0,0.0,0.0,nan,0.0,nan,1.0,0,0.0,unified_mainline,-0.04769067634650952,0.09026791785103822,0.3228282653212945,0.6771717346787055,0.00507719976012595,1.1013190031051636,1.1013190031051636,1.1013192176818847,0.9457470178604126,0.012564120441675186,0.05320196971297264,2.3700000762939455,0.0009109794395044446,0.013435639954546495,0.0,10.053079891204835,1.0,1.0,0.3310344874858856,1.10131893157959,0.0,,,5,5,0.015085365623235703,0.014808568358421325,-1,-1,0,False,0.0002,0.0,0.0
15,200,200,230,1.15,17.338396787643433,20.0,time_limit,time_limit,-7.339833246078342e-05,-1.0146796733476837,-1.0146796733476837,0.006366251944564268,0.0019885546062141657,0.35,0.35,0.8022388059701493,1.9371202517735777,2.4251287055245134,7,1.9371202517735777,20.000000000000014,0.0031796793898995123,-0.003913663057283697,0.02137564340637502,0.0,0.021375643406375024,0.0,0.0032418315772685603,0.0,13,0.65,0.0391304347826087,0.9,0.06086956521739131,0.0391304347826087,0.9,0.06086956521739131,0.49527278549969195,0.685,7.049999999999983,0.49491150215252094,0.8531886339187622,0.0,1.1428037093030838e-10,1.0928145541266865e-11,7.594485700035365e-11,219,9,3.7065316987999966,0.0,1.0,0.0,0.0,0.9425,0.057499999999999996,0.057499999999999996,0.0,0.0,0.0,nan,0.0,nan,1.0,0,0.0,unified_mainline,-0.05031632082171775,0.08599782066343824,0.37860880223331983,0.6213911977666802,-0.001002178993076086,1.0988665342330932,1.0988665342330932,1.098866629600525,0.8576706767082214,0.00461343266069889,0.040869564935565,2.083681082725525,0.0009174899896606803,0.013631388004629987,0.0,7.802256107330322,1.0,1.0,0.5878260985016823,1.0988665103912354,0.0,,,5,5,0.01649819128215313,0.014818648807704447,-1,-1,0,False,0.0002,0.0,0.0
16,200,200,221,1.105,14.63822889328003,20.0,time_limit,time_limit,0.0007091585430316627,-0.8581682949985608,-0.8581682949985608,0.015776804741472,0.0023241990711539984,0.65,0.65,0.9301310043668122,1.8657519213928653,2.4127184536,13,1.8657519213928653,20.000000000000014,0.0015218185538909967,0.005569766696180967,0.017972249602490564,0.0,0.01797224960249057,0.0,0.003038533168065823,0.0,7,0.35,0.03167420814479638,0.9049773755656109,0.06334841628959276,0.03167420814479638,0.9049773755656109,0.06334841628959276,0.4938871881875675,0.56,5.049999999999983,0.49348834960060456,0.8563653647899623,0.0,6.740601583843372e-11,8.597694604872697e-12,4.872936741617801e-11,214,7,3.7502931991999966,0.0,1.0,0.0,0.0,0.94475,0.05525000000000002,0.05525000000000002,0.0,0.0,0.0,nan,0.0,nan,1.0,0,0.0,unified_mainline,-0.0635273031360379,0.09912588246213028,0.3988802417452899,0.6011197582547101,-0.004446852975524962,1.0888777494430542,1.0888777494430542,1.0888778686523437,0.7372045874595642,0.014963053539395333,0.05339366644620895,1.8818920850753784,0.0010223998920992016,0.013858900872757486,0.0,6.963198137283325,1.0,1.0,0.37556561827659607,1.0888777732849122,0.0,,,5,5,0.01864650845527649,0.01816567927598953,-1,-1,0,False,0.0002,0.0,0.0
17,200,200,194,0.97,14.190939903259277,20.0,time_limit,time_limit,0.00023376953322440386,-0.9532460929226987,-0.9532460929226987,0.0040795380249619055,0.0018523810431361198,0.45,0.45,0.8165137614678899,1.681785364122598,2.2739496380000004,11,1.681785364122598,20.000000000000014,0.000998977431894094,0.0013387179219709704,0.021537430829789688,0.0,0.02153743082978969,0.0,0.00355988500248676,0.0,10,0.5,0.02577319587628866,0.9639175257731959,0.010309278350515464,0.02577319587628866,0.9639175257731959,0.010309278350515464,0.5006344781244406,0.51,4.0,0.5006635065353627,0.8669609189033508,0.0,7.77390419398613e-11,8.474542248504413e-12,6.33892296292293e-11,178,5,3.1251646595999976,0.0,1.0,0.0,0.0,0.9515,0.04849999999999999,0.04849999999999999,0.0,0.0,0.0,nan,0.0,nan,1.0,0,0.0,unified_mainline,-0.04881209342257147,0.07739526750531835,0.3076861314413788,0.6923138685586212,0.007736326195299625,0.9286891222000122,0.9286891222000122,0.9286891937255859,0.750258207321167,-0.001413331279763952,0.04020618461072445,1.51616427898407,0.0008994614938274026,0.014018345864807298,0.0,2.061602783203125,1.0,1.0,0.08144329693168402,0.9286890745162963,0.0,,,5,5,0.0038465787656605244,0.0031044962524902067,-1,-1,0,False,0.0002,0.0,0.0
18,200,200,235,1.175,15.249671459197998,20.0,time_limit,time_limit,0.0011487219016999006,-0.770255627765973,-0.770255627765973,0.01640635253861545,0.002061887877061963,0.75,0.75,0.9071729957805907,1.8229765281769081,2.3974696780000007,16,1.8229765281769081,20.000000000000014,0.0012020454124269473,0.010285173199274399,0.01676925246044277,0.0,0.016769252460442773,0.0,0.002827150215246446,0.0,5,0.25,0.02127659574468085,0.9702127659574468,0.00851063829787234,0.02127659574468085,0.9702127659574468,0.00851063829787234,0.49876037730742245,0.8,8.0,0.49871707871402066,0.865458798408508,0.0,5.2158620478248606e-11,7.63596564451463e-12,5.141998771218649e-11,217,5,3.936886283439963,0.0,1.0,0.0,0.0,0.94125,0.05874999999999997,0.05874999999999997,0.0,0.0,0.0,nan,0.0,nan,1.0,0,0.0,unified_mainline,-0.039459398566167564,0.07120213204708245,0.27383180642275523,0.7261681935772446,0.002637525601312518,1.1210671663284302,1.1210671663284302,1.121067214012146,0.6495841026306153,0.0026746214600279926,0.02042553126811981,0.8061057925224304,0.0010189536493271588,0.014249094481403091,0.0,7.225342750549316,1.0,1.0,0.6476595714688301,1.1210671424865724,0.0,,,5,5,0.003815915435552597,0.0037414283026009796,-1,-1,0,False,0.0002,0.0,0.0
19,30,30,197,6.566666666666666,7.098865270614624,3.0,idle,terminated,0.0024245413951575756,0.07273623665566271,0.07273623665566271,0.022766854055225844,0.014292453415691853,0.55,0.55,0.7529880478087649,1.833939905545455,2.571550278000001,11,1.833939905545455,3.0000000000000013,0.00785332510547566,0.01639208711307857,0.1687147072115749,0.0,0.1687147072115749,0.7575664260478567,0.03362775943840579,0.0,9,0.45,0.015228426395939087,0.9695431472081218,0.015228426395939087,0.015228426395939087,0.9695431472081218,0.015228426395939087,0.4889156643068418,3.6333333333333333,7.0,0.488765875986664,0.8640304297208786,6.145196851381485e-11,2.1479490408538027e-10,5.601205263494613e-11,2.0134683365036208e-10,194,3,23.379498234285705,0.06666666666666664,0.0,0.0,0.0,0.6716666666666666,0.32833333333333337,0.32833333333333337,0.0,0.0,0.0,nan,0.0,nan,1.0,0,0.0,unified_mainline,-0.04915455925318011,0.08836674590642696,0.24196463541067253,0.7580353645893274,0.003257399797439575,7.684883499145508,7.684883499145508,7.684883308410645,0.5996785521507263,0.0020951507147401573,0.01624365448951721,2.353385829925537,0.0009181108674965799,0.014384479530611947,0.0,33.10307092666626,1.0,1.0,0.4182741045951843,7.6848832130432125,0.0,,,5,5,0.007622733246535063,0.006994127389043569,-1,-1,0,False,0.0002,0.0,0.0
20,26,26,231,8.884615384615385,4.206303596496582,2.6,idle,terminated,0.010642973706126213,0.2767172967140619,0.2767172967140619,0.04040377866476774,0.017252180725336075,0.85,0.85,0.9787234042553191,1.7445869677269195,2.3254241316000006,17,1.7445869677269195,2.600000000000001,0.009316891234794575,0.09711283827061384,0.08645861676520634,0.0,0.08645861676520637,0.6063442643790474,0.018641414873854515,0.0,3,0.15,0.012987012987012988,0.9783549783549783,0.008658008658008658,0.012987012987012988,0.9783549783549783,0.008658008658008658,0.49187653586268426,6.230769230769231,15.0,0.4917656893734811,0.84620943069458,4.464065055109767e-11,2.005773741542427e-10,5.760861926384919e-11,1.8337768595277904e-10,228,3,32.885703502608685,0.11538461538461538,0.0,0.0,0.0,0.5557692307692308,0.4442307692307692,0.4442307692307692,0.0,0.0,0.0,nan,0.0,nan,1.0,0,0.0,unified_mainline,-0.04607143154056319,0.07845039788816537,0.29177687764028454,0.7082231223597155,0.002599803905468434,8.87531681060791,8.87531681060791,8.875317764282226,0.5448625922203064,0.006392277078703046,0.012987012974917889,0.7552221179008484,0.0008679177262820303,0.017558773674843445,0.0,15.318766951560974,1.0,1.0,0.8199134141206741,8.87531681060791,0.0,,,5,5,0.011722973547875881,0.010709101520478725,-1,-1,0,False,0.0002,0.0,0.0
21,200,200,192,0.96,16.608522415161133,20.0,time_limit,time_limit,0.000191254322999157,-0.9617491393103218,-0.9617491393103218,0.006733135972172015,0.0019103116355836391,0.5,0.5,0.7831858407079646,1.80789474350623,2.2095891549999997,10,1.80789474350623,20.000000000000014,0.0010888860301539892,0.0008236570043299177,0.017472073319052667,0.0,0.01747207331905267,0.0,0.003267045178286473,0.0,10,0.5,0.010416666666666666,0.9739583333333334,0.015625,0.010416666666666666,0.9739583333333334,0.015625,0.4968889926236589,0.85,8.099999999999966,0.4968271214927678,0.8630954831838608,0.0,2.6216208631052092e-11,9.474419512822685e-12,2.7515009281414635e-11,189,2,3.212979315199997,0.0,1.0,0.0,0.0,0.952,0.04800000000000004,0.04800000000000004,0.0,0.0,0.0,nan,0.0,nan,1.0,0,0.0,unified_mainline,-0.05441020246869183,0.10627636098955777,0.3596175847833498,0.6403824152166502,0.012880627252161502,3.353523683547974,3.353523683547974,3.3535236358642577,0.5210887312889099,-0.0014319414040073752,0.03854166604578495,0.7413234353065491,0.0009025850216858089,0.019087946010147572,0.0,17.761996507644653,1.0,1.0,0.3083333358168602,3.353523683547974,0.0,,,5,5,0.00931287556886673,0.007249850430525838,-1,-1,0,False,0.0002,0.0,0.0
22,200,200,231,1.155,13.661930322647095,20.0,time_limit,time_limit,0.0014966512098908424,-0.7006697827146106,-0.7006697827146106,0.0189732483588159,0.0022190744057297707,0.85,0.85,0.9393939393939394,1.7404055459444452,2.5023759636000005,18,1.7404055459444452,20.000000000000014,0.0013394643116259144,0.01362704655264356,0.011030092389462462,0.0,0.011030092389462464,0.0,0.00214660196468371,0.0,3,0.15,0.008658008658008658,0.9826839826839827,0.008658008658008658,0.008658008658008658,0.9826839826839827,0.008658008658008658,0.5027607140901964,0.785,7.049999999999983,0.5028192127548597,0.8690639376640318,0.0,5.33511724382096e-11,6.476383665465768e-12,4.269066853496148e-11,219,2,4.038069193999999,0.0,1.0,0.0,0.0,0.94225,0.05774999999999997,0.05774999999999997,0.0,0.0,0.0,nan,0.0,nan,1.0,0,0.0,unified_mainline,-0.049608631277068285,0.07555568536890003,0.23615862737515103,0.763841372624849,-0.005852187657728792,1.6081344127655028,1.6081344127655028,1.6081345558166504,0.5160412192344666,0.015745692513883115,0.01818181835114956,0.488834536075592,0.000753112998791039,0.019237387476528624,0.0,7.8409788608551025,1.0,1.0,0.80779220610857,1.608134388923645,0.0,,,5,5,0.0188665222376585,0.018502531573176384,-1,-1,0,False,0.0002,0.0,0.0
23,200,200,190,0.95,15.514469146728516,20.0,time_limit,time_limit,0.0007636328809894621,-0.8472734139522017,-0.8472734139522017,0.016918481793254607,0.0022951867431402206,0.65,0.65,0.75,1.5956183999748632,2.2711847997500008,14,1.5956183999748632,20.000000000000014,0.0011959314354522172,0.006440397866937701,0.018905057994779075,0.0,0.018905057994779068,0.0,0.0029921450099603575,0.0,7,0.35,0.005263157894736842,0.9789473684210527,0.015789473684210527,0.005263157894736842,0.9789473684210527,0.015789473684210527,0.5061260593513726,0.5,4.049999999999983,0.5062225082289208,0.8710077464580536,0.0,8.694140789244906e-11,1.0030422673001915e-11,6.196325952334531e-11,189,1,2.790554783999998,0.0,1.0,0.0,0.0,0.9525,0.04749999999999999,0.04749999999999999,0.0,0.0,0.0,nan,0.0,nan,1.0,0,0.0,unified_mainline,-0.05907679356543868,0.08565529323259684,0.2741990628765011,0.7258009371234989,-0.006072130493703298,1.5806676864624023,1.5806676864624023,1.5806679248809814,0.57861407995224,0.0025010203826241195,0.034736841917037964,1.5675158262252809,0.0006999913020990789,0.019257989324317874,0.0,11.392564725875854,1.0,1.0,0.41789474040269853,1.580667757987976,0.0,,,5,5,0.007445664145052433,0.006594842579215764,-1,-1,0,False,0.0002,0.0,0.0
24,200,200,226,1.13,15.43387746810913,20.0,time_limit,time_limit,0.0014297476736828685,-0.7140504892791144,-0.7140504892791144,0.019104791339486817,0.002904068911448121,0.85,0.85,0.9243697478991597,1.7123071278888888,2.2793522124,18,1.7123071278888888,20.000000000000014,0.0014835750650851955,0.012813900470959082,0.009404738043397356,0.0,0.00940473804339736,0.0,0.001676050921687328,0.0,3,0.15,0.008849557522123894,0.9867256637168141,0.004424778761061947,0.008849557522123894,0.9867256637168141,0.004424778761061947,0.5003788841261995,0.965,11.0,0.500385436547507,0.8621447831392285,0.0,2.312248378877333e-11,6.142340108761246e-12,3.020571917589067e-11,224,2,3.6744229155999975,0.0,1.0,0.0,0.0,0.9435,0.056499999999999995,0.056499999999999995,0.0,0.0,0.0,nan,0.0,nan,1.0,0,0.0,unified_mainline,-0.05716391249476979,0.12628628224673447,0.38617386426946204,0.613826135730538,0.015578887285664677,1.1069674730300902,1.1069674730300902,1.1069677591323852,0.5201594829559326,0.0033718982711434366,0.022123893722891808,0.3534940600395203,0.000701117399148643,0.019436090484213457,0.0,14.100602340698241,1.0,1.0,0.7628318488597869,1.1069674730300902,0.0,,,5,5,0.006273378152400255,0.006227822322398424,-1,-1,0,False,0.0002,0.0,0.0
25,200,200,223,1.115,15.374758243560791,20.0,time_limit,time_limit,0.0008703175117261708,-0.82593648977711,-0.82593648977711,0.01154968468472361,0.0021256632171571255,0.7,0.7,0.9234042553191489,1.863789829133334,2.5339213656000004,15,1.863789829133334,20.000000000000014,0.0011120548291607896,0.007591120681983715,0.01914820459702447,0.0,0.019148204597024477,0.0,0.003171961177073314,0.0,6,0.3,0.0,0.9865470852017937,0.013452914798206279,0.0,0.9865470852017937,0.013452914798206279,0.4981599695588229,0.865,8.099999999999966,0.49813478921320115,0.8617569655179977,0.0,6.832600631112572e-11,8.008505317236292e-12,3.7870666325101585e-11,223,0,3.8831420351999957,0.0,1.0,0.0,0.0,0.94425,0.055749999999999966,0.055749999999999966,0.0,0.0,0.0,nan,0.0,nan,1.0,0,0.0,unified_mainline,-0.04595989624801673,0.08942426554013368,0.3311774522444818,0.6688225477555183,0.007874940053443424,1.058919656276703,1.058919656276703,1.0589197516441344,0.5053281903266906,0.0005094935069791973,0.012556054070591927,0.9326447248458862,0.0007401459268294274,0.019424185245081403,0.0,9.317718172073365,1.0,1.0,0.21524663642048836,1.0589197635650636,0.0,,,5,5,0.0028842403553426266,0.0027262873016297815,-1,-1,0,False,0.0002,0.0,0.0
26,26,26,250,9.615384615384615,4.62198543548584,2.6,idle,terminated,0.011790658347308636,0.306557164487014,0.306557164487014,0.05379803944379091,0.018604956567287445,0.9,0.9,0.9920318725099602,1.8169777401770584,2.27218747565899,18,1.8169777401770584,2.600000000000001,0.00929338417804901,0.1086132175477256,0.08455002523763548,0.0,0.08455002523763554,0.6001695142424661,0.01642503888983632,0.0,2,0.1,0.008,0.984,0.008,0.008,0.984,0.008,0.5150919312682862,7.115384615384615,16.75,0.5152978640536234,0.8891462445259094,4.354075607004848e-11,2.530647941201277e-10,6.668968155487676e-11,2.1676259953640196e-10,248,2,35.04445768865155,0.0769230769230769,0.0,0.0,0.0,0.5192307692307693,0.4807692307692307,0.4807692307692307,0.0,0.0,0.0,nan,0.0,nan,1.0,0,0.0,unified_mainline,-0.04552201636054477,0.07488321203299025,0.27899072157578647,0.7210092784242134,4.3184650712646545e-05,11.789457511901855,11.789457511901855,11.789458084106446,0.4693497121334076,-0.0017849168507382274,0.006400000303983688,0.3173626303672791,0.000776396575383842,0.019607149337021894,0.0,44.15386091470718,1.0,1.0,0.41679999977350235,11.789457702636719,0.0,,,5,5,0.0027450306806713343,0.002063605957664549,-1,-1,0,False,0.0002,0.0,0.0
27,200,200,203,1.015,16.194642782211304,20.0,time_limit,time_limit,0.00047274614917114377,-0.9054507653573037,-0.9054507653573037,0.006345839449204452,0.0020979014225304127,0.55,0.55,0.8034934497816594,1.6558101478147804,2.1738337998000006,12,1.6558101478147804,20.000000000000014,0.0011013792568910815,0.0036260824752437372,0.024922337382244156,0.0,0.024922337382244145,0.0,0.004371331989153983,0.0,9,0.45,0.0049261083743842365,0.9802955665024631,0.014778325123152709,0.0049261083743842365,0.9802955665024631,0.014778325123152709,0.4985249019404873,0.575,6.0,0.4985111298919882,0.8691297471523284,0.0,5.191709059187964e-11,8.079470252553289e-12,6.289829837524684e-11,192,1,3.3176728635999977,0.0,1.0,0.0,0.0,0.94925,0.05074999999999996,0.05074999999999996,0.0,0.0,0.0,nan,0.0,nan,1.0,0,0.0,unified_mainline,-0.045830764557966766,0.07546864936944968,0.2607295855419916,0.7392704144580083,-0.0012693714816123247,1.3637251377105712,1.3637251377105712,1.3637250900268554,0.5676172256469727,0.012350705359131098,0.03152709305286407,1.6861140966415404,0.0019136386341415345,0.021098149841774605,0.0,10.438051223754883,1.0,1.0,0.013793103117495775,1.3637251138687134,0.0,,,5,5,0.01922660693526268,0.018493880704045295,-1,-1,0,False,0.0002,0.0,0.0
28,200,200,179,0.895,15.041828870773315,20.0,time_limit,time_limit,0.00022047270613256842,-0.955905457280241,-0.955905457280241,0.004638397600501762,0.0017788974801078439,0.5,0.5,0.757847533632287,1.7185835327000003,2.2378199226,10,1.7185835327000003,20.000000000000014,0.0012018376059539685,0.0010028895300339812,0.023327815222931376,0.0,0.0233278152229314,0.0,0.00450265080358713,0.0,10,0.5,0.0,1.0,0.0,0.0,1.0,0.0,0.49418539315788074,0.46,4.0,0.4941355452928701,0.8622509688138962,0.0,9.181081832287936e-11,9.685586534191604e-12,5.7433915783000515e-11,179,0,2.9595680851999977,0.0,1.0,0.0,0.0,0.95525,0.044749999999999956,0.044749999999999956,0.0,0.0,0.0,nan,0.0,nan,1.0,0,0.0,unified_mainline,-0.06010052342886722,0.09344412958752643,0.26925536661388444,0.7307446333861155,0.001522271492285654,1.1819587707519532,1.1819587707519532,1.181958794593811,0.5701992511749268,0.00039604935445822773,0.0,1.209125781059265,0.0009816376958042383,0.02139659658941949,0.0,6.078607606887817,1.0,1.0,0.7273743014782668,1.1819587230682373,0.0,,,5,5,0.002358983503654599,0.0022908185608685014,-1,-1,0,False,0.0002,0.0,0.0
29,200,200,233,1.165,14.93945026397705,20.0,time_limit,time_limit,0.0007993108010850847,-0.840137831451585,-0.840137831451585,0.007810096023604233,0.001984849339351058,0.6,0.6,0.8559322033898306,1.718249371928573,2.2988597588000004,14,1.718249371928573,20.000000000000014,0.0011982376208417485,0.006794870806579002,0.019547718984184524,0.0,0.019547718984184517,0.0,0.003565408062024819,0.0,7,0.35,0.004291845493562232,0.9957081545064378,0.0,0.004291845493562232,0.9957081545064378,0.0,0.5036622403827495,0.65,5.049999999999983,0.5036871285001254,0.8610125184059142,0.0,8.659297064117497e-11,1.1775837249761167e-11,8.270779616736942e-11,206,1,3.8377958475386666,0.0,1.0,0.0,0.0,0.94175,0.058250000000000024,0.058250000000000024,0.0,0.0,0.0,nan,0.0,nan,1.0,0,0.0,unified_mainline,-0.04003880391180344,0.0696188549973714,0.27095721774769843,0.7290427822523015,-0.005997046316042543,0.91560218334198,0.91560218334198,0.91560218334198,0.5734093308448791,0.00810563899576664,0.015450643748044968,0.9078056931495666,0.0006635999889113009,0.02166315289387812,0.0,0.7271745204925537,1.0,1.0,0.014592274650931358,0.91560218334198,0.0,,,5,5,0.01414153166115284,0.013046449422836302,-1,-1,0,False,0.0002,0.0,0.0
30,30,30,223,7.433333333333334,5.640658617019653,3.0,idle,terminated,0.004778613336384296,0.14335837998632703,0.14335837998632703,0.03031639531254768,0.015363543294370174,0.65,0.65,0.8983739837398373,1.885004129908966,2.734259970200001,14,1.885004129908966,3.0000000000000013,0.008793256654691432,0.0389928700074176,0.12273904548028682,0.0,0.12273904548028682,0.664258870635857,0.02599683511541492,0.0,7,0.35,0.008968609865470852,0.9865470852017937,0.004484304932735426,0.008968609865470852,0.9865470852017937,0.004484304932735426,0.5095701121500072,5.566666666666666,12.0,0.5096505332605115,0.8639740884304046,4.0958425887027694e-11,1.9399082201720917e-10,5.825247922919274e-11,2.1597756708069404e-10,221,2,27.12075379999999,0.06666666666666664,0.0,0.0,0.0,0.6283333333333333,0.3716666666666667,0.3716666666666667,0.0,0.0,0.0,nan,0.0,nan,1.0,0,0.0,unified_mainline,-0.0491256466761263,0.09343083029193093,0.36479383825131884,0.6352061617486812,0.0004902961780317127,8.018610954284668,8.018610954284668,8.018610668182372,0.49949791431427004,0.0017141489312052726,0.0062780270352959635,0.5363975405693054,0.0009788052877411247,0.02185410727356181,0.0,28.373365652561187,1.0,1.0,0.4780268967151642,8.018611240386964,0.0,,,5,5,0.005745669826865196,0.005222766753286123,-1,-1,0,False,0.0002,0.0,0.0
31,200,200,251,1.255,14.022035360336304,20.0,time_limit,time_limit,0.0013138530775904655,-0.7372293796232102,-0.7372293796232102,0.01662478046491742,0.002168871695175767,0.75,0.75,0.9338842975206612,1.8149826996601064,2.4421005040000003,18,1.8149826996601064,20.000000000000014,0.0013084239683668214,0.011830107050472667,0.01810355243027527,0.0,0.01810355243027526,0.0,0.0028372500963779993,0.0,4,0.2,0.01195219123505976,0.9800796812749004,0.00796812749003984,0.01195219123505976,0.9800796812749004,0.00796812749003984,0.4999238343907054,0.775,7.049999999999983,0.499923181432885,0.866849809885025,0.0,9.306038405154646e-11,1.0476611765619648e-11,6.100462253411091e-11,226,2,4.341200022799997,0.0,1.0,0.0,0.0,0.93725,0.06274999999999997,0.06274999999999997,0.0,0.0,0.0,nan,0.0,nan,1.0,0,0.0,unified_mainline,-0.04335233787186461,0.07776297268489041,0.30668047244985513,0.6933195275501447,0.006817200873047114,0.9010123491287232,0.9010123491287232,0.9010124206542969,0.4838292419910431,-0.005361708486452699,0.012749004364013671,1.4510958433151244,0.001390831428579986,0.024108888183167546,0.0,3.8408591032028196,1.0,1.0,0.12031872868537903,0.9010123610496521,0.0,,,5,5,0.0,-0.0028713325504213572,-1,-1,0,False,0.0002,0.0,0.0
32,200,200,218,1.09,15.644931316375732,20.0,time_limit,time_limit,0.0007156782085075974,-0.856864364561835,-0.856864364561835,0.008058749325573423,0.001970886019989848,0.65,0.65,0.8387096774193549,1.8473845250769236,2.2793680048,13,1.8473845250769236,20.000000000000014,0.001171248514546749,0.005985533257361499,0.021229951690514465,0.0,0.02122995169051449,0.0,0.0036072558962285135,0.0,7,0.35,0.0,0.9954128440366973,0.0045871559633027525,0.0,0.9954128440366973,0.0045871559633027525,0.5035624155808474,0.65,5.049999999999983,0.5035938618722293,0.8643794536590577,0.0,8.381570715254579e-11,8.654624759907303e-12,6.696265972272447e-11,218,0,3.5737032043999983,0.0,1.0,0.0,0.0,0.9455,0.05449999999999999,0.05449999999999999,0.0,0.0,0.0,nan,0.0,nan,1.0,0,0.0,unified_mainline,-0.04946955361802263,0.07801501196664642,0.25406151567561935,0.7459384843243806,-0.008269699395168573,1.1282045364379882,1.1282045364379882,1.1282047271728515,0.5407665848731995,0.010869544837623835,0.02568807303905487,0.8310125470161438,0.0026008837623521684,0.02427095923177305,0.0,8.773500156402587,1.0,1.0,0.7577981613576412,1.1282044887542724,0.0,,,5,5,0.015980897471308708,0.015507055073976516,-1,-1,0,False,0.0002,0.0,0.0
33,200,200,210,1.05,16.25104570388794,20.0,time_limit,time_limit,0.001215580152347684,-0.7568839729036858,-0.7568839729036858,0.008293689368292641,0.0022533501032739878,0.8,0.8,0.9043478260869565,1.7181190474375003,2.2594518980000005,16,1.7181190474375003,20.000000000000014,0.0011053226243255868,0.011050478730490119,0.01681047030993861,0.0,0.016810470309938617,0.0,0.0029637210959600007,0.0,4,0.2,0.0,1.0,0.0,0.0,1.0,0.0,0.4978116618726635,0.655,5.049999999999983,0.49779123075716736,0.8629923880100249,0.0,7.432267301599182e-11,1.1029896614112022e-11,7.357998099699607e-11,210,0,3.6097537203999974,0.0,1.0,0.0,0.0,0.9475,0.05249999999999999,0.05249999999999999,0.0,0.0,0.0,nan,0.0,nan,1.0,0,0.0,unified_mainline,-0.05691323585950421,0.08402103644236136,0.2675505664860605,0.7324494335139395,0.009345894120633602,0.8527678370475769,0.8527678370475769,0.8527678728103638,0.524643874168396,-0.005752734187990427,0.010476190783083438,0.7131830215454101,0.0010830476181581616,0.02449555826558334,0.0,3.6331509590148925,1.0,1.0,0.19904762431979178,0.8527678728103638,0.0,,,5,5,0.0,-0.0036587011069059375,-1,-1,0,False,0.0002,0.0,0.0
34,200,200,205,1.025,14.822982788085938,20.0,time_limit,time_limit,0.0007747153285890818,-0.8450569491906478,-0.8450569491906478,0.005399131425656357,0.001899920403957367,0.65,0.65,0.8281938325991189,1.7715590095738154,2.2272901926000004,14,1.7715590095738154,20.000000000000014,0.0010391861634267486,0.006707966377040859,0.01961188872427814,0.0,0.019611888724278152,0.0,0.003280937279713909,0.0,7,0.35,0.00975609756097561,0.975609756097561,0.014634146341463415,0.00975609756097561,0.975609756097561,0.014634146341463415,0.5015580801707692,0.605,5.0,0.5015758080108917,0.8575029969215393,0.0,6.673386288014163e-11,8.024574928156003e-12,4.889572306071562e-11,192,2,3.2019310563999976,0.0,1.0,0.0,0.0,0.94875,0.05125000000000002,0.05125000000000002,0.0,0.0,0.0,nan,0.0,nan,1.0,0,0.0,unified_mainline,-0.04123387566010551,0.06609219224131968,0.3331093827335473,0.6668906172664527,-0.015005832130555063,0.8499788999557495,0.8499788999557495,0.8499789357185363,0.5362005829811096,0.008998806145973504,0.037073171138763426,1.2227721452713012,0.0007067231344990432,0.02463176767178211,0.0,1.836960792541504,1.0,1.0,0.164878049492836,0.8499788999557495,0.0,,,5,5,0.025836002081632614,0.022348713316023346,-1,-1,0,False,0.0002,0.0,0.0
35,200,200,232,1.16,14.347546577453613,20.0,time_limit,time_limit,0.0011843153042718768,-0.7631369345252071,-0.7631369345252071,0.011555894510820442,0.002076470758765936,0.8,0.8,0.9190283400809717,1.8130067035370414,2.5165693430000005,16,1.8130067035370414,20.000000000000014,0.0011464318052164446,0.0106967214685232,0.01017221002517439,0.0,0.010172210025174386,0.0,0.002643021906222651,0.0,4,0.2,0.004310344827586207,0.978448275862069,0.017241379310344827,0.004310344827586207,0.978448275862069,0.017241379310344827,0.5017947499949951,0.78,8.0,0.5018220812131929,0.8667356461286545,0.0,2.2188135443551505e-11,5.582714412283307e-12,2.143535618101543e-11,231,1,3.802924003999998,0.0,1.0,0.0,0.0,0.942,0.05800000000000005,0.05800000000000005,0.0,0.0,0.0,nan,0.0,nan,1.0,0,0.0,unified_mainline,-0.040641002301381575,0.06975975963052615,0.26930234480820403,0.730697655191796,-0.0016280750744044781,0.6647833824157715,0.6647833824157715,0.6647834300994873,0.5485320210456848,0.009956488059833646,0.02413793094456196,0.5091409504413604,0.0005543635692447424,0.024824005446267675,0.0,1.9741808295249939,1.0,1.0,0.1862068936228752,0.6647833824157715,0.0,,,5,5,0.017537124454975128,0.01608703713864088,-1,-1,0,False,0.0002,0.0,0.0
36,200,200,228,1.14,15.159419775009155,20.0,time_limit,time_limit,0.0010688998736441135,-0.7862200213370085,-0.7862200213370085,0.012155299354344602,0.002343259984627366,0.75,0.75,0.8995983935742972,1.7663595030000006,2.238572316000001,16,1.7663595030000006,20.000000000000014,0.0012376408294073066,0.009451358103742265,0.013314126781850195,0.0,0.013314126781850193,0.0,0.0023512477876515628,0.0,5,0.25,0.0,0.9956140350877193,0.0043859649122807015,0.0,0.9956140350877193,0.0043859649122807015,0.5144717548104236,0.755,7.0,0.5146586526314749,0.8716802358627319,0.0,7.911983637698387e-11,1.193551507627788e-11,6.921037076779118e-11,228,0,3.901592427999997,0.0,1.0,0.0,0.0,0.943,0.05700000000000005,0.05700000000000005,0.0,0.0,0.0,nan,0.0,nan,1.0,0,0.0,unified_mainline,-0.04693746431414142,0.07685865340887826,0.25158500269052936,0.7484149973094706,-0.0038145754253491758,0.5891155362129211,0.5891155362129211,0.5891155004501343,0.4851372420787811,0.0019395105075091124,0.004385964944958687,0.3128628134727478,0.000546483532525599,0.024827449646771162,0.0,2.9052239418029786,1.0,1.0,0.21140350997447968,0.5891155362129211,0.0,,,5,5,0.0029509062878787518,0.0029471013695001602,-1,-1,0,False,0.0002,0.0,0.0
37,200,200,239,1.195,14.224200248718262,20.0,time_limit,time_limit,0.0013541460502892733,-0.7291708132185996,-0.7291708132185996,0.017010598257184026,0.0025294458027929068,0.85,0.85,0.9251968503937008,1.843097368368326,2.4022711752000006,17,1.843097368368326,20.000000000000014,0.001186202880214157,0.012355256458855868,0.011907040458784645,0.0,0.011907040458784648,0.0,0.002647921853121175,0.0,3,0.15,0.0041841004184100415,0.99581589958159,0.0,0.0041841004184100415,0.99581589958159,0.0,0.5098928077314049,0.82,9.0,0.5099977844683223,0.8719299763441085,0.0,5.358905732361072e-11,8.306385960998863e-12,4.578191679927003e-11,238,1,4.013939636399997,0.0,1.0,0.0,0.0,0.94025,0.05974999999999997,0.05974999999999997,0.0,0.0,0.0,nan,0.0,nan,1.0,0,0.0,unified_mainline,-0.048720346772566196,0.07490625371778556,0.325284013007559,0.6747159869924411,-0.004110211180523038,0.7553263783454895,0.7553263783454895,0.755326509475708,0.4584668278694153,-0.0026695576729252935,0.005020920466631651,0.23873658180236818,0.0006740333745256066,0.024893732182408167,0.0,2.9541670799255373,1.0,1.0,0.275313800573349,0.7553263545036316,0.0,,,5,5,0.0002609264338389039,4.343688488004098e-07,-1,-1,0,False,0.0002,0.0,0.0
38,200,200,249,1.245,15.20162558555603,20.0,time_limit,time_limit,0.0011803132947534323,-0.7639373303052489,-0.7639373303052489,0.015512043004855505,0.0023512118496000767,0.75,0.75,0.8996138996138996,2.0169962874705885,2.5897549680000007,17,2.0169962874705885,20.000000000000014,0.00122508763516897,0.01057804584956858,0.01663706177203929,0.0,0.016637061772039285,0.0,0.003211523455781652,0.0,4,0.2,0.0,1.0,0.0,0.0,1.0,0.0,0.5105001479932108,0.89,9.049999999999983,0.5105741671633541,0.8755374133586884,0.0,4.9488465408975324e-11,9.035000178569952e-12,5.174021263515384e-11,239,0,4.116399101199997,0.0,1.0,0.0,0.0,0.93775,0.06225000000000003,0.06225000000000003,0.0,0.0,0.0,nan,0.0,nan,1.0,0,0.0,unified_mainline,-0.04548284947729385,0.07779252363495004,0.3416988837384606,0.6583011162615394,-0.0039050350605975837,0.8409504413604736,0.8409504413604736,0.8409505128860474,0.4810515582561493,0.0010924210306257009,0.006425702571868896,0.33215039372444155,0.0005411294347140938,0.02493187299158386,0.0,1.6394460439682006,1.0,1.0,0.22971888184547423,0.8409504175186158,0.0,,,5,5,0.007054592482745647,0.006333507504314184,-1,-1,0,False,0.0002,0.0,0.0
39,200,200,219,1.095,14.317182064056396,20.0,time_limit,time_limit,0.0010060768108814955,-0.7987846273960513,-0.7987846273960513,0.010195815050974487,0.0020598468836396933,0.75,0.75,0.9385964912280702,1.8562481367500003,2.2951849445000008,16,1.8562481367500003,20.000000000000014,0.001027366773606573,0.00903340185659087,0.014685856051140056,0.0,0.014685856051140051,0.0,0.0025806946223403226,0.0,5,0.25,0.0,0.9863013698630136,0.0136986301369863,0.0,0.9863013698630136,0.0136986301369863,0.5126668216767721,0.955,9.049999999999983,0.5127496946922718,0.8727136105298996,0.0,4.781955421917493e-11,7.735334074665534e-12,4.530548575187858e-11,219,0,3.586820364399997,0.0,1.0,0.0,0.0,0.94525,0.054749999999999965,0.054749999999999965,0.0,0.0,0.0,nan,0.0,nan,1.0,0,0.0,unified_mainline,-0.04948522498318498,0.10035321514375724,0.39337864058392574,0.6066213594160742,0.016038481099531054,0.8045364141464233,0.8045364141464233,0.8045365929603576,0.44836926460266113,-0.004215915920212865,0.018264840170741082,0.2611758470535278,0.0006915422040037811,0.025064614227024648,0.0,4.985157775878906,1.0,1.0,0.38995433449745176,0.8045363664627075,0.0,,,5,5,0.0011644784826785326,0.0006180685013532634,-1,-1,0,False,0.0002,0.0,0.0
40,200,200,214,1.07,14.318726778030396,20.0,time_limit,time_limit,0.0005230347742326558,-0.8953930490868534,-0.8953930490868534,0.0068004028173163315,0.0022708186879754066,0.6,0.6,0.8617886178861789,1.8058637896610605,2.3829932176000006,13,1.8058637896610605,20.000000000000014,0.0010966704263948815,0.004133677119262454,0.019749860728346953,0.0,0.019749860728346943,0.0,0.003549324705089352,0.0,8,0.4,0.004672897196261682,0.9953271028037384,0.0,0.004672897196261682,0.9953271028037384,0.0,0.5230848658388714,0.695,6.049999999999983,0.5231833952687636,0.872242933511734,0.0,7.689819302159037e-11,9.54013777698659e-12,4.723348604601657e-11,213,1,3.4425833315999976,0.0,1.0,0.0,0.0,0.9465,0.05349999999999999,0.05349999999999999,0.0,0.0,0.0,nan,0.0,nan,1.0,0,0.0,unified_mainline,-0.05260165961237821,0.0859067144162857,0.2999908775488339,0.7000091224511661,-0.002610668330453336,0.8797472953796387,0.8797472953796387,0.8797473311424255,0.5158996701240539,0.005023393884766847,0.015887850150465965,0.9093240141868592,0.0006268605939112604,0.025158331348047448,0.0,6.750661754608155,1.0,1.0,0.6214953318238259,0.8797472596168519,0.0,,,5,5,0.01144875306636095,0.010864355787634849,-1,-1,0,False,0.0002,0.0,0.0
41,28,28,220,7.857142857142857,6.091808557510376,2.8000000000000003,idle,terminated,0.004732411354780197,0.13250751374410827,0.13250751374410827,0.02218832354992627,0.011428738944232464,0.65,0.65,0.9148936170212766,2.0495235693076927,2.5728087904000003,13,2.0495235693076927,2.800000000000001,0.007551261322916595,0.0397728507285506,0.14141477176634382,0.0,0.1414147717663438,0.7411513918072841,0.026227482784472074,0.0,7,0.35,0.004545454545454545,0.9954545454545455,0.0,0.004545454545454545,0.9954545454545455,0.0,0.5335871248672317,7.892857142857143,18.299999999999997,0.5337680250011665,0.8770943999290465,3.1378438042350965e-11,1.3726619355058923e-10,4.649694171354746e-11,1.2707703569980733e-10,219,1,27.3986249506565,0.0357142857142857,0.0,0.0,0.0,0.6071428571428571,0.3928571428571429,0.3928571428571429,0.0,0.0,0.0,nan,0.0,nan,1.0,0,0.0,unified_mainline,-0.04564245479597422,0.0933444215591059,0.3250858396156005,0.6749141603843996,0.00427395710721612,7.0158733367919925,7.0158733367919925,7.0158733367919925,0.4253362357616425,-0.0005510587128810584,0.00181818176060915,0.7089664340019226,0.0006719814497046173,0.025353328562614387,0.0,13.650792771577835,1.0,1.0,0.7699999958276749,7.015873050689697,0.0,,,5,5,0.004735234193503857,0.003649035107810049,-1,-1,0,False,0.0002,0.0,0.0
42,200,200,219,1.095,17.144373655319214,20.0,time_limit,time_limit,0.0003722293768078089,-0.9255541310168653,-0.9255541310168653,0.008893899992108304,0.002119904849678278,0.55,0.55,0.84251968503937,1.8792112960000005,2.505352119800001,12,1.8792112960000005,20.000000000000014,0.00118088293530518,0.0025414105138515533,0.018872185139858885,0.0,0.018872185139858874,0.0,0.0034490473607493733,0.0,9,0.45,0.0,1.0,0.0,0.0,1.0,0.0,0.5335767247325275,0.99,11.0,0.5336862048984474,0.8864879965782165,0.0,7.293868217739242e-11,8.373374042747184e-12,5.214038003437113e-11,219,0,3.519823166399998,0.0,1.0,0.0,0.0,0.94525,0.054749999999999965,0.054749999999999965,0.0,0.0,0.0,nan,0.0,nan,1.0,0,0.0,unified_mainline,-0.05963821288662545,0.11677714992000847,0.4059084781408866,0.5940915218591134,0.008638751832768321,2.057832193374634,2.057832193374634,2.0578322410583496,0.36287633180618284,0.0005382354720495641,0.015525113977491855,0.4079557776451111,0.001201407436747104,0.02798162399794126,0.0,12.717277073860169,1.0,1.0,0.48675798922777175,2.0578320980072022,0.0,,,5,5,0.004025472328066826,0.003428205545060336,-1,-1,0,False,0.0002,0.0,0.0
43,200,200,204,1.02,15.543251037597656,20.0,time_limit,time_limit,0.00024007282627280802,-0.9519854370448534,-0.9519854370448534,0.009279112517833704,0.002192996209487319,0.5,0.5,0.8185654008438819,1.7884303203000005,2.312391210200001,10,1.7884303203000005,20.000000000000014,0.001391099781002115,0.0010096283667552144,0.02181676200814061,0.0,0.021816762008140617,0.0,0.003708240431921644,0.0,10,0.5,0.0,1.0,0.0,0.0,1.0,0.0,0.5381583441491239,0.775,6.049999999999983,0.5382252383161772,0.8887589573860168,0.0,6.85083174217782e-11,9.180783737405829e-12,5.596044010125476e-11,204,0,3.209833756799998,0.0,1.0,0.0,0.0,0.949,0.051000000000000045,0.051000000000000045,0.0,0.0,0.0,nan,0.0,nan,1.0,0,0.0,unified_mainline,-0.06537254141511341,0.10185861674314634,0.3466332431694458,0.6533667568305542,0.01382270772010088,1.2009979009628295,1.2009979009628295,1.2009979724884032,0.4713496208190918,-0.002093813696410507,0.020588235929608345,0.8638819932937623,0.0011088073602877556,0.02815906770073844,0.0,7.372776889801026,1.0,1.0,0.7156862799078226,1.2009979248046876,0.0,,,5,5,0.0024204025976359844,0.0019188758567906911,-1,-1,0,False,0.0002,0.0,0.0
44,24,24,226,9.416666666666666,3.97328782081604,2.4000000000000004,idle,terminated,0.014593509025871754,0.3502442379498948,0.3502442379498948,0.051727633178234075,0.021845439448952675,0.95,0.95,0.9912280701754386,1.6214766312105264,2.0782264736,19,1.6214766312105264,2.400000000000001,0.009295711517247915,0.13663938762854155,0.08705975965514898,0.0,0.08705975965514898,0.5825328985475771,0.015417719815861954,0.0,1,0.05,0.0,1.0,0.0,0.0,1.0,0.0,0.5340281469863839,6.458333333333333,14.0,0.5340281469863839,0.8844713628292084,4.787530788474825e-11,1.27447968845118e-10,5.087529703073912e-11,1.6822761100820927e-10,226,0,37.998182443999994,0.16666666666666666,0.0,0.0,0.0,0.5291666666666667,0.4708333333333333,0.4708333333333333,0.0,0.0,0.0,nan,0.0,nan,1.0,0,0.0,unified_mainline,-0.05080562184885883,0.07646696297452249,0.25946802882977055,0.7405319711702294,-0.0017869557195808738,15.36367416381836,15.36367416381836,15.363676452636719,0.35814294815063474,0.0034514514642069115,0.0008849557489156723,0.5471084833145141,0.001760717388242483,0.028395402940901253,0.0,31.657872247695924,1.0,1.0,0.6955752238631249,15.36367416381836,0.0,,,5,5,0.005606511142104864,0.005409802496433258,-1,-1,0,False,0.0002,0.0,0.0
45,200,200,184,0.92,17.454867601394653,20.0,time_limit,time_limit,0.0004391726106405258,-0.9121654701906973,-0.9121654701906973,0.004860091116279332,0.0019844432827085257,0.55,0.55,0.6811023622047244,1.6730446799930292,2.18464039546166,11,1.6730446799930292,20.000000000000014,0.0013366610689435128,0.0030550654215216223,0.021469988012929105,0.0,0.021469988012929125,0.0,0.0038113946766934817,0.0,9,0.45,0.0,1.0,0.0,0.0,1.0,0.0,0.5435700435957406,0.46,4.0,0.5437011470368511,0.8890265733003615,0.0,6.604713512214918e-11,1.0512883098778847e-11,4.296930762592828e-11,184,0,2.984194207999998,0.0,1.0,0.0,0.0,0.954,0.04600000000000004,0.04600000000000004,0.0,0.0,0.0,nan,0.0,nan,1.0,0,0.0,unified_mainline,-0.060300062377768124,0.09227029208211592,0.2961217223809095,0.7038782776190905,-0.003765507321804762,1.0746939659118653,1.0746939659118653,1.0746939778327942,0.47179085612297056,0.007448243722319603,0.027173912525177,1.993749737739563,0.0027669805218465625,0.029936598134004233,0.0,9.280925846099853,1.0,1.0,0.2304347835481167,1.074693989753723,0.0,,,5,5,0.019116833806037903,0.01775503512471914,-1,-1,0,False,0.0002,0.0,0.0
46,200,200,191,0.955,16.165826559066772,20.0,time_limit,time_limit,0.00023816626344341785,-0.9523667511116625,-0.9523667511116625,0.005980385700240723,0.0016376705607399344,0.5,0.5,0.7605042016806722,1.8276141840000002,2.4901550160000006,10,1.8276141840000002,20.000000000000014,0.0011766985844905205,0.0012049638599263546,0.027787185657832246,0.0,0.027787185657832243,0.0,0.00459370236736722,0.0,10,0.5,0.0,1.0,0.0,0.0,1.0,0.0,0.5457957194424234,0.725,8.0,0.5458645162167486,0.8847408711910247,0.0,7.121573122881306e-11,1.0613844005080697e-11,6.313983363925856e-11,191,0,3.3162313051999974,0.0,1.0,0.0,0.0,0.95225,0.04774999999999996,0.04774999999999996,0.0,0.0,0.0,nan,0.0,nan,1.0,0,0.0,unified_mainline,-0.05926519830310802,0.11132683499913999,0.3659226129508505,0.6340773870491496,-0.007176464889198542,0.7448549389839172,0.7448549389839172,0.7448549032211303,0.4352370262145996,0.003421135270036757,0.005235601961612701,2.0287800788879395,0.001249892869964242,0.030165997894262817,0.0,5.43290605545044,1.0,1.0,0.7130890026688576,0.7448549389839172,0.0,,,5,5,0.0058047049678862095,0.0054280440323054785,-1,-1,0,False,0.0002,0.0,0.0
47,25,25,232,9.28,4.274523735046387,2.5,idle,terminated,0.01077967043966055,0.26949174279387256,0.26949174279387256,0.03417740538716316,0.016740374267101288,0.85,0.85,0.9746835443037974,1.8676489957058826,2.3820420688000006,17,1.8676489957058826,2.500000000000001,0.009031352894915195,0.09876534422263387,0.128424375514558,0.0,0.12842437551455807,0.7928681285378569,0.020559581129903158,0.0,3,0.15,0.0,1.0,0.0,0.0,1.0,0.0,0.5520470337867737,7.4,15.799999999999997,0.5520470337867737,0.8942127853631973,4.0389844246924156e-11,2.350093619707394e-10,6.987058154273029e-11,2.0803797573520908e-10,232,0,34.147701846956515,0.07999999999999997,0.0,0.0,0.0,0.536,0.46399999999999997,0.46399999999999997,0.0,0.0,0.0,nan,0.0,nan,1.0,0,0.0,unified_mainline,-0.04525944903193697,0.08202777806026829,0.3245302982426618,0.6754697017573383,0.0031739572528749703,10.18597469329834,10.18597469329834,10.18597412109375,0.398380833864212,0.0012383208944811487,0.0008620689623057842,0.5505202174186706,0.001207982178311795,0.03052174160741946,0.0,19.77046710252762,1.0,1.0,0.7327586233615875,10.18597469329834,0.0,,,5,5,0.0043686749413609505,0.004080614494159817,-1,-1,0,False,0.0002,0.0,0.0
48,200,200,240,1.2,13.92084288597107,20.0,time_limit,time_limit,0.0014753148425370455,-0.7049370151634181,-0.7049370151634181,0.016208233311772333,0.00225600297562778,0.8,0.8,0.9162995594713657,1.763320587277779,2.3063822494000004,18,1.763320587277779,20.000000000000014,0.0014378468769938868,0.013315302364835208,0.015736391860476238,0.0,0.015736391860476245,0.0,0.002815615631072028,0.0,3,0.15,0.0,1.0,0.0,0.0,1.0,0.0,0.5394575660680421,0.725,6.049999999999983,0.5395862212872256,0.87854425907135,0.0,6.688722457848236e-11,9.127097515271299e-12,6.250547059105658e-11,212,0,3.9798539719999972,0.0,1.0,0.0,0.0,0.94,0.06000000000000005,0.06000000000000005,0.0,0.0,0.0,nan,0.0,nan,1.0,0,0.0,unified_mainline,-0.03894208130294423,0.06729895260455536,0.22618429139220944,0.7738157086077905,0.007252847822383046,0.8847522974014282,0.8847522974014282,0.8847523331642151,0.4086698293685913,0.0025921408785507085,0.015000000596046448,0.6588804244995117,0.002391705336049199,0.03289022911771062,0.0,4.330877494812012,1.0,1.0,0.2166666679084301,0.8847523331642151,0.0,,,5,5,0.006748684681952,0.00658772187307477,-1,-1,0,False,0.0002,0.0,0.0
49,200,200,225,1.125,13.473089694976807,20.0,time_limit,time_limit,0.0015391879715025425,-0.6921623966712785,-0.6921623966712785,0.016517255920916785,0.0022977327462285757,0.85,0.85,0.8969957081545065,1.6873537735572495,2.1729454582000005,18,1.6873537735572495,20.000000000000014,0.0012783663456368344,0.014113513820799237,0.013663227215810666,0.0,0.013663227215810666,0.0,0.0022440105184630974,0.0,2,0.1,0.0044444444444444444,0.9955555555555555,0.0,0.0044444444444444444,0.9955555555555555,0.0,0.5367663562260568,0.775,7.0,0.5369047490349378,0.8751959919929504,0.0,4.476827936139571e-11,8.064466629209566e-12,4.138505944190068e-11,211,1,3.565008674477265,0.0,1.0,0.0,0.0,0.94375,0.05625000000000002,0.05625000000000002,0.0,0.0,0.0,nan,0.0,nan,1.0,0,0.0,unified_mainline,-0.040083279461045826,0.06910347567273986,0.2918769059269321,0.7081230940730678,-0.0034221823909319935,0.838865602016449,0.838865602016449,0.8388656377792358,0.40243115425109866,0.005726110655814409,0.006222222372889519,0.49053962230682374,0.0015517367573920637,0.033004956954920145,0.0,3.174900674819946,1.0,1.0,0.3324444394558668,0.8388656377792358,0.0,,,5,5,0.009686280973255634,0.008950314950197935,-1,-1,0,False,0.0002,0.0,0.0
50,200,200,211,1.055,14.15504264831543,20.0,time_limit,time_limit,0.0008906697621569037,-0.8218660481932936,-0.8218660481932936,0.008668412454426285,0.0022742580622434616,0.7,0.7,0.9162995594713657,1.6668835876000003,2.2548269362,15,1.6668835876000003,20.000000000000014,0.0010639098709505546,0.007842787719384767,0.013077305607948012,0.0,0.013077305607948012,0.0,0.002716551621752791,0.0,6,0.3,0.0,1.0,0.0,0.0,1.0,0.0,0.541181489492068,0.61,4.099999999999966,0.5412950508819936,0.8893200159072876,0.0,7.714460945051895e-11,1.2399972541821125e-11,7.257505429958394e-11,211,0,3.4187791275999975,0.0,1.0,0.0,0.0,0.94725,0.052749999999999964,0.052749999999999964,0.0,0.0,0.0,nan,0.0,nan,1.0,0,0.0,unified_mainline,-0.04826825395769791,0.0738076368278401,0.23686038101246434,0.7631396189875357,0.0029484509641406476,0.9594976902008057,0.9594976902008057,0.9594977617263794,0.3930474519729614,0.005482716183178127,0.01895734667778015,0.25061244070529937,0.0012546326383017004,0.03307822149923636,0.0,6.555934906005859,1.0,1.0,0.5023696698248387,0.9594977378845215,0.0,,,5,5,0.012957213446497917,0.011519262567162512,-1,-1,0,False,0.0002,0.0,0.0
51,200,200,210,1.05,14.3635995388031,20.0,time_limit,time_limit,0.0007327422499656677,-0.8534515494921187,-0.8534515494921187,0.006450834055431186,0.001962664071470499,0.65,0.65,0.8995633187772926,1.6375779613571433,2.2231373529000007,14,1.6375779613571433,20.000000000000014,0.0010641084947524415,0.0062633140306416315,0.02028082439977513,0.0,0.02028082439977514,0.0,0.003531873947745773,0.0,7,0.35,0.0,1.0,0.0,0.0,1.0,0.0,0.5484695066078566,0.66,5.0,0.5486397457178691,0.8844412714242935,0.0,8.19198642948436e-11,9.58714097692992e-12,6.430159182890803e-11,210,0,3.5973122199999974,0.0,1.0,0.0,0.0,0.9475,0.05249999999999999,0.05249999999999999,0.0,0.0,0.0,nan,0.0,nan,1.0,0,0.0,unified_mainline,-0.046198630253159914,0.07705763343792188,0.2705752859101287,0.7294247140898712,0.00999896302819252,0.6799278378486633,0.6799278378486633,0.6799278020858764,0.4509516298770905,-0.00485446685925126,0.018095238693058492,0.9943022012710572,0.0005026515340432524,0.03313976761139532,0.0,4.003108739852905,1.0,1.0,0.3942857222631574,0.6799278616905212,0.0,,,5,5,0.0012047956697642803,-5.818437784911286e-06,-1,-1,0,False,0.0002,0.0,0.0
52,200,200,202,1.01,16.289080142974854,20.0,time_limit,time_limit,0.0003961684415116906,-0.9207663141590237,-0.9207663141590237,0.006396999745629727,0.001954231644049287,0.55,0.55,0.772,1.744732016909091,2.2800971045000007,11,1.744732016909091,20.000000000000014,0.001187737004344212,0.002773947287704604,0.02500063445358895,0.0,0.025000634453588952,0.0,0.0040354235828111255,0.0,9,0.45,0.0049504950495049506,0.995049504950495,0.0,0.0049504950495049506,0.995049504950495,0.0,0.5480931753139011,0.715,6.049999999999983,0.5482499877741672,0.892760443687439,0.0,1.0465144549554047e-10,1.1030246160892432e-11,5.396396281220904e-11,201,1,3.3215685823999976,0.0,1.0,0.0,0.0,0.9495,0.05049999999999999,0.05049999999999999,0.0,0.0,0.0,nan,0.0,nan,1.0,0,0.0,unified_mainline,-0.05386691760982389,0.09116654667980814,0.31722241813248125,0.6827775818675187,-0.0009640151169151068,0.8193164229393005,0.8193164229393005,0.8193163990974426,0.4438126444816589,0.0032801183522678913,0.002970296982675791,2.0191241979598997,0.0004747043363749981,0.03334538409939082,0.0,6.410858488082885,1.0,1.0,0.27326733265072106,0.8193163990974426,0.0,,,5,5,0.005468219984322786,0.0054139171727001665,-1,-1,0,False,0.0002,0.0,0.0
53,200,200,238,1.19,13.786599159240723,20.0,time_limit,time_limit,0.0015199912013486028,-0.6960017871429294,-0.6960017871429294,0.009838052000850335,0.0021852736826986074,0.9,0.9,0.9554655870445344,1.9827710349281358,2.4324695554000004,18,1.9827710349281358,20.000000000000014,0.0013799108352837686,0.013819999807569762,0.01682158187540282,0.0,0.016821581875402804,0.0,0.0029490350720710267,0.0,2,0.1,0.0,1.0,0.0,0.0,1.0,0.0,0.5364530447321013,0.905,10.0,0.5365719034182105,0.8819466352462768,0.0,8.693531207415441e-11,9.330587517897282e-12,7.839394550179762e-11,238,0,4.162612552399997,0.0,1.0,0.0,0.0,0.9405,0.0595,0.0595,0.0,0.0,0.0,nan,0.0,nan,1.0,0,0.0,unified_mainline,-0.0437850282159908,0.0705430971181935,0.2821211207994326,0.7178788792005675,0.0006164823193103075,1.2569528102874756,1.2569528102874756,1.2569529294967652,0.38211150765419005,-0.0007439613342285156,0.0016806723549962043,0.37790810465812685,0.0004012155462987721,0.0336453967884626,0.0,15.996098518371582,1.0,1.0,0.601680675148964,1.2569528818130493,0.0,,,5,5,0.003049873048439622,0.0025855375220999116,-1,-1,0,False,0.0002,0.0,0.0
54,200,200,211,1.055,14.254789113998413,20.0,time_limit,time_limit,0.0011822893284261227,-0.7635421007364089,-0.7635421007364089,0.008358481014147365,0.0020339342299848795,0.75,0.75,0.8398268398268398,1.6608349550000012,2.1667741580000004,16,1.6608349550000012,20.000000000000014,0.0013823981936744254,0.010440496769505134,0.01735151373776366,0.0,0.017351513737763655,0.0,0.0029546945271613006,0.0,5,0.25,0.0,1.0,0.0,0.0,1.0,0.0,0.5315585732886102,0.615,7.0,0.5316614730761076,0.8817682743072509,0.0,7.185300028578197e-11,8.91639626715568e-12,5.825497723099812e-11,202,0,3.5167213455999975,0.0,1.0,0.0,0.0,0.94725,0.052749999999999964,0.052749999999999964,0.0,0.0,0.0,nan,0.0,nan,1.0,0,0.0,unified_mainline,-0.03762425065766222,0.06965366216599758,0.23373204657470337,0.7662679534252967,-0.001371034944895655,0.5793059706687927,0.5793059706687927,0.5793059587478637,0.43279244303703307,0.0016535162460058928,0.0037914693355560304,0.7535423874855042,0.00038010511198081074,0.033781828425970654,0.0,2.3474849700927733,1.0,1.0,0.3156398020684719,0.5793059825897217,0.0,,,5,5,0.003647763282060623,0.0034889563452452418,-1,-1,0,False,0.0002,0.0,0.0
55,200,200,236,1.18,14.511506795883179,20.0,time_limit,time_limit,0.001198025536723435,-0.7603948843385413,-0.7603948843385413,0.01404650602489707,0.002213657135143876,0.8,0.8,0.9628099173553719,1.9178172017305157,2.510350663000001,16,1.9178172017305157,20.000000000000014,0.0011546769975163606,0.010825578785556574,0.015135956975884777,0.0,0.015135956975884773,0.0,0.0026630581822346773,0.0,4,0.2,0.0,0.9957627118644068,0.00423728813559322,0.0,0.9957627118644068,0.00423728813559322,0.5282126842762809,1.005,11.049999999999983,0.5282904831048192,0.8774061322212219,0.0,8.09270692125884e-11,9.770772732564659e-12,6.930506862845568e-11,236,0,4.083670352399996,0.0,1.0,0.0,0.0,0.941,0.05900000000000005,0.05900000000000005,0.0,0.0,0.0,nan,0.0,nan,1.0,0,0.0,unified_mainline,-0.048310205278833056,0.08251706674585114,0.4114112420430195,0.5885887579569804,0.0009374207351356745,0.6289320588111877,0.6289320588111877,0.6289320945739746,0.4629866063594818,0.0018610567785799503,0.02118644081056118,0.2841015875339508,0.00041570247849449516,0.03392885870072593,0.0,2.425099492073059,1.0,1.0,0.36271186619997026,0.6289320588111877,0.0,,,5,5,0.002475917339324951,0.0024389869067817926,-1,-1,0,False,0.0002,0.0,0.0
56,200,200,210,1.05,14.083827495574951,20.0,time_limit,time_limit,0.0013904724037274718,-0.7219055210890865,-0.7219055210890865,0.012065400276333032,0.002235853113234043,0.85,0.85,0.9454545454545454,1.6327685214705885,2.0667748304000004,17,1.6327685214705885,20.000000000000014,0.0011590762336874181,0.012745647711858255,0.011999918829392919,0.0,0.011999918829392912,0.0,0.0023164556130916983,0.0,3,0.15,0.0,0.9952380952380953,0.004761904761904762,0.0,0.9952380952380953,0.004761904761904762,0.5383059960259124,0.735,7.049999999999983,0.5384405379085926,0.88509701192379,0.0,4.740329413721585e-11,7.95398729519503e-12,5.329132690690114e-11,210,0,3.6019292851999976,0.0,1.0,0.0,0.0,0.9475,0.05249999999999999,0.05249999999999999,0.0,0.0,0.0,nan,0.0,nan,1.0,0,0.0,unified_mainline,-0.05312352688582221,0.08028579986867936,0.30866900202891656,0.6913309979710835,0.004761905269697308,0.5538836359977722,0.5538836359977722,0.553883683681488,0.38599124550819397,-0.00014926365111023188,0.001904761977493763,0.42545870542526243,0.0003631090628914535,0.034031577840243625,0.0,3.4222817420959473,1.0,1.0,0.2952381014823914,0.5538836479187011,0.0,,,5,5,0.0022700137924402952,0.002243618620559573,-1,-1,0,False,0.0002,0.0,0.0
57,30,30,191,6.366666666666666,6.162165641784668,3.0,idle,terminated,0.00027816949295811355,0.008345078812436945,0.008345078812436945,0.02861696081236,0.010943783447146416,0.45,0.45,0.8034934497816594,1.8225160681715569,2.3959038416000005,9,1.8225160681715569,3.0000000000000013,0.00755284501747663,-0.004771152079997638,0.20131315537810998,0.0,0.2013131553781098,0.7980753964379035,0.03287897803652987,0.0,11,0.55,0.0,1.0,0.0,0.0,1.0,0.0,0.5557333840352172,4.233333333333333,11.549999999999997,0.5557333840352172,0.8877950191497803,2.512613294508581e-11,2.514679325882339e-10,7.144188712837618e-11,2.342567931301607e-10,191,0,25.31316360959999,0.16666666666666663,0.0,0.0,0.0,0.6816666666666666,0.31833333333333336,0.31833333333333336,0.0,0.0,0.0,nan,0.0,nan,1.0,0,0.0,unified_mainline,-0.05464631397047189,0.08842378629717344,0.30155800486819234,0.6984419951318077,-0.003727967943996191,6.043781566619873,6.043781566619873,6.043781471252442,0.40377539992332456,-0.0006931109703145922,0.0010471204295754433,2.180495548248291,0.0006305074202828109,0.03407157621683148,0.0,19.01308116912842,1.0,1.0,0.7026177912950515,6.043781661987305,0.0,,,5,5,0.0032104114070534706,0.0024580624653026454,-1,-1,0,False,0.0002,0.0,0.0
58,200,200,222,1.11,15.583478927612305,20.0,time_limit,time_limit,0.0008950189221650362,-0.8209962161727801,-0.8209962161727801,0.011796223139390294,0.0021906066685914993,0.65,0.65,0.796812749003984,1.7288048834596286,2.208553579182603,14,1.7288048834596286,20.000000000000014,0.0016411997036393138,0.007308989487721678,0.01989491019282602,0.0,0.019894910192826014,0.0,0.0038115478295630365,0.0,7,0.35,0.0,1.0,0.0,0.0,1.0,0.0,0.5455991346538067,0.64,6.049999999999983,0.5456676361079686,0.8775492131710052,0.0,9.114832742740354e-11,9.351485731612375e-12,7.556928138807669e-11,207,0,3.729224601199997,0.0,1.0,0.0,0.0,0.9445,0.055499999999999994,0.055499999999999994,0.0,0.0,0.0,nan,0.0,nan,1.0,0,0.0,unified_mainline,-0.051650447622377436,0.08387313044703706,0.262208936227727,0.737791063772273,0.006056793965399265,1.0554614782333374,1.0554614782333374,1.0554614782333374,0.4611912190914154,0.00443114573135972,0.02432432472705841,1.218097186088562,0.0010094674304127692,0.03789783932439368,0.0,8.443461894989014,1.0,1.0,0.42432432174682616,1.0554614901542663,0.0,,,5,5,0.008919816464185715,0.008484476152807474,-1,-1,0,False,0.0002,0.0,0.0
59,31,31,244,7.870967741935484,6.119678735733032,3.1,idle,terminated,0.002379355486482382,0.07376002359391014,0.07376002359391014,0.037278746254742146,0.01677800342440605,0.55,0.55,0.9260700389105059,2.0966282016771105,2.688931238000001,12,2.0966282016771105,3.1000000000000014,0.007717538628452085,0.016076017369583452,0.132069458420104,0.0,0.13206945842010387,0.781855913701497,0.021458945519674266,0.0,9,0.45,0.0,1.0,0.0,0.0,1.0,0.0,0.5512260283734048,8.838709677419354,20.5,0.5513087844774006,0.8874605655670166,1.9620374769324656e-11,1.283096393023263e-10,4.29701413340311e-11,1.6821570178460196e-10,244,0,30.131821327407394,0.1290322580645161,0.0,0.0,0.0,0.6064516129032258,0.3935483870967742,0.3935483870967742,0.0,0.0,0.0,nan,0.0,nan,1.0,0,0.0,unified_mainline,-0.05091619871910497,0.13556775890142322,0.42362747162303155,0.5763725283769685,-0.0009799337509321048,4.124013614654541,4.124013614654541,4.1240133285522464,0.4021912932395935,0.0035865570447640494,0.0,0.9144308924674988,0.0010620466666296125,0.0380957375282502,0.0,21.179339826107025,1.0,1.0,0.5295081913471222,4.124013233184814,0.0,,,5,5,0.007349879946559668,0.006970249768346547,-1,-1,0,False,0.0002,0.0,0.0
60,200,200,251,1.255,15.063449621200562,20.0,time_limit,time_limit,0.0008407673449255526,-0.8318465336387529,-0.8318465336387529,0.008659826172515745,0.001635549240745604,0.7,0.7,0.9496124031007752,2.010524235428572,2.4869778356000007,14,2.010524235428572,20.000000000000014,0.0012758424390168898,0.007131830879045468,0.014043256348236171,0.0,0.014043256348236187,0.0,0.002648432115759676,0.0,6,0.3,0.0,1.0,0.0,0.0,1.0,0.0,0.5507207417702302,0.875,8.0,0.5508223865433168,0.8971220791339874,0.0,7.701138338145341e-11,1.1861766777143679e-11,6.415463577047468e-11,251,0,4.188689917599996,0.0,1.0,0.0,0.0,0.93725,0.06274999999999997,0.06274999999999997,0.0,0.0,0.0,nan,0.0,nan,1.0,0,0.0,unified_mainline,-0.049424691419183486,0.07720407067655392,0.3269177334850493,0.6730822665149507,-0.004436830419581384,2.360073947906494,2.360073947906494,2.360073709487915,0.4175427258014679,0.005952140036970377,0.00717131495475769,0.3223742127418518,0.004634292284026742,0.04053712669665228,0.0,16.552267456054686,1.0,1.0,0.4414342701435089,2.36007399559021,0.0,,,5,5,0.0072936262004077435,0.007206689566373825,-1,-1,0,False,0.0002,0.0,0.0
61,200,200,227,1.135,15.082996129989624,20.0,time_limit,time_limit,0.0009205778478644788,-0.8158844241677192,-0.8158844241677192,0.014205651823431227,0.0023019651416689157,0.7,0.7,0.8779527559055118,1.7115116428000001,2.4882634084,15,1.7115116428000001,20.000000000000014,0.0011672775572595055,0.00803850123435454,0.01587948345934856,0.0,0.01587948345934856,0.0,0.002902700620014866,0.0,6,0.3,0.0,1.0,0.0,0.0,1.0,0.0,0.5469831386720762,0.75,7.0,0.5470537192509526,0.888390490412712,0.0,6.547617621699413e-11,7.166656157409079e-12,5.6951321783515946e-11,227,0,3.892024979599997,0.0,1.0,0.0,0.0,0.94325,0.05674999999999997,0.05674999999999997,0.0,0.0,0.0,nan,0.0,nan,1.0,0,0.0,unified_mainline,-0.04184079577692719,0.07392249758116326,0.2688802743492018,0.7311197256507982,0.0027565788477659225,0.6905253291130066,0.6905253291130066,0.6905252695083618,0.40967817902565,-0.00016185957938432693,0.006167400628328323,1.0148540258407592,0.00161902635009028,0.040617991823617,0.0,6.275781583786011,1.0,1.0,0.769162991642952,0.6905252933502197,0.0,,,5,5,0.0010190856410190463,0.0009999062633141876,-1,-1,0,False,0.0002,0.0,0.0
62,200,200,209,1.045,15.527398586273193,20.0,time_limit,time_limit,0.0009013614035211504,-0.8197277065911585,-0.8197277065911585,0.00913036004640158,0.0019332969095557928,0.7,0.7,0.8326359832635983,1.7140653301428572,2.3581483946000006,14,1.7140653301428572,20.000000000000014,0.0011966018509694328,0.007817012819472644,0.01862155040816839,0.0,0.018621550408168396,0.0,0.002838731684807815,0.0,6,0.3,0.0,1.0,0.0,0.0,1.0,0.0,0.5424840597391595,0.905,7.049999999999983,0.5425798644341362,0.8860869407653809,0.0,1.0170796288511121e-10,1.1500140249809387e-11,7.153242095880835e-11,209,0,3.636488378399997,0.0,1.0,0.0,0.0,0.94775,0.05225000000000002,0.05225000000000002,0.0,0.0,0.0,nan,0.0,nan,1.0,0,0.0,unified_mainline,-0.052925508621779256,0.1029206598881364,0.3082131235342671,0.691786876465733,-0.0023603917099535464,0.727509081363678,0.727509081363678,0.72750905752182,0.39889916181564333,0.010135253937914968,0.023923445120453836,1.295188593864441,0.0016226758947595955,0.04073558149280397,0.0,6.904838275909424,1.0,1.0,0.5167464107275009,0.72750905752182,0.0,,,5,5,0.01647072844207287,0.015786475874483584,-1,-1,0,False,0.0002,0.0,0.0
