episode,policy,reward_mean,reward_total,vehicle_sr,task_sr,subtask_sr,v2v_subtask_sr,ratio_local,ratio_rsu,ratio_v2v,decision_frac_local,decision_frac_rsu,decision_frac_v2v,avg_power,power_ratio_mean,power_ratio_p95,mean_cost_power,mean_cost_trust,episode_time_seconds,mean_cft_completed,act_seconds,makespan_seconds,task_duration_mean,task_duration_p95,deadline_miss_rate,deadline_meet_ratio,time_limit_rate,energy_mean,energy_p95,illegal_action_rate,no_task_rate,on_task_rate,has_task_available_rate,v2v_link_break_rate,unified_illegal_trigger_rate,I_total_mean,I_total_p50,I_total_p95,I_caused_mean,I_caused_p95,chain_tx_total,chain_p95_mean,chain_pfail_mean,chain_risk_cost_total,avg_queue_len,avg_rsu_queue,completed_tasks_count,t_tx_mean,dT_eff_mean,dT_eff_p95,deadline_seconds_mean,deadline_gamma_mean,critical_path_cycles_mean,terminated_reason,idle_terminate_count,task_success_count,task_completion_count,audit_deadline_misses,physical_steps,decision_steps,active_decision_ratio,deadlock_vehicle_count,episode_vehicle_count,episode_task_count,tx_tasks_created_count,same_node_no_tx_count,idle_fraction,service_rate_when_active,fallback_rate,not_in_candidate_fallback_cnt,illegal_by_connectivity_cnt,candidate_reachable_cnt_mean,candidate_reachable_cnt_p95,candidate_dropped_cnt_mean,candidate_dropped_cnt_p95,rsu_gate_total,rsu_gate_blocked,avail_L,avail_R,avail_V,neighbor_count_mean,best_v2v_rate_mean,best_v2v_valid_rate,best_mode_compare_rate,best_mode_local_rate,best_mode_rsu_rate,best_mode_v2v_rate,v2v_beats_rsu_rate,mean_cost_gap_v2v_minus_rsu,mean_cost_rsu,mean_cost_v2v,oracle_match_rate,mode_match_rate,oracle_match_rate_on_task,target_match_within_mode_rate,target_regret_within_mode_mean,oracle_valid_count,oracle_local_chosen_local_rate,oracle_local_chosen_rsu_rate,oracle_local_chosen_v2v_rate,oracle_rsu_chosen_local_rate,oracle_rsu_chosen_rsu_rate,oracle_rsu_chosen_v2v_rate,oracle_v2v_chosen_local_rate,oracle_v2v_chosen_rsu_rate,oracle_v2v_chosen_v2v_rate,action_regret_mean,action_regret_p50,action_regret_p95,action_regret_mean_on_task,v2v_gain_mean,v2v_gain_pos_rate,v2v_gain_pos_mean,rho_selected_mean,rho_selected_p10,rho_selected_p50,rho_selected_p95,rho_selected_lt_0p6_rate,rho_selected_lt_0p7_rate,uncertainty_selected_mean,uncertainty_selected_p90,risk_penalty_mean,trust_attempts,trust_failures,trust_failure_rate,trust_retry_count,malicious_count,edge_rate_recompute_cnt_mean,edge_rate_delta_mean,edge_rate_delta_p95,v2v_tx_jobs,v2v_link_break_count,delta_phi_mean,delta_phi_p50,delta_phi_p95,delta_phi_min,delta_phi_max,shape_clip_hit_rate,r_total_clip_hit_rate,reward_clip_hit_rate,reward_clip_hit_count,dT_mean,cft_prev_rem_mean,cft_curr_rem_mean,dt_used_mean,implied_dt_mean,dCFT_abs_mean,dCFT_abs_p95,dCFT_rem_mean,dCFT_rem_p95,dCFT_prog_mean,dCFT_prog_p95,r_prog_mean,mean_r_prog,mean_r_term,reward_step_p95,r_prog_on_task_mean,r_prog_on_task_abs_mean,r_term_on_task_abs_mean,abs_ratio_on_task_r_prog,abs_ratio_on_task_r_term,abs_ratio_basis
1,EFT,-0.00029870233932990546,-0.007168856143917731,0.35,0.35,0.725925925925926,0.6923076923076923,0.2857142857142857,0.36607142857142855,0.3482142857142857,0.2857142857142857,0.36607142857142855,0.3482142857142857,8.585138274500374e-05,0.0005151082964700225,0.0,0.41121494815071086,0.0,2.400000000000001,0.9728828001689929,0.9728828001689929,2.400000000000001,0.9728828001689929,1.5881726827922944,0.65,0.35,0.0,0.4112149481507104,0.9884914801554437,0.0,0.7666666666666667,0.23333333333333328,0.23333333333333328,0.0,0.0,2.2064652188680256e-11,0.0,1.2264327400868243e-11,6.500445147439304e-12,1.651159047542143e-13,80,0.0,0.0,0.0,0.025,1.8333333333333333,7,0.042036055428596245,0.0,0.0,2.0623289479139064,3.018292952028032,325809730.3192524,all_failed,0,,,13,24,112,4.666666666666667,0,20,20,80,32,0.0,0.0,0.0,0,0,12.9,16.0,0.0,0.0,680,0,1.0,1.0,0.6789473684210526,12.899999999999999,14631062.02646672,1.0,1.0,0.3392857142857143,0.16964285714285715,0.49107142857142855,0.6339285714285714,0.5519426789014901,0.10753230831954522,0.6594749872210353,0.75,0.75,0.75,0.9196428571428571,0.000997461918714658,112,0.7631578947368421,0.23684210526315788,0.0,0.15789473684210525,0.8421052631578947,0.0,0.0,0.2909090909090909,0.7090909090909091,0.006714000253794974,0.0,0.03880490324217472,0.006714000253794974,0.028497063766185986,1.0,0.028497063766185986,0.0,0.0,0.0,0.0,0.0,0.0,0.0,0.0,0.0,0,0,0.0,0,0,,,,68,0,,,,,,0.0,0.0,0.0,0,0.0,0.0,0.0,0.10000000000000085,0.10000000000000085,0.0,0.0,0.0,0.0,0.0,0.0,0.0027922007534945674,0.0027922007534945674,-0.005779224146793623,0.03133965258554294,0.011966574657833868,0.02695168165203623,0.09468493550486723,0.22157539630743167,0.7784246036925683,unified_mainline
2,EFT,-0.00013743751810495411,-0.00536006320609321,0.4,0.4,0.7286245353159851,0.8761904761904762,0.18099547511312217,0.31221719457013575,0.5067873303167421,0.18099547511312217,0.31221719457013575,0.5067873303167421,0.0002072463108984921,0.0008931056491758223,0.0,0.2545605178710729,0.0,3.900000000000002,2.526368097957026,2.526368097957026,3.900000000000002,2.526368097957026,3.2336079431913385,0.6,0.4,0.0,0.2545605178710727,0.9901741609167366,0.0,0.7166666666666667,0.2833333333333333,0.2833333333333333,0.01951219512195122,0.0,1.830609448749687e-12,0.0,1.1970975968312828e-13,1.4162247763405134e-12,1.606370472837644e-14,181,0.0,0.0,0.0,0.5307692307692308,2.3076923076923075,8,0.0263139876313551,0.0,0.0,3.4040447527612705,3.775225371978306,1989789412.820533,all_failed,0,,,12,39,221,5.666666666666667,0,20,20,174,40,0.0,0.0,0.0,0,0,6.823076923076923,9.0,0.0,0.0,819,0,1.0,1.0,0.3591093117408908,6.823076923076926,18486678.280403033,1.0,1.0,0.14027149321266968,0.5475113122171946,0.31221719457013575,0.40271493212669685,0.20738591520932156,0.2077791527952627,0.41516506800458436,0.6923076923076923,0.6923076923076923,0.6923076923076923,0.9411764705882353,0.0013271431917437123,221,0.9354838709677419,0.0,0.06451612903225806,0.09090909090909091,0.512396694214876,0.39669421487603307,0.0,0.10144927536231885,0.8985507246376812,0.027823922634960422,0.0,0.13347715988220027,0.027823922634960422,0.16285785555344032,0.9642857142857143,0.17454853206456789,0.0,0.0,0.0,0.0,0.0,0.0,0.0,0.0,0.0,0,0,0.0,0,0,,,,205,4,,,,,,0.0,0.0,0.0,0,0.0,0.0,0.0,0.0999999999999998,0.0999999999999998,0.0,0.0,0.0,0.0,0.0,0.0,0.0014252977308151493,0.0014252977308151493,-0.002799672911864688,0.10090102903886539,0.005030462579347578,0.10442441810724273,0.034534057010192465,0.7514793035760692,0.24852069642393088,unified_mainline
3,EFT,-0.0014383872469453565,-0.0560971026308689,0.2,0.2,0.7554744525547445,0.8522727272727273,0.21794871794871795,0.358974358974359,0.4230769230769231,0.21794871794871795,0.358974358974359,0.4230769230769231,0.00012521002288878462,0.0005336820647718688,0.0,0.43001292536262575,0.0,3.900000000000002,3.0325280199816698,3.0325280199816698,3.900000000000002,3.0325280199816698,3.3998701468387678,0.8,0.19999999999999996,0.0,0.43001292536262636,0.9840653061234134,0.0,0.7,0.30000000000000004,0.30000000000000004,0.04678362573099415,0.0,4.156666764260075e-12,0.0,8.796939739152965e-12,2.74627239352232e-12,7.185472464428502e-12,183,0.0,0.0,0.0,0.3423076923076923,3.3333333333333335,4,0.04481437348143891,0.0,0.0,3.3922975606242445,3.745097232963097,2054570593.275755,all_failed,0,,,16,39,234,6.0,0,20,20,172,51,0.0,0.0,0.0,0,0,7.597435897435897,9.0,0.0,0.0,865,0,1.0,1.0,0.3998650472334685,7.597435897435896,13167537.333910257,1.0,1.0,0.21367521367521367,0.41025641025641024,0.37606837606837606,0.48717948717948717,0.4117071523548166,0.2156079288425788,0.6273150811973954,0.6538461538461539,0.6538461538461539,0.6538461538461539,0.8931623931623932,0.00433176771317122,234,0.78,0.18,0.04,0.09375,0.5416666666666666,0.3645833333333333,0.03409090909090909,0.26136363636363635,0.7045454545454546,0.025894590586917995,0.0,0.09691691555057376,0.025894590586917995,0.12432797802308772,0.9090909090909091,0.1506195150669103,0.0,0.0,0.0,0.0,0.0,0.0,0.0,0.0,0.0,0,0,0.0,0,0,,,,171,8,,,,,,0.0,0.0,0.0,0,0.0,0.0,0.0,0.0999999999999998,0.0999999999999998,0.0,0.0,0.0,0.0,0.0,0.0,0.0008714696610735447,0.0008714696610735447,-0.015255342130527101,0.12446989969035846,0.0029048988702451285,0.10843930594872667,0.009596666750474365,0.9186971011377167,0.08130289886228322,unified_mainline
4,EFT,-0.00011062357367964188,-0.0030974600630299725,0.4,0.4,0.7135922330097088,0.7592592592592593,0.26704545454545453,0.3693181818181818,0.36363636363636365,0.26704545454545453,0.3693181818181818,0.36363636363636365,0.000998127891296685,0.004332958287799563,0.04465601203487706,0.41991706145306257,0.0,2.800000000000001,1.6985238543711225,1.6985238543711225,2.800000000000001,1.6985238543711225,2.0674511060852647,0.6,0.4,0.0,0.41991706145306246,0.9750359744947666,0.0,0.6857142857142857,0.3142857142857143,0.3142857142857143,0.06306306306306306,0.0,3.5630276329357e-07,0.0,1.0906078644345992e-11,5.270883989688668e-12,1.1737917278778451e-12,129,0.0,0.0,0.0,0.2892857142857143,3.7857142857142856,8,0.04375911076850623,0.0,0.0,2.490900958385048,3.1232477277343844,1239079237.646943,all_failed,0,,,12,28,176,6.285714285714286,0,20,20,119,47,0.0,0.0,0.0,0,0,10.996428571428572,16.0,0.0,0.0,713,0,1.0,1.0,0.5787593984962406,10.99642857142857,12916770.836742029,0.9499999999999995,1.0,0.2556818181818182,0.32954545454545453,0.4147727272727273,0.503030303030303,0.3866636503508899,0.1906294122629222,0.577425905444929,0.6988636363636364,0.6988636363636364,0.6988636363636364,0.9375,0.0023592684069214335,176,0.7555555555555555,0.2222222222222222,0.022222222222222223,0.20689655172413793,0.6206896551724138,0.1724137931034483,0.0136986301369863,0.2602739726027397,0.726027397260274,0.01964799691107738,0.0,0.10162277801445259,0.01964799691107738,0.10928263560081186,0.96875,0.11534204194218206,0.0,0.0,0.0,0.0,0.0,0.0,0.0,0.0,0.0,0,0,0.0,0,0,,,,111,7,,,,,,0.0,0.0,0.0,0,0.0,0.0,0.0,0.10000000000000094,0.10000000000000094,0.0,0.0,0.0,0.0,0.0,0.0,0.0018100130843103955,0.0018100130843103955,-0.002916248821106824,0.1316768448102574,0.005759132540987638,0.08820754938710439,0.044413576759356525,0.6651093377814623,0.33489066221853775,unified_mainline
5,EFT,0.003984475838918829,0.09164294429513306,0.7,0.7,0.8702290076335878,0.8775510204081632,0.225,0.36666666666666664,0.4083333333333333,0.225,0.36666666666666664,0.4083333333333333,0.0,0.0,0.0,0.26820496446603337,0.0,2.3000000000000007,0.7945981775338046,0.7945981775338046,2.3000000000000007,0.7945981775338046,1.020385195700503,0.3,0.7,0.0,0.26820496446603337,0.9880757520560819,0.0,0.7391304347826086,0.26086956521739135,0.26086956521739135,0.0,0.0,1.4658688759355831e-12,0.0,9.04288709885348e-12,1.45987789999108e-12,9.03612484316751e-12,93,0.0,0.0,0.0,0.13043478260869565,1.173913043478261,14,0.027437244153909936,0.0,0.0,2.0901968415728556,2.993599827111143,365288006.59110206,all_failed,0,,,6,23,120,5.217391304347826,0,20,20,93,27,0.0,0.0,0.0,0,0,9.3,11.0,0.0,0.0,460,0,1.0,1.0,0.48947368421052656,9.300000000000004,23526059.484567083,1.0,1.0,0.25,0.15,0.6,0.7583333333333333,0.10578104929206547,0.08450510415512329,0.19028615344718877,0.65,0.65,0.65,1.0,0.0,120,0.8333333333333334,0.16666666666666666,0.0,0.1111111111111111,0.5555555555555556,0.3333333333333333,0.0,0.4027777777777778,0.5972222222222222,0.008553712969395222,0.0,0.048712558844785064,0.008553712969395222,0.03872624777758318,0.9795918367346939,0.03962435297927278,0.0,0.0,0.0,0.0,0.0,0.0,0.0,0.0,0.0,0,0,0.0,0,0,,,,93,0,,,,,,0.0,0.0,0.0,0,0.0,0.0,0.0,0.10000000000000084,0.10000000000000084,0.0,0.0,0.0,0.0,0.0,0.0,0.0038695432220676577,0.0038695432220676577,0.03597521516712062,0.03077558776096943,0.014833249017926022,0.033515090809527553,0.1211520366527526,0.2166917518895612,0.7833082481104388,unified_mainline
6,EFT,0.006194123213431885,0.13627071069550148,0.85,0.85,0.9606299212598425,0.9714285714285714,0.2682926829268293,0.44715447154471544,0.2845528455284553,0.2682926829268293,0.44715447154471544,0.2845528455284553,0.0,0.0,0.0,0.15667084381009266,0.0,2.2000000000000006,0.7340165868900196,0.7340165868900196,2.2000000000000006,0.7340165868900196,0.9156690822,0.15,0.85,0.0,0.15667084381009266,0.9910557154654791,0.0,0.7204545454545455,0.27954545454545454,0.27954545454545454,0.0,0.0,1.1474036781464192e-12,0.0,1.0201356090156447e-12,1.1415589610749843e-12,5.667387688156487e-13,90,0.0,0.0,0.0,0.10681818181818181,1.0454545454545454,17,0.015835470779256636,0.0,0.0,2.0569971770834004,2.9666987341059636,329610992.3451273,all_failed,0,,,3,22,123,5.590909090909091,0,20,20,90,33,0.0,0.0,0.0,0,0,9.1,10.0,0.0,0.0,440,0,1.0,1.0,0.4789473684210528,9.099999999999996,23756019.40072963,1.0,1.0,0.34146341463414637,0.22764227642276422,0.43089430894308944,0.6422764227642277,0.07093507920646093,0.07559554837196013,0.14653062757842109,0.7073170731707317,0.7073170731707317,0.7073170731707317,1.0,0.0,123,0.7380952380952381,0.2619047619047619,0.0,0.03571428571428571,0.8571428571428571,0.10714285714285714,0.018867924528301886,0.37735849056603776,0.6037735849056604,0.0030635113912825967,0.0,0.015994476485859027,0.0030635113912825967,0.036825503853529666,1.0,0.036825503853529666,0.0,0.0,0.0,0.0,0.0,0.0,0.0,0.0,0.0,0,0,0.0,0,0,,,,69,0,,,,,,0.0,0.0,0.0,0,0.0,0.0,0.0,0.10000000000000081,0.10000000000000081,0.0,0.0,0.0,0.0,0.0,0.0,0.005476541160875511,0.005476541160875511,0.05646469097344335,0.04323221491843138,0.019590878949473377,0.028143799802386772,0.21350888138940127,0.11646384250150488,0.8835361574984951,unified_mainline
7,EFT,-0.00025881778773030346,-0.0075057158441788,0.35,0.35,0.8163265306122449,0.8928571428571429,0.19889502762430938,0.27624309392265195,0.5248618784530387,0.19889502762430938,0.27624309392265195,0.5248618784530387,0.0004096301051976068,0.001638520420790427,0.0,0.31750013428296897,0.0,2.9000000000000012,1.9395064498427927,1.9395064498427927,2.9000000000000012,1.9395064498427927,2.2290948525577132,0.65,0.35,0.0,0.3175001342829695,0.9944136140552109,0.0,0.6879310344827586,0.3120689655172414,0.3120689655172414,0.04597701149425287,0.0,1.2886897278463483e-11,0.0,1.8249813119042192e-11,2.8833743118822364e-12,8.688171232798474e-12,145,0.0,0.0,0.0,0.4206896551724138,2.2413793103448274,7,0.032615505377648506,0.0,0.0,2.469863596938154,3.1726825099569775,1363156040.5526867,all_failed,0,,,13,29,181,6.241379310344827,0,20,20,134,36,0.0,0.0,0.0,0,0,6.979310344827586,9.0,0.0,0.0,639,0,1.0,1.0,0.3673321234119781,6.979310344827587,18117515.633289043,1.0,1.0,0.19337016574585636,0.3867403314917127,0.4198895027624309,0.5027624309392266,0.26161498142920747,0.186866003912967,0.4484809853421745,0.6795580110497238,0.6795580110497238,0.6795580110497238,0.9392265193370166,0.0030945408354254855,181,0.8571428571428571,0.14285714285714285,0.0,0.08571428571428572,0.44285714285714284,0.4714285714285714,0.0,0.18421052631578946,0.8157894736842105,0.022557119195410102,0.0,0.10611558424835166,0.022557119195410102,0.11603534678419862,0.9894736842105263,0.11969637575417345,0.0,0.0,0.0,0.0,0.0,0.0,0.0,0.0,0.0,0,0,0.0,0,0,,,,174,8,,,,,,0.0,0.0,0.0,0,0.0,0.0,0.0,0.10000000000000095,0.10000000000000095,0.0,0.0,0.0,0.0,0.0,0.0,0.005752896634664923,0.005752896634664923,-0.008341074511967958,0.10782872279495857,0.018434696398373793,0.08872177846365024,0.04322176593991721,0.672422276244774,0.327577723755226,unified_mainline
8,EFT,0.002217857251449017,0.0643178602920215,0.7,0.7,0.8901098901098901,0.9625,0.2023121387283237,0.31213872832369943,0.48554913294797686,0.2023121387283237,0.31213872832369943,0.48554913294797686,0.00020139341583781128,0.0008464360955502214,0.0,0.1940073555808331,0.0,2.9000000000000012,1.891472777014941,1.891472777014941,2.9000000000000012,1.891472777014941,2.4516078982858653,0.3,0.7,0.0,0.19400735558083299,0.9889879953778978,0.0,0.7017241379310345,0.2982758620689655,0.2982758620689655,0.012345679012345678,0.0,2.303552314175672e-11,0.0,1.0632197379456532e-11,2.5863972422102144e-12,5.472187503477431e-12,138,0.0,0.0,0.0,0.5448275862068965,2.3793103448275863,14,0.019833113695232493,0.0,0.0,2.4728655247334532,3.154650449065335,1446202027.587773,all_failed,0,,,6,29,173,5.9655172413793105,0,20,20,134,35,0.0,0.0,0.0,0,0,7.075862068965518,9.0,0.0,0.0,618,0,1.0,1.0,0.3724137931034481,7.075862068965514,21221775.149502706,1.0,1.0,0.18497109826589594,0.3583815028901734,0.45664739884393063,0.5606936416184971,0.0739894578655519,0.20567092688410166,0.2796603847496536,0.7341040462427746,0.7341040462427746,0.7341040462427746,0.930635838150289,0.0014425521507973953,173,0.84375,0.15625,0.0,0.0967741935483871,0.5806451612903226,0.3225806451612903,0.02531645569620253,0.16455696202531644,0.810126582278481,0.013587969081312528,0.0,0.06643917041261305,0.013587969081312528,0.14268762026219997,0.9642857142857143,0.14884133365653274,0.0,0.0,0.0,0.0,0.0,0.0,0.0,0.0,0.0,0,0,0.0,0,0,,,,162,2,,,,,,0.0,0.0,0.0,0,0.0,0.0,0.0,0.10000000000000095,0.10000000000000095,0.0,0.0,0.0,0.0,0.0,0.0,0.002911577549937138,0.002911577549937138,0.01926699496455304,0.06797307116777694,0.009761358259904844,0.0785942242404816,0.05328154132026395,0.5959717003825011,0.404028299617499,unified_mainline
9,EFT,0.0011507071324325627,0.03106909257567919,0.6,0.6,0.7979274611398963,0.8695652173913043,0.25443786982248523,0.3136094674556213,0.4319526627218935,0.25443786982248523,0.3136094674556213,0.4319526627218935,0.000781257744354811,0.003348247475806333,0.03717311300522129,0.29018789496309455,0.0,2.700000000000001,1.7839988068454076,1.7839988068454076,2.700000000000001,1.7839988068454076,2.194148145327646,0.4,0.6,0.0,0.2901878949630945,0.9791827361915753,0.0,0.687037037037037,0.312962962962963,0.312962962962963,0.02112676056338028,0.0,3.0595361313889846e-12,0.0,9.307782951502263e-14,2.3459470043646347e-12,2.6023942115843627e-14,126,0.0,0.0,0.0,0.30925925925925923,3.4074074074074074,12,0.030128377229395126,0.0,0.0,2.482074756847032,3.2099058322362084,1363801377.7431183,all_failed,0,,,8,27,169,6.2592592592592595,0,20,20,122,43,0.0,0.0,0.0,0,0,6.144444444444445,9.0,0.0,0.0,549,0,1.0,1.0,0.32339181286549706,6.144444444444442,14769262.934992757,1.0,1.0,0.26627218934911245,0.2603550295857988,0.47337278106508873,0.650887573964497,0.151891502136855,0.20076695894337998,0.35265846108023496,0.727810650887574,0.727810650887574,0.727810650887574,0.9112426035502958,0.004738926342058878,169,0.7777777777777778,0.15555555555555556,0.06666666666666667,0.13636363636363635,0.6363636363636364,0.22727272727272727,0.025,0.225,0.75,0.019475155269357853,0.0,0.09457324190921916,0.019475155269357853,0.10445749919733271,0.9315068493150684,0.1170971492763041,0.0,0.0,0.0,0.0,0.0,0.0,0.0,0.0,0.0,0,0,0.0,0,0,,,,142,3,,,,,,0.0,0.0,0.0,0,0.0,0.0,0.0,0.10000000000000092,0.10000000000000092,0.0,0.0,0.0,0.0,0.0,0.0,-0.0017833928556423454,-0.0017833928556423454,0.013290464179967982,0.10492859407617787,-0.005698415041697449,0.10521701115256678,0.02969622859887084,0.779886476274806,0.2201135237251939,unified_mainline
10,EFT,-0.0018002977611380887,-0.06841131492324737,0.2,0.2,0.6694214876033058,0.7702702702702703,0.23834196891191708,0.32124352331606215,0.44041450777202074,0.23834196891191708,0.32124352331606215,0.44041450777202074,0.0011334053412115493,0.005859782716467874,0.07371790323356339,0.3563579343183083,0.0,3.800000000000002,2.466844340629,2.466844340629,3.800000000000002,2.466844340629,3.0589789168740387,0.8,0.19999999999999996,0.0,0.35635793431830837,0.9839693948036607,0.0,0.7460526315789474,0.2539473684210526,0.2539473684210526,0.040268456375838924,0.0,2.638248994268899e-12,0.0,9.73651888280802e-12,2.581084434724601e-12,6.321684793480572e-13,147,0.0,0.0,0.0,0.425,2.710526315789474,4,0.03679764281361463,0.0,0.0,3.2905810686654595,3.8580289333004556,2255306666.731142,all_failed,0,,,16,38,193,5.078947368421052,0,20,20,136,46,0.0,0.0,0.0,0,0,6.7026315789473685,8.0,0.0,0.0,798,0,1.0,1.0,0.35277008310249314,6.702631578947368,18184651.62862475,1.0,1.0,0.22279792746113988,0.5181347150259067,0.25906735751295334,0.38341968911917096,0.44584228158713485,0.25192048251313326,0.6977627641002679,0.6476683937823834,0.6476683937823834,0.6476683937823834,0.9792746113989638,0.0006089588316970956,193,0.8372093023255814,0.13953488372093023,0.023255813953488372,0.09,0.48,0.43,0.02,0.16,0.82,0.0237162214338044,0.0,0.12087362713883051,0.0237162214338044,0.13167696040197585,0.9411764705882353,0.1431644724467406,0.0,0.0,0.0,0.0,0.0,0.0,0.0,0.0,0.0,0,0,0.0,0,0,,,,149,6,,,,,,0.0,0.0,0.0,0,0.0,0.0,0.0,0.09999999999999995,0.09999999999999995,0.0,0.0,0.0,0.0,0.0,0.0,-0.0031065750850748797,-0.0031065750850748797,-0.014896402526306009,0.11875347979133648,-0.012233145412730075,0.11032975938028627,0.01698788250540908,0.8665708675262722,0.13342913247372779,unified_mainline
11,EFT,-0.0007355089892308309,-0.02721383260154074,0.3,0.3,0.7335907335907336,0.8271604938271605,0.23853211009174313,0.3532110091743119,0.40825688073394495,0.23853211009174313,0.3532110091743119,0.40825688073394495,0.0008211307322205108,0.0036604623002601086,0.044887968337802814,0.4084194419900376,0.0,3.700000000000002,2.7586408676128875,2.7586408676128875,3.700000000000002,2.7586408676128875,3.3908808209287136,0.7,0.30000000000000004,0.0,0.40841944199003777,0.987570156388909,0.0,0.7054054054054054,0.2945945945945946,0.2945945945945946,0.006060606060606061,0.0,2.2568008226087066e-11,0.0,6.524002865715417e-11,5.275720832420561e-12,4.195442274840252e-11,166,0.0,0.0,0.0,0.3689189189189189,2.945945945945946,6,0.04298721077871415,0.0,0.0,3.2798634956629042,3.8257796689300934,2073792905.5600305,all_failed,0,,,14,37,218,5.891891891891892,0,20,20,158,52,0.0,0.0,0.0,0,0,8.87027027027027,11.099999999999909,0.0,0.0,841,0,1.0,1.0,0.46685633001422455,8.870270270270277,14245954.446282921,1.0,1.0,0.21100917431192662,0.41284403669724773,0.3761467889908257,0.44954128440366975,0.4349879342735004,0.23181887155591224,0.6668068058294127,0.7431192660550459,0.7431192660550459,0.7431192660550459,0.926605504587156,0.0025636994733013296,218,0.782608695652174,0.1956521739130435,0.021739130434782608,0.13333333333333333,0.6444444444444445,0.2222222222222222,0.04878048780487805,0.12195121951219512,0.8292682926829268,0.01555235278374835,0.0,0.09947585402053918,0.01555235278374835,0.14659177593903666,0.9662921348314607,0.15347585558100632,0.0,0.0,0.0,0.0,0.0,0.0,0.0,0.0,0.0,0,0,0.0,0,0,,,,165,1,,,,,,0.0,0.0,0.0,0,0.0,0.0,0.0,0.1000000000000001,0.1000000000000001,0.0,0.0,0.0,0.0,0.0,0.0,0.0022930693974236487,0.0022930693974236487,-0.00964815928973196,0.09644298531819517,0.0077838135508876164,0.1140059391486717,0.02605991268994651,0.8139452811098286,0.18605471889017142,unified_mainline
12,EFT,0.0007341711342578667,0.021290962893478135,0.55,0.55,0.8604651162790697,0.9310344827586207,0.21226415094339623,0.30660377358490565,0.4811320754716981,0.21226415094339623,0.30660377358490565,0.4811320754716981,0.0003403829199585892,0.0011821682250058787,0.0,0.2687854603877837,0.0,2.9000000000000012,2.116835375210109,2.116835375210109,2.9000000000000012,2.116835375210109,2.6344504970000013,0.4,0.6,0.0,0.2687854603877837,0.9812124358124907,0.0,0.6344827586206897,0.3655172413793103,0.3655172413793103,0.043010752688172046,0.0,1.9810042495294056e-11,0.0,3.602963413729121e-11,3.629884587352805e-12,1.4655906956789733e-11,167,0.0,0.0,0.0,0.4844827586206897,4.241379310344827,11,0.028052822159847526,0.0,0.0,2.5570160437538294,3.1051817508955795,1410310034.5147812,all_failed,0,,,8,29,212,7.310344827586207,0,20,20,152,44,0.0,0.0,0.0,0,0,6.658620689655172,9.049999999999955,0.0,0.0,655,0,1.0,1.0,0.3504537205081672,6.658620689655171,18424791.094427906,1.0,1.0,0.18867924528301888,0.44339622641509435,0.36792452830188677,0.4716981132075472,0.17975157359508093,0.20753168428695834,0.3872832578820393,0.660377358490566,0.660377358490566,0.660377358490566,0.9433962264150944,0.0009279538743740792,212,0.875,0.075,0.05,0.09574468085106383,0.4787234042553192,0.425531914893617,0.01282051282051282,0.21794871794871795,0.7692307692307693,0.020548834434137353,0.0,0.10503971044414938,0.020548834434137353,0.07873518882323208,0.8823529411764706,0.10105152503915509,0.0,0.0,0.0,0.0,0.0,0.0,0.0,0.0,0.0,0,0,0.0,0,0,,,,186,8,,,,,,0.0,0.0,0.0,0,0.0,0.0,0.0,0.10000000000000095,0.10000000000000095,0.0,0.0,0.0,0.0,0.0,0.0,0.0024366456702809834,0.0024366456702809834,0.004905065672297678,0.096160909461044,0.006666294758315908,0.08330209629297997,0.04226558096662232,0.6634039755371025,0.3365960244628976,unified_mainline
13,EFT,0.003145464881189016,0.07549115714853638,0.65,0.65,0.84375,0.7777777777777778,0.3652173913043478,0.4,0.23478260869565218,0.3652173913043478,0.4,0.23478260869565218,0.0,0.0,0.0,0.3794029354778932,0.0,2.400000000000001,0.9437453406216447,0.9437453406216447,2.400000000000001,0.9437453406216447,1.5389737796000003,0.35,0.65,0.0,0.3794029354778933,0.9817325002037919,0.0,0.7604166666666666,0.23958333333333337,0.23958333333333337,0.0,0.0,4.9842078381212573e-11,0.0,4.0347661149630984e-11,2.8412422154594497e-12,1.051982381414238e-11,73,0.0,0.0,0.0,0.04583333333333333,1.25,13,0.039096357363682194,0.0,0.0,2.039326297120806,2.962436850011014,359280065.1372679,all_failed,0,,,7,24,115,4.791666666666667,0,20,20,73,42,0.0,0.0,0.0,0,0,8.083333333333334,12.0,0.0,0.0,552,0,1.0,1.0,0.42543859649122795,8.083333333333332,15063828.042297577,1.0,1.0,0.4260869565217391,0.3391304347826087,0.23478260869565218,0.4782608695652174,0.30091471906787315,0.12797487973994612,0.42888959880781913,0.8260869565217391,0.8260869565217391,0.8260869565217391,0.9739130434782609,6.540770217391305e-05,115,0.7755102040816326,0.22448979591836735,0.0,0.07692307692307693,0.8461538461538461,0.07692307692307693,0.037037037037037035,0.07407407407407407,0.8888888888888888,0.0026811739449030553,0.0,0.017434492561916357,0.0026811739449030553,0.019314663879286462,1.0,0.019314663879286462,0.0,0.0,0.0,0.0,0.0,0.0,0.0,0.0,0.0,0,0,0.0,0,0,,,,56,0,,,,,,0.0,0.0,0.0,0,0.0,0.0,0.0,0.10000000000000085,0.10000000000000085,0.0,0.0,0.0,0.0,0.0,0.0,0.0045959086960977585,0.0045959086960977585,0.026858740115792413,0.03958604433508445,0.019182923253277598,0.03273309388243282,0.1589398531965489,0.17077576351421495,0.8292242364857851,unified_mainline
14,EFT,-0.0023311855291878658,-0.0885850501091389,0.05,0.05,0.6705426356589147,0.8108108108108109,0.31627906976744186,0.27906976744186046,0.4046511627906977,0.31627906976744186,0.27906976744186046,0.4046511627906977,0.0006832781447190953,0.0035325944897041657,0.044289593279549094,0.38436074854289504,0.0,3.800000000000002,1.6773543893020135,1.6773543893020135,3.800000000000002,1.6773543893020135,1.6773543893020135,0.85,0.15000000000000002,0.0,0.38436074854289554,0.9837810051855463,0.0,0.7171052631578947,0.2828947368421053,0.2828947368421053,0.05714285714285714,0.0,2.2476940447768712e-11,0.0,1.3837356607759865e-11,2.360196890358046e-12,8.494837212130702e-12,147,0.0,0.0,0.0,0.3618421052631579,3.526315789473684,1,0.0399565573924048,0.0,0.0,3.2926765518263585,3.8173293002096407,1993262435.0822468,all_failed,0,,,17,38,215,5.657894736842105,0,20,20,134,68,0.0,0.0,0.0,0,0,7.7,9.099999999999909,0.0,0.0,798,0,1.0,1.0,0.40526315789473694,7.699999999999995,14130921.91131484,1.0,1.0,0.3116279069767442,0.31627906976744186,0.37209302325581395,0.5069767441860465,0.4135783161531183,0.2521715013454482,0.6657498174985665,0.7255813953488373,0.7255813953488373,0.7255813953488373,0.9395348837209302,0.0031308055204272056,215,0.7761194029850746,0.14925373134328357,0.07462686567164178,0.20588235294117646,0.5588235294117647,0.23529411764705882,0.025,0.15,0.825,0.024042607831348206,0.0,0.11176672452959302,0.024042607831348206,0.15525263247663232,0.9425287356321839,0.17712156598774162,0.0,0.0,0.0,0.0,0.0,0.0,0.0,0.0,0.0,0,0,0.0,0,0,,,,175,10,,,,,,0.0,0.0,0.0,0,0.0,0.0,0.0,0.09999999999999995,0.09999999999999995,0.0,0.0,0.0,0.0,0.0,0.0,0.0026076278332686927,0.0026076278332686927,-0.025919483125147347,0.1477079060763584,0.009217661178066064,0.11514617291795089,0.02579347024710106,0.8169892468303274,0.18301075316967264,unified_mainline
15,EFT,0.007480421303035234,0.14960842606070468,0.9,0.9,0.9847328244274809,1.0,0.24615384615384617,0.3923076923076923,0.36153846153846153,0.24615384615384617,0.3923076923076923,0.36153846153846153,0.0,0.0,0.0,0.14408003211204753,0.0,2.0000000000000004,0.7489083232339646,0.7489083232339646,2.0000000000000004,0.7489083232339646,0.91051237469452,0.1,0.9,0.0,0.14408003211204753,0.9870182972507755,0.0,0.675,0.32499999999999996,0.32499999999999996,0.0,0.0,1.8424003642159015e-12,0.0,1.1416412086517891e-11,1.8400064458190535e-12,1.229277062086974e-11,98,0.0,0.0,0.0,0.115,1.45,18,0.014604698524426007,0.0,0.0,2.062660463262361,2.973716204909736,332908730.04911554,all_failed,0,,,2,20,130,6.5,0,20,20,97,32,0.0,0.0,0.0,0,0,6.8,9.099999999999909,0.0,0.0,420,0,1.0,1.0,0.35789473684210527,6.799999999999999,24479703.375503562,1.0,1.0,0.26153846153846155,0.2230769230769231,0.5153846153846153,0.7384615384615385,0.013933132401805113,0.08682513829674803,0.10075827069855317,0.7461538461538462,0.7461538461538462,0.7461538461538462,0.9846153846153847,0.0002351132607371795,130,0.8235294117647058,0.17647058823529413,0.0,0.10344827586206896,0.8275862068965517,0.06896551724137931,0.014925373134328358,0.31343283582089554,0.6716417910447762,0.00445754160107776,0.0,0.02308626342929036,0.00445754160107776,0.026755908420031227,1.0,0.026755908420031227,0.0,0.0,0.0,0.0,0.0,0.0,0.0,0.0,0.0,0,0,0.0,0,0,,,,95,0,,,,,,0.0,0.0,0.0,0,0.0,0.0,0.0,0.10000000000000074,0.10000000000000074,0.0,0.0,0.0,0.0,0.0,0.0,0.006171162373999867,0.006171162373999867,0.06863305065635245,0.036360106869474405,0.018988191919999585,0.026837638056641636,0.19209631821084863,0.12258325987519181,0.8774167401248082,unified_mainline
16,EFT,0.0009104245100174441,0.02640231079050588,0.5,0.5,0.896551724137931,1.0,0.21890547263681592,0.3482587064676617,0.43283582089552236,0.21890547263681592,0.3482587064676617,0.43283582089552236,0.00037787501627133916,0.0013959713976902976,0.0,0.21019451648805154,0.0,2.9000000000000012,1.9173917810340804,1.9173917810340804,2.9000000000000012,1.9173917810340804,2.4051320270000005,0.5,0.5,0.0,0.21019451648805143,0.9932469256766205,0.0,0.653448275862069,0.346551724137931,0.346551724137931,0.012195121951219513,0.0,2.3660068695918746e-11,0.0,3.567486774741499e-11,4.534874645939491e-12,2.7452617869933e-11,157,0.0,0.0,0.0,0.4862068965517241,3.2413793103448274,11,0.02154062638982754,0.0,0.0,2.502187118502156,3.1324647102430463,1212765744.2129285,all_failed,0,,,10,29,201,6.931034482758621,0,20,20,146,44,0.0,0.0,0.0,0,0,8.210344827586207,12.0,0.0,0.0,644,0,1.0,1.0,0.4321234119782216,8.210344827586205,20995000.498899978,0.8999999999999996,1.0,0.18407960199004975,0.3781094527363184,0.43781094527363185,0.5989010989010989,0.05409087738980439,0.21451922836993847,0.2714081600271411,0.6567164179104478,0.6567164179104478,0.6567164179104478,0.8955223880597015,0.0030596196713377627,201,0.7837837837837838,0.13513513513513514,0.08108108108108109,0.14473684210526316,0.5526315789473685,0.3026315789473684,0.045454545454545456,0.26136363636363635,0.6931818181818182,0.023532798247473948,0.0,0.10408633994703198,0.023532798247473948,0.10369688829983684,0.9195402298850575,0.12040580868491038,0.0,0.0,0.0,0.0,0.0,0.0,0.0,0.0,0.0,0,0,0.0,0,0,,,,164,2,,,,,,0.0,0.0,0.0,0,0.0,0.0,0.0,0.10000000000000095,0.10000000000000095,0.0,0.0,0.0,0.0,0.0,0.0,0.004959332662093956,0.004959332662093956,0.004144912438080481,0.1198769159817288,0.014310512159276093,0.08737429888566636,0.0396525366708208,0.687841262067905,0.3121587379320949,unified_mainline
17,EFT,-0.0009482970033613271,-0.035086989124369104,0.2,0.2,0.7509433962264151,0.8472222222222222,0.3013698630136986,0.3607305936073059,0.3378995433789954,0.3013698630136986,0.3607305936073059,0.3378995433789954,0.0,0.0,0.0,0.4385730056463737,0.0,3.700000000000002,2.622118533072533,2.622118533072533,3.700000000000002,2.622118533072533,3.5520160716885982,0.8,0.19999999999999996,0.0,0.438573005646373,0.9902678789917518,0.0,0.7040540540540541,0.2959459459459459,0.2959459459459459,0.0,0.0,3.796460715244088e-11,0.0,1.4609683254840313e-11,3.1947001467858005e-12,5.714687599002446e-12,153,0.0,0.0,0.0,0.4175675675675676,2.4324324324324325,4,0.04560461517402894,0.0,0.0,3.334221276510361,3.8276286322318924,2070254275.8367112,all_failed,0,,,16,37,219,5.918918918918919,0,20,20,151,66,0.0,0.0,0.0,0,0,6.867567567567567,10.0,0.0,0.0,903,0,1.0,1.0,0.3614509246088194,6.867567567567574,14975740.368474519,1.0,1.0,0.2374429223744292,0.5296803652968036,0.2328767123287671,0.3333333333333333,0.41941746483956033,0.20769031917718017,0.6271077840167405,0.639269406392694,0.639269406392694,0.639269406392694,0.958904109589041,0.001625344090236765,219,0.7884615384615384,0.15384615384615385,0.057692307692307696,0.20689655172413793,0.5172413793103449,0.27586206896551724,0.0196078431372549,0.21568627450980393,0.7647058823529411,0.027974101207584257,0.0,0.1487241000817571,0.027974101207584257,0.09505196237591468,0.918918918918919,0.12114020117571685,0.0,0.0,0.0,0.0,0.0,0.0,0.0,0.0,0.0,0,0,0.0,0,0,,,,146,0,,,,,,0.0,0.0,0.0,0,0.0,0.0,0.0,0.1000000000000001,0.1000000000000001,0.0,0.0,0.0,0.0,0.0,0.0,0.005717799939943307,0.005717799939943307,-0.015200769973556577,0.09005240297918393,0.019320419888392924,0.10686955399994706,0.015774973031202705,0.8713764616076499,0.12862353839235005,unified_mainline
18,EFT,0.0008965840840033508,0.026000938436097173,0.45,0.45,0.7463414634146341,0.8108108108108109,0.20903954802259886,0.3389830508474576,0.4519774011299435,0.20903954802259886,0.3389830508474576,0.4519774011299435,0.0007533618648938189,0.0031210705831315353,0.01539609937402329,0.32707694786573427,0.0,2.9000000000000012,1.9848993526775986,1.9848993526775986,2.9000000000000012,1.9848993526775986,2.640660628000001,0.55,0.44999999999999996,0.0,0.327076947865734,0.9766051090314765,0.0,0.6948275862068966,0.30517241379310345,0.30517241379310345,0.013888888888888888,0.0,2.3939935103745036e-11,0.0,1.4466554169867409e-11,3.0263161768240288e-12,1.2551219698980742e-11,140,0.0,0.0,0.0,0.31551724137931036,2.2758620689655173,9,0.03437188164177303,0.0,0.0,2.5866199423831278,3.107457483534459,1397704388.2133205,all_failed,0,,,11,29,177,6.103448275862069,0,20,20,134,37,0.0,0.0,0.0,0,0,6.1,8.0,0.0,0.0,638,0,1.0,1.0,0.3210526315789473,6.099999999999997,19208914.428414743,1.0,1.0,0.15819209039548024,0.559322033898305,0.2824858757062147,0.3615819209039548,0.38828525362569116,0.1665383716430988,0.55482362526879,0.7062146892655368,0.7062146892655368,0.7062146892655368,0.9774011299435028,0.00047715243427996025,177,0.8571428571428571,0.14285714285714285,0.0,0.12121212121212122,0.5454545454545454,0.3333333333333333,0.02,0.04,0.94,0.016796528253048375,0.0,0.09750256392745478,0.016796528253048375,0.08861119628281901,0.9875,0.09334157892431243,0.0,0.0,0.0,0.0,0.0,0.0,0.0,0.0,0.0,0,0,0.0,0,0,,,,144,2,,,,,,0.0,0.0,0.0,0,0.0,0.0,0.0,0.10000000000000095,0.10000000000000095,0.0,0.0,0.0,0.0,0.0,0.0,0.008963013703247471,0.008963013703247471,2.8271367860333403e-06,0.08826922960614801,0.02937032738917251,0.0740214953352492,0.025816870455391973,0.7414133309280184,0.2585866690719815,unified_mainline
19,EFT,-0.0025893863240262385,-0.09321790766494459,0.15,0.15,0.6346863468634686,0.782608695652174,0.3024390243902439,0.3073170731707317,0.3902439024390244,0.3024390243902439,0.3073170731707317,0.3902439024390244,0.00106236146505524,0.005348952831047362,0.06391041699966024,0.4505294992408357,0.0,3.600000000000002,2.1583940794552516,2.1583940794552516,3.600000000000002,2.1583940794552516,2.388075006874945,0.75,0.25,0.0,0.4505294992408363,0.9849260768036772,0.0,0.7152777777777778,0.2847222222222222,0.2847222222222222,0.05732484076433121,0.0,1.0698860200553106e-11,0.0,6.2499567153595495e-12,3.6130775021153694e-12,1.535651475230957e-13,143,0.0,0.0,0.0,0.3472222222222222,3.0555555555555554,3,0.04672146901024122,0.0,0.0,3.3055469623535374,3.818203579394479,1916388030.3550575,all_failed,0,,,15,36,205,5.694444444444445,0,20,20,132,62,0.0,0.0,0.0,0,0,7.947222222222222,12.0,0.0,0.0,864,0,1.0,1.0,0.4182748538011693,7.947222222222223,19016802.364780445,1.0,1.0,0.2731707317073171,0.375609756097561,0.35121951219512193,0.44878048780487806,0.5081406612035828,0.2539318773185078,0.7620725385220906,0.7317073170731707,0.7317073170731707,0.7317073170731707,0.9512195121951219,0.002289897422170477,205,0.8214285714285714,0.14285714285714285,0.03571428571428571,0.19480519480519481,0.5714285714285714,0.23376623376623376,0.013888888888888888,0.1527777777777778,0.8333333333333334,0.02427654566492671,0.0,0.14233440946958154,0.02427654566492671,0.13605509897242302,0.9375,0.15776694411836156,0.0,0.0,0.0,0.0,0.0,0.0,0.0,0.0,0.0,0,0,0.0,0,0,,,,157,9,,,,,,0.0,0.0,0.0,0,0.0,0.0,0.0,0.10000000000000026,0.10000000000000026,0.0,0.0,0.0,0.0,0.0,0.0,-0.004742854037813303,-0.004742854037813303,-0.021151009202449063,0.10663680925397381,-0.01665782881573456,0.1558504984068638,0.026028909755143534,0.8568891881814431,0.14311081181855692,unified_mainline
20,EFT,0.007592929696181485,0.1594515236198112,0.95,0.95,0.9776119402985075,1.0,0.23529411764705882,0.4264705882352941,0.3382352941176471,0.23529411764705882,0.4264705882352941,0.3382352941176471,0.0005065984929490266,0.0020458785292172227,0.0,0.09916892000810917,0.0,2.1000000000000005,0.7934639633061377,0.7934639633061377,2.1000000000000005,0.7934639633061377,1.0145518375,0.05,0.95,0.0,0.09916892000810919,0.9801117621540908,0.0,0.6761904761904762,0.32380952380952377,0.32380952380952377,0.011363636363636364,0.0,1.4274012527515367e-11,0.0,2.8279015414078784e-11,3.373539511977719e-12,1.999972054286806e-11,104,0.0,0.0,0.0,0.06428571428571428,1.4285714285714286,19,0.010158179874507607,0.0,0.0,2.0792235099024396,2.9383335485692545,361703479.30230093,all_failed,0,,,1,21,136,6.476190476190476,0,20,20,101,32,0.0,0.0,0.0,0,0,6.466666666666667,8.0,0.0,0.0,441,0,1.0,1.0,0.34035087719298246,6.466666666666669,27885139.427079707,1.0,1.0,0.25735294117647056,0.10294117647058823,0.6397058823529411,0.8529411764705882,-0.026466350027599915,0.10196620514717086,0.07549985511957097,0.6470588235294118,0.6470588235294118,0.6470588235294118,0.9926470588235294,3.973595549709902e-05,136,0.8571428571428571,0.14285714285714285,0.0,0.14285714285714285,0.8571428571428571,0.0,0.0,0.47126436781609193,0.5287356321839081,0.005337109311832087,0.0,0.026546679653612945,0.005337109311832087,0.027233441757908466,1.0,0.027233441757908466,0.0,0.0,0.0,0.0,0.0,0.0,0.0,0.0,0.0,0,0,0.0,0,0,,,,88,1,,,,,,0.0,0.0,0.0,0,0.0,0.0,0.0,0.10000000000000078,0.10000000000000078,0.0,0.0,0.0,0.0,0.0,0.0,0.005080331123385885,0.005080331123385885,0.07084896583842897,0.04947350693779124,0.015689257881044655,0.03264198315296827,0.19003230888263473,0.14659071262590656,0.8534092873740935,unified_mainline
21,EFT,-0.0017119820640978255,-0.04622351573064129,0.2,0.2,0.7277227722772277,0.864406779661017,0.31952662721893493,0.31952662721893493,0.3609467455621302,0.31952662721893493,0.31952662721893493,0.3609467455621302,0.0003485721442097337,0.0016367735467239669,0.0,0.4237994058041102,0.0,2.700000000000001,1.5606460721682498,1.5606460721682498,2.700000000000001,1.5606460721682498,1.787965515532562,0.8,0.19999999999999996,0.0,0.42379940580410974,0.9918792629260447,0.0,0.687037037037037,0.312962962962963,0.312962962962963,0.015384615384615385,0.0,1.9915995935759767e-11,0.0,2.1080469748274677e-11,5.4076695378546535e-12,6.597643807150489e-12,115,0.0,0.0,0.0,0.44074074074074077,2.814814814814815,4,0.043854595854829995,0.0,0.0,2.4742209483126216,3.200308048338608,1431590797.2713675,all_failed,0,,,16,27,169,6.2592592592592595,0,20,20,113,54,0.0,0.0,0.0,0,0,10.851851851851851,15.0,0.0,0.0,692,0,1.0,1.0,0.5711500974658866,10.851851851851857,12751730.49537252,1.0,1.0,0.28402366863905326,0.4319526627218935,0.28402366863905326,0.41420118343195267,0.3919308855331432,0.24217522429136884,0.634106109824512,0.8165680473372781,0.8165680473372781,0.8165680473372781,0.9704142011834319,0.0003459135942585765,169,0.9166666666666666,0.08333333333333333,0.0,0.136986301369863,0.6575342465753424,0.2054794520547945,0.0,0.041666666666666664,0.9583333333333334,0.013071216689063126,0.0,0.08884509172561948,0.013071216689063126,0.1918403221916781,0.9836065573770492,0.20094887629499278,0.0,0.0,0.0,0.0,0.0,0.0,0.0,0.0,0.0,0,0,0.0,0,0,,,,130,2,,,,,,0.0,0.0,0.0,0,0.0,0.0,0.0,0.10000000000000092,0.10000000000000092,0.0,0.0,0.0,0.0,0.0,0.0,0.003130662980787732,0.003130662980787732,-0.02025048362176599,0.139945916079294,0.010003301832102811,0.10268039997975852,0.030334385230601498,0.7719472674964042,0.22805273250359592,unified_mainline
22,EFT,0.0013920682789459013,0.037585843531539334,0.55,0.55,0.8979591836734694,0.9634146341463414,0.2,0.3230769230769231,0.47692307692307695,0.2,0.3230769230769231,0.47692307692307695,8.343505621599379e-05,0.0002888136561322862,0.0,0.2917531820686959,0.0,2.700000000000001,1.8445162825486585,1.8445162825486585,2.700000000000001,1.8445162825486585,2.351502503013465,0.45,0.55,0.0,0.2917531820686959,0.9803238603560249,0.0,0.6388888888888888,0.36111111111111116,0.36111111111111116,0.011049723756906077,0.0,2.653932412374771e-12,0.0,1.0642531430779466e-11,2.3735956776460565e-12,1.1472691460040447e-11,156,0.0,0.0,0.0,0.4740740740740741,2.962962962962963,11,0.03051038945557855,0.0,0.0,2.486655406460584,3.1947162658337436,1271916218.1138947,all_failed,0,,,9,27,195,7.222222222222222,0,20,20,145,39,0.0,0.0,0.0,0,0,7.9037037037037035,12.0,0.0,0.0,566,0,1.0,1.0,0.4159844054580895,7.903703703703707,15655772.141818011,1.0,1.0,0.17435897435897435,0.358974358974359,0.4666666666666667,0.5641025641025641,0.04257403961026994,0.18358676174471494,0.22616080135498492,0.7076923076923077,0.7076923076923077,0.7076923076923077,0.9333333333333333,0.0031668419211074174,195,0.8529411764705882,0.08823529411764706,0.058823529411764705,0.14285714285714285,0.5571428571428572,0.3,0.0,0.23076923076923078,0.7692307692307693,0.024220063698577134,0.0,0.09322701609855927,0.024220063698577134,0.1166471936025256,0.967741935483871,0.12739849821424534,0.0,0.0,0.0,0.0,0.0,0.0,0.0,0.0,0.0,0,0,0.0,0,0,,,,181,2,,,,,,0.0,0.0,0.0,0,0.0,0.0,0.0,0.10000000000000092,0.10000000000000092,0.0,0.0,0.0,0.0,0.0,0.0,0.0050760427020364466,0.0050760427020364466,0.008844640087422567,0.11191602397272948,0.014056733636408612,0.08745096631777104,0.05249529975556437,0.6248896006410382,0.3751103993589618,unified_mainline
23,EFT,0.009864037113649186,0.16768863093203618,1.0,1.0,1.0,1.0,0.22302158273381295,0.39568345323741005,0.381294964028777,0.22302158273381295,0.39568345323741005,0.381294964028777,0.0008999579449259173,0.0028332009377297403,0.0,0.16429785867094707,0.0,1.7000000000000004,0.9355353669107396,0.9355353669107396,1.7000000000000004,0.9355353669107396,1.4248633909132946,0.0,1.0,0.0,0.16429785867094707,0.9784685053365945,0.0,0.5911764705882353,0.4088235294117647,0.4088235294117647,0.0,0.0,1.408381549404536e-12,0.0,8.190143008235395e-12,1.4065334183813172e-12,9.792692481566677e-12,108,0.0,0.0,0.0,0.22941176470588234,1.411764705882353,20,0.016813114955944553,0.0,0.0,2.0983958473820516,2.940835817672691,341993336.7855154,success_all_done,0,,,0,17,139,8.176470588235293,0,20,20,107,31,0.0,0.0,0.0,0,0,7.5058823529411764,9.0,0.0,0.0,340,0,1.0,1.0,0.39504643962848296,7.505882352941178,22163501.8747331,1.0,1.0,0.23741007194244604,0.34532374100719426,0.4172661870503597,0.6187050359712231,0.005287001920985139,0.08702284811188549,0.09230985003287061,0.762589928057554,0.762589928057554,0.762589928057554,1.0,0.0,139,0.8484848484848485,0.15151515151515152,0.0,0.0625,0.7291666666666666,0.20833333333333334,0.0,0.25862068965517243,0.7413793103448276,0.0022207365945035138,0.0,0.014302371348616696,0.0022207365945035138,0.023741811734836932,1.0,0.023741811734836932,0.0,0.0,0.0,0.0,0.0,0.0,0.0,0.0,0.0,0,0,0.0,0,0,,,,101,0,,,,,,0.0,0.0,0.0,0,0.0,0.0,0.0,0.10000000000000063,0.10000000000000063,0.0,0.0,0.0,0.0,0.0,0.0,0.00732305304719051,0.00732305304719051,0.09131731808930138,0.04508603271856652,0.01791250385643724,0.02208059362010754,0.13272410579806598,0.14263516355185893,0.8573648364481411,unified_mainline
24,EFT,0.0020012371739085814,0.054033403695531695,0.55,0.55,0.7938931297709924,0.7948717948717948,0.2782608695652174,0.3652173913043478,0.3565217391304348,0.2782608695652174,0.3652173913043478,0.3565217391304348,6.19531915405126e-06,4.030689570105639e-05,0.0,0.3127738760457289,0.0,2.700000000000001,0.7133372185725171,0.7133372185725171,2.700000000000001,0.7133372185725171,0.847384932132941,0.45,0.55,0.0,0.31277387604572904,0.9908094994743204,0.0,0.7870370370370371,0.2129629629629629,0.2129629629629629,0.0,0.0,7.137596069739516e-12,0.0,4.260719641685444e-12,8.734244881167252e-13,4.0003806473995275e-12,83,0.0,0.0,0.0,0.040740740740740744,1.2962962962962963,11,0.03173100356745093,0.0,0.0,2.0999987068448283,3.0093450691566686,362321687.5142518,all_failed,0,,,9,27,115,4.2592592592592595,0,20,20,81,32,0.0,0.0,0.0,0,0,6.7,10.0,0.0,0.0,560,0,1.0,1.0,0.35263157894736863,6.699999999999998,13608917.989525797,1.0,1.0,0.3391304347826087,0.17391304347826086,0.48695652173913045,0.7304347826086957,0.10710983717659339,0.14391729711599963,0.251027134292593,0.7565217391304347,0.7565217391304347,0.7565217391304347,0.991304347826087,0.0002906194169202899,115,0.7948717948717948,0.1794871794871795,0.02564102564102564,0.0,0.9,0.1,0.017857142857142856,0.30357142857142855,0.6785714285714286,0.0038722482644197777,0.0,0.029044467940285697,0.0038722482644197777,0.020120481673215004,0.975609756097561,0.020749080898483385,0.0,0.0,0.0,0.0,0.0,0.0,0.0,0.0,0.0,0,0,0.0,0,0,,,,80,0,,,,,,0.0,0.0,0.0,0,0.0,0.0,0.0,0.10000000000000092,0.10000000000000092,0.0,0.0,0.0,0.0,0.0,0.0,0.0034599485490841935,0.0034599485490841935,0.016552423190001612,0.034346772636213024,0.01624671492613447,0.030478582595027004,0.10083416264795177,0.2321068114037977,0.7678931885962024,unified_mainline
25,EFT,-0.002223669467296716,-0.06671008401890148,0.15,0.15,0.5643564356435643,0.6909090909090909,0.2550335570469799,0.3691275167785235,0.37583892617449666,0.2550335570469799,0.3691275167785235,0.37583892617449666,0.00022504322603124807,0.0012164498704391787,0.0,0.3483195900329189,0.0,3.0000000000000013,1.4065551022361085,1.4065551022361085,3.0000000000000013,1.4065551022361085,1.5324923151583447,0.85,0.15000000000000002,0.0,0.3483195900329186,0.9700915312011779,0.0,0.7516666666666667,0.2483333333333333,0.2483333333333333,0.0,0.0,1.00049912798994e-10,0.0,4.673397627219478e-10,4.886582458119015e-12,2.2673124055322306e-11,111,0.0,0.0,0.0,0.22666666666666666,2.0,3,0.037267897192722284,0.0,0.0,2.5531247620821786,3.205941762406058,1316568796.419455,all_failed,0,,,17,30,149,4.966666666666667,0,20,20,110,38,0.0,0.0,0.0,0,0,15.3,17.049999999999955,0.0,0.0,855,0,1.0,1.0,0.8052631578947367,15.300000000000008,11277711.263431957,0.9499999999999995,1.0,0.2214765100671141,0.3624161073825503,0.4161073825503356,0.5179856115107914,0.5334865971430084,0.2816614249870186,0.821406612066541,0.7583892617449665,0.7583892617449665,0.7583892617449665,0.8523489932885906,0.003337296187140813,149,0.8181818181818182,0.18181818181818182,0.0,0.18518518518518517,0.6851851851851852,0.12962962962962962,0.016129032258064516,0.1935483870967742,0.7903225806451613,0.01857137341741927,0.0,0.07510294444907598,0.01857137341741927,0.08892476838326277,0.9464285714285714,0.10216457869442246,0.0,0.0,0.0,0.0,0.0,0.0,0.0,0.0,0.0,0,0,0.0,0,0,,,,103,0,,,,,,0.0,0.0,0.0,0,0.0,0.0,0.0,0.10000000000000098,0.10000000000000098,0.0,0.0,0.0,0.0,0.0,0.0,-0.0004933602765327043,-0.0004933602765327043,-0.021743334396434458,0.0917481594577173,-0.001986685677312907,0.11211584061371375,0.0,1.0,0.0,unified_mainline
26,EFT,0.003089798745592908,0.08342456613100852,0.75,0.75,0.9052631578947369,0.9204545454545454,0.21081081081081082,0.2864864864864865,0.5027027027027027,0.21081081081081082,0.2864864864864865,0.5027027027027027,0.000572625758523284,0.0021179308876888587,0.0,0.2266405085271922,0.0,2.700000000000001,1.893372747939123,1.893372747939123,2.700000000000001,1.893372747939123,2.2321148938920254,0.25,0.75,0.0,0.22664050852719222,0.9804943979342685,0.0,0.6574074074074074,0.34259259259259256,0.34259259259259256,0.011111111111111112,0.0,9.874977571766586e-12,0.0,1.516398742684721e-11,2.296376196836425e-12,7.914704829026214e-12,146,0.0,0.0,0.0,0.5111111111111111,2.962962962962963,15,0.02333849212150147,0.0,0.0,2.4532237025918335,3.233518493121906,1270002574.4439793,all_failed,0,,,5,27,185,6.851851851851852,0,20,20,141,39,0.0,0.0,0.0,0,0,5.555555555555555,8.0,0.0,0.0,565,0,1.0,1.0,0.2923976608187135,5.555555555555554,22266367.26895747,1.0,1.0,0.1783783783783784,0.4,0.42162162162162165,0.5513513513513514,0.10711917053313191,0.183395314656632,0.2905144851897639,0.6756756756756757,0.6756756756756757,0.6756756756756757,0.9027027027027027,0.0022819885493336823,185,0.8484848484848485,0.09090909090909091,0.06060606060606061,0.13513513513513514,0.47297297297297297,0.3918918918918919,0.01282051282051282,0.19230769230769232,0.7948717948717948,0.02049423166906203,0.0,0.09375730052924332,0.02049423166906203,0.09789224618411417,0.9354838709677419,0.11357501965630365,0.0,0.0,0.0,0.0,0.0,0.0,0.0,0.0,0.0,0,0,0.0,0,0,,,,180,2,,,,,,0.0,0.0,0.0,0,0.0,0.0,0.0,0.10000000000000092,0.10000000000000092,0.0,0.0,0.0,0.0,0.0,0.0,0.006535759034983796,0.006535759034983796,0.02436222842094528,0.1378958426298887,0.019077350696709492,0.08901402874202716,0.03172315619626527,0.737254465453384,0.2627455345466159,unified_mainline
27,EFT,0.0013059464345695651,0.036566500167947824,0.5,0.5,0.8284313725490197,0.873015873015873,0.28125,0.3385416666666667,0.3802083333333333,0.28125,0.3385416666666667,0.3802083333333333,0.0002080937375874786,0.0008444383554274494,0.0,0.4171522748046866,0.0,2.800000000000001,1.8459469504425674,1.8459469504425674,2.800000000000001,1.8459469504425674,2.394198405076383,0.5,0.5,0.0,0.4171522748046868,0.9865317784121393,0.0,0.6571428571428571,0.34285714285714286,0.34285714285714286,0.055944055944055944,0.0,3.038945831090878e-11,0.0,2.5583396078692926e-11,3.7209640750546225e-12,2.0568690153877042e-11,138,0.0,0.0,0.0,0.32857142857142857,3.142857142857143,10,0.043540108481692735,0.0,0.0,2.4970413012828216,3.172253593453844,1265525434.1080022,all_failed,0,,,10,28,192,6.857142857142857,0,20,20,128,54,0.0,0.0,0.0,0,0,8.653571428571428,12.049999999999955,0.0,0.0,782,0,1.0,1.0,0.45545112781954894,8.653571428571425,18788815.92813743,1.0,1.0,0.23958333333333334,0.4114583333333333,0.3489583333333333,0.4791666666666667,0.3365568764159177,0.1923394543725437,0.5288963307884614,0.7552083333333334,0.7552083333333334,0.7552083333333334,0.9375,0.0010510756624849287,192,0.9130434782608695,0.08695652173913043,0.0,0.11392405063291139,0.6329113924050633,0.25316455696202533,0.04477611940298507,0.16417910447761194,0.7910447761194029,0.008270195837351587,0.0,0.04401857700652323,0.008270195837351587,0.07759681988097239,1.0,0.07759681988097239,0.0,0.0,0.0,0.0,0.0,0.0,0.0,0.0,0.0,0,0,0.0,0,0,,,,143,8,,,,,,0.0,0.0,0.0,0,0.0,0.0,0.0,0.10000000000000094,0.10000000000000094,0.0,0.0,0.0,0.0,0.0,0.0,0.008604545659183383,0.008604545659183383,0.00445491868651226,0.12247032973667095,0.02509659150595155,0.07103476651045766,0.013588760127344723,0.8394210136679123,0.16057898633208764,unified_mainline
28,EFT,-0.0021153522282622485,-0.07615268021744095,0.1,0.1,0.5387596899224806,0.5789473684210527,0.2937853107344633,0.3728813559322034,0.3333333333333333,0.2937853107344633,0.3728813559322034,0.3333333333333333,0.0,0.0,0.0,0.5834122452701164,0.0,3.600000000000002,2.3494778730798904,2.3494778730798904,3.600000000000002,2.3494778730798904,2.390248392451791,0.9,0.09999999999999998,0.0,0.5834122452701161,0.9750729624143204,0.0,0.7541666666666667,0.24583333333333335,0.24583333333333335,0.0,0.0,3.992138619679508e-09,0.0,9.400390396652178e-11,3.9790233330450064e-09,6.159184382133188e-12,125,0.0,0.0,0.0,0.34305555555555556,4.222222222222222,2,0.06108813315211206,0.0,0.0,3.3136907591477938,3.918690898654288,1915587509.2339833,all_failed,0,,,18,36,177,4.916666666666667,0,20,20,123,52,0.0,0.0,0.0,0,0,14.11111111111111,17.0,0.0,0.0,1069,0,1.0,1.0,0.7426900584795322,14.111111111111116,11724061.816306662,0.9499999999999997,1.0,0.23163841807909605,0.4745762711864407,0.2937853107344633,0.4121212121212121,0.9653263381065037,0.2551028352086396,1.2181876031930123,0.768361581920904,0.768361581920904,0.768361581920904,0.9661016949152542,0.0011651048673753399,177,0.8048780487804879,0.1951219512195122,0.0,0.19047619047619047,0.6666666666666666,0.14285714285714285,0.057692307692307696,0.038461538461538464,0.9038461538461539,0.025800767005209883,0.0,0.17306151379604937,0.025800767005209883,0.09619392288589892,0.9661016949152542,0.1084499618297651,0.0,0.0,0.0,0.0,0.0,0.0,0.0,0.0,0.0,0,0,0.0,0,0,,,,116,0,,,,,,0.0,0.0,0.0,0,0.0,0.0,0.0,0.10000000000000026,0.10000000000000026,0.0,0.0,0.0,0.0,0.0,0.0,0.0005755431645839258,0.0005755431645839258,-0.0217290654472064,0.13019074833159808,0.002341192533900678,0.12403800045272481,0.007432549712335903,0.9434660484572068,0.05653395154279319,unified_mainline
29,EFT,0.005129218181785773,0.12310123636285855,0.85,0.85,0.9398496240601504,0.9555555555555556,0.1893939393939394,0.44696969696969696,0.36363636363636365,0.1893939393939394,0.44696969696969696,0.36363636363636365,0.0003825067727903424,0.0017159182330781717,0.0,0.14536913495337303,0.0,2.400000000000001,0.948575659497119,0.948575659497119,2.400000000000001,0.948575659497119,1.4326234484866234,0.15,0.85,0.0,0.14536913495337303,0.9791815538622013,0.0,0.725,0.275,0.275,0.012345679012345678,0.0,4.398613070999424e-11,0.0,1.1680210791620167e-11,1.5429326653132458e-12,1.168411786593709e-11,107,0.0,0.0,0.0,0.06875,0.875,17,0.015199748769158146,0.0,0.0,2.065858037708207,3.001708173800598,317421634.95768845,all_failed,0,,,3,24,132,5.5,0,20,20,104,24,0.0,0.0,0.0,0,0,7.570833333333334,11.0,0.0,0.0,504,0,1.0,1.0,0.39846491228070174,7.570833333333333,21379261.436585832,1.0,1.0,0.25,0.13636363636363635,0.6136363636363636,0.7348484848484849,0.04454357111596077,0.07168027919673363,0.11622385031269439,0.6060606060606061,0.6060606060606061,0.6060606060606061,0.946969696969697,0.0005650093544599383,132,0.6666666666666666,0.30303030303030304,0.030303030303030304,0.05555555555555555,0.7777777777777778,0.16666666666666666,0.024691358024691357,0.43209876543209874,0.5432098765432098,0.005147308628647912,0.0,0.023826315268103502,0.005147308628647912,0.023864513003096912,0.9791666666666666,0.024685051209811248,0.0,0.0,0.0,0.0,0.0,0.0,0.0,0.0,0.0,0,0,0.0,0,0,,,,81,1,,,,,,0.0,0.0,0.0,0,0.0,0.0,0.0,0.10000000000000085,0.10000000000000085,0.0,0.0,0.0,0.0,0.0,0.0,0.0032268123317501806,0.0032268123317501806,0.04806536948610754,0.029340410684617024,0.011733863024546116,0.025188660859040535,0.18502763671670935,0.11982258820805265,0.8801774117919473,unified_mainline
30,EFT,0.0020882120738700957,0.050117089772882296,0.55,0.55,0.8478260869565217,0.875,0.24615384615384617,0.47692307692307695,0.27692307692307694,0.24615384615384617,0.47692307692307695,0.27692307692307694,0.00014590951058372558,0.0007146588273488601,0.0,0.27646410843037555,0.0,2.400000000000001,1.012802881219451,1.012802881219451,2.400000000000001,1.012802881219451,1.8179211845000005,0.45,0.55,0.0,0.27646410843037567,0.9886340134874835,0.0,0.7291666666666666,0.27083333333333337,0.27083333333333337,0.014492753623188406,0.0,3.714510903723989e-12,0.0,1.1493939394008322e-11,2.408816418900117e-12,1.2398760750736973e-11,98,0.0,0.0,0.0,0.07708333333333334,1.2916666666666667,11,0.028164761630146393,0.0,0.0,2.1131573579515566,2.9835026879503515,307991314.3581758,all_failed,0,,,9,24,130,5.416666666666667,0,20,20,94,32,0.0,0.0,0.0,0,0,7.2,10.0,0.0,0.0,550,0,1.0,1.0,0.37894736842105275,7.199999999999998,19637793.64520253,1.0,1.0,0.2692307692307692,0.26153846153846155,0.46923076923076923,0.676923076923077,0.028746734469467277,0.11410261823154905,0.14284935270101634,0.7384615384615385,0.7384615384615385,0.7384615384615385,0.9692307692307692,0.00033014802836538464,130,0.8285714285714286,0.17142857142857143,0.0,0.029411764705882353,0.9411764705882353,0.029411764705882353,0.03278688524590164,0.39344262295081966,0.5737704918032787,0.0034625777337465302,0.0,0.02221389402832176,0.0034625777337465302,0.01976489538728746,1.0,0.01976489538728746,0.0,0.0,0.0,0.0,0.0,0.0,0.0,0.0,0.0,0,0,0.0,0,0,,,,69,1,,,,,,0.0,0.0,0.0,0,0.0,0.0,0.0,0.10000000000000085,0.10000000000000085,0.0,0.0,0.0,0.0,0.0,0.0,0.004988500207762496,0.004988500207762496,0.015893620530938464,0.03535682940233151,0.018419077690199973,0.02443124624543632,0.12935042970516114,0.15886968388408568,0.8411303161159143,unified_mainline
31,EFT,0.0005981432723840401,0.016748011626753122,0.4,0.4,0.7947368421052632,0.8703703703703703,0.27647058823529413,0.38235294117647056,0.3411764705882353,0.27647058823529413,0.38235294117647056,0.3411764705882353,0.00015976116625983608,0.000727367911426896,0.0,0.3787467185723537,0.0,2.800000000000001,1.7378765823910869,1.7378765823910869,2.800000000000001,1.7378765823910869,2.066216403924197,0.6,0.4,0.0,0.378746718572354,0.9913152796106063,0.0,0.6964285714285714,0.3035714285714286,0.3035714285714286,0.018691588785046728,0.0,2.5196298172880383e-11,0.0,3.044873849583626e-11,2.776784878422145e-12,8.594252262975037e-12,123,0.0,0.0,0.0,0.3125,2.857142857142857,8,0.038848123518978706,0.0,0.0,2.4301824703568244,3.1630972098214936,1397324337.1336763,all_failed,0,,,12,28,170,6.071428571428571,0,20,20,119,47,0.0,0.0,0.0,0,0,6.832142857142857,10.0,0.0,0.0,660,0,1.0,1.0,0.3595864661654136,6.832142857142861,16605602.696971003,1.0,1.0,0.25882352941176473,0.47058823529411764,0.27058823529411763,0.3941176470588235,0.3141513891745542,0.22045255144380227,0.5346039406183565,0.711764705882353,0.711764705882353,0.711764705882353,0.9823529411764705,0.0003165249500305428,170,0.8181818181818182,0.1590909090909091,0.022727272727272728,0.125,0.6125,0.2625,0.021739130434782608,0.1956521739130435,0.782608695652174,0.019694197045316202,0.0,0.07495624870358329,0.019694197045316202,0.10513382282675245,0.9655172413793104,0.13118731236993528,0.0,0.0,0.0,0.0,0.0,0.0,0.0,0.0,0.0,0,0,0.0,0,0,,,,107,2,,,,,,0.0,0.0,0.0,0,0.0,0.0,0.0,0.10000000000000094,0.10000000000000094,0.0,0.0,0.0,0.0,0.0,0.0,0.009400378827878983,0.009400378827878983,-0.003418946104038588,0.10531051794414606,0.03096595378595431,0.09929511083879342,0.029314829087866912,0.7720640480464911,0.22793595195350885,unified_mainline
32,EFT,-0.001159010840375635,-0.028975271009390874,0.25,0.25,0.703125,0.75,0.30275229357798167,0.3853211009174312,0.3119266055045872,0.30275229357798167,0.3853211009174312,0.3119266055045872,4.10146161728267e-05,0.00026983300113701776,0.0,0.37775476303457173,0.0,2.500000000000001,0.6484007828272693,0.6484007828272693,2.500000000000001,0.6484007828272693,0.8098497553681465,0.75,0.25,0.0,0.37775476303457095,0.9822161300887875,0.0,0.782,0.21799999999999997,0.21799999999999997,0.0,0.0,4.920436020433572e-12,0.0,1.7757906603521287e-11,3.2732829034071154e-12,1.6918451362091175e-11,76,0.0,0.0,0.0,0.012,1.04,5,0.03899514623392089,0.0,0.0,2.083441641218923,3.0074618613272643,307923204.6979573,all_failed,0,,,15,25,109,4.36,0,20,20,74,33,0.0,0.0,0.0,0,0,16.476,18.0,0.0,0.0,788,0,1.0,1.0,0.8671578947368426,16.475999999999996,12158435.659938725,0.9499999999999996,1.0,0.3486238532110092,0.1651376146788991,0.48623853211009177,0.6923076923076923,0.2793603153449914,0.12014099031476302,0.399246860652268,0.6697247706422018,0.6697247706422018,0.6697247706422018,0.908256880733945,0.00012087134174311918,109,0.7105263157894737,0.2894736842105263,0.0,0.3333333333333333,0.6666666666666666,0.0,0.0,0.3584905660377358,0.6415094339622641,0.005700154328098276,0.0,0.025762720848094126,0.005700154328098276,0.03442898060666222,1.0,0.03442898060666222,0.0,0.0,0.0,0.0,0.0,0.0,0.0,0.0,0.0,0,0,0.0,0,0,,,,60,0,,,,,,0.0,0.0,0.0,0,0.0,0.0,0.0,0.10000000000000088,0.10000000000000088,0.0,0.0,0.0,0.0,0.0,0.0,0.00220624686173436,0.00220624686173436,-0.013796355265490702,0.031604001793183165,0.010120398448322744,0.028400948867177762,0.08647011355775337,0.24724197955196886,0.7527580204480311,unified_mainline
33,EFT,-0.0007000333301573821,-0.02030096657456408,0.3,0.3,0.7389162561576355,0.7924528301886793,0.3391812865497076,0.3157894736842105,0.34502923976608185,0.3391812865497076,0.3157894736842105,0.34502923976608185,0.00014040078003945617,0.0007206411718839344,0.0,0.42262020814409074,0.0,2.9000000000000012,1.7815246075053646,1.7815246075053646,2.9000000000000012,1.7815246075053646,2.076545936987255,0.7,0.30000000000000004,0.0,0.42262020814409146,0.9809287487793418,0.0,0.7051724137931035,0.29482758620689653,0.29482758620689653,0.03333333333333333,0.0,4.279659526068569e-12,0.0,1.2328849009410325e-11,3.4291289426058302e-12,1.2328849009410325e-11,113,0.0,0.0,0.0,0.3,3.2413793103448274,6,0.04364178672504357,0.0,0.0,2.50893814929171,3.185492068084616,1215279645.085009,all_failed,0,,,14,29,171,5.896551724137931,0,20,20,107,58,0.0,0.0,0.0,0,0,8.0,11.0,0.0,0.0,667,0,1.0,1.0,0.42105263157894707,8.0,14190163.848275669,1.0,1.0,0.28654970760233917,0.49707602339181284,0.21637426900584794,0.3508771929824561,0.3887108182151258,0.2136982147749763,0.6024090329901022,0.6257309941520468,0.6257309941520468,0.6257309941520468,0.9473684210526315,0.002277770355161216,171,0.8163265306122449,0.14285714285714285,0.04081632653061224,0.2,0.4588235294117647,0.3411764705882353,0.02702702702702703,0.21621621621621623,0.7567567567567568,0.02861336840413797,0.0,0.11954306047299434,0.02861336840413797,0.07577463794759313,0.9491525423728814,0.09656509374671875,0.0,0.0,0.0,0.0,0.0,0.0,0.0,0.0,0.0,0,0,0.0,0,0,,,,120,4,,,,,,0.0,0.0,0.0,0,0.0,0.0,0.0,0.10000000000000095,0.10000000000000095,0.0,0.0,0.0,0.0,0.0,0.0,0.0042391332870635135,0.0042391332870635135,-0.011239466588637328,0.12159732167240365,0.014378346821618931,0.11886111670874668,0.028738841209325287,0.8052923482181662,0.19470765178183386,unified_mainline
34,EFT,-0.0021132422085991197,-0.05917078184077535,0.15,0.15,0.6700507614213198,0.7666666666666667,0.2641509433962264,0.34591194968553457,0.389937106918239,0.2641509433962264,0.34591194968553457,0.389937106918239,0.0,0.0,0.0,0.5191934059751935,0.0,2.800000000000001,1.4593525267192504,1.4593525267192504,2.800000000000001,1.4593525267192504,1.8166994523140219,0.85,0.15000000000000002,0.0,0.5191934059751931,0.9839845610303697,0.0,0.7160714285714286,0.2839285714285714,0.2839285714285714,0.0,0.0,5.836414684878832e-11,0.0,1.7915217850882736e-10,6.691738309305695e-12,3.805684916507999e-11,117,0.0,0.0,0.0,0.2982142857142857,3.4642857142857144,3,0.05529196585458185,0.0,0.0,2.4682421646526542,3.2103134347088855,1169676546.2249858,all_failed,0,,,17,28,159,5.678571428571429,0,20,20,115,42,0.0,0.0,0.0,0,0,17.1,18.0,0.0,0.0,891,0,1.0,1.0,0.8999999999999996,17.10000000000001,14599444.068185525,0.9499999999999995,1.0,0.2893081761006289,0.2830188679245283,0.4276729559748428,0.58,0.30501832923679767,0.2192772513920222,0.5239869120817034,0.6792452830188679,0.6792452830188679,0.6792452830188679,0.9245283018867925,0.002187936318285044,159,0.717391304347826,0.2391304347826087,0.043478260869565216,0.17777777777777778,0.5777777777777777,0.24444444444444444,0.014705882352941176,0.2647058823529412,0.7205882352941176,0.023375442386264853,0.0,0.07259382627963139,0.023375442386264853,0.09403792659688233,0.9516129032258065,0.10832995465205066,0.0,0.0,0.0,0.0,0.0,0.0,0.0,0.0,0.0,0,0,0.0,0,0,,,,120,0,,,,,,0.0,0.0,0.0,0,0.0,0.0,0.0,0.10000000000000094,0.10000000000000094,0.0,0.0,0.0,0.0,0.0,0.0,0.002492937941579874,0.002492937941579874,-0.023625360027571072,0.13267658726642298,0.008780158787954266,0.10059361824276304,0.017297934601917378,0.8532724848852654,0.14672751511473459,unified_mainline
35,EFT,-0.0018436543611761707,-0.07005886572469448,0.1,0.1,0.6525096525096525,0.9041095890410958,0.22167487684729065,0.3842364532019704,0.39408866995073893,0.22167487684729065,0.3842364532019704,0.39408866995073893,0.00015067727833712147,0.0007247767818747614,0.0,0.34978405557014075,0.0,3.800000000000002,2.448176268779775,2.448176268779775,3.800000000000002,2.448176268779775,2.5599165364965852,0.9,0.09999999999999998,0.0,0.3497840555701401,0.9801232204044421,0.0,0.7328947368421053,0.26710526315789473,0.26710526315789473,0.006666666666666667,0.0,5.084150114798014e-11,0.0,1.6286227921824548e-10,6.905833977582931e-12,5.026337505931175e-11,158,0.0,0.0,0.0,0.36447368421052634,2.236842105263158,2,0.03659540198032141,0.0,0.0,3.3718558196022608,3.79373608811038,2099934320.888902,all_failed,0,,,18,38,203,5.342105263157895,0,20,20,151,45,0.0,0.0,0.0,0,0,13.773684210526316,17.0,0.0,0.0,1058,0,1.0,1.0,0.7249307479224378,13.773684210526325,17971857.5021964,1.0,1.0,0.21674876847290642,0.37438423645320196,0.4088669950738916,0.5073891625615764,0.5651522254944228,0.2455020073956425,0.8106542328900653,0.7241379310344828,0.7241379310344828,0.7241379310344828,0.896551724137931,0.0033589411357366496,203,0.7272727272727273,0.20454545454545456,0.06818181818181818,0.15789473684210525,0.6710526315789473,0.17105263157894737,0.012048192771084338,0.21686746987951808,0.7710843373493976,0.040242470861175085,0.0,0.13909754550107725,0.040242470861175085,0.12322891165351298,0.9125,0.14982185793227357,0.0,0.0,0.0,0.0,0.0,0.0,0.0,0.0,0.0,0,0,0.0,0,0,,,,150,1,,,,,,0.0,0.0,0.0,0,0.0,0.0,0.0,0.09999999999999995,0.09999999999999995,0.0,0.0,0.0,0.0,0.0,0.0,0.0022754097229834873,0.0022754097229834873,-0.020711953334745205,0.15935792133130705,0.008518775317573704,0.1230711945456385,0.026013153478638546,0.8255138529069292,0.17448614709307067,unified_mainline
36,EFT,0.006910853555302149,0.15203877821664727,0.95,0.95,0.992,1.0,0.21428571428571427,0.4365079365079365,0.3492063492063492,0.21428571428571427,0.4365079365079365,0.3492063492063492,5.8398229179548974e-05,0.0002595476852424399,0.0,0.15506808962116486,0.0,2.2000000000000006,0.9398022086055852,0.9398022086055852,2.2000000000000006,0.9398022086055852,1.605987297999999,0.05,0.95,0.0,0.15506808962116483,0.9870741668159748,0.0,0.7136363636363636,0.2863636363636364,0.2863636363636364,0.0,0.0,7.609688161720751e-13,0.0,6.040927747450964e-14,7.588438883342208e-13,1.0443521056423476e-14,99,0.0,0.0,0.0,0.09545454545454546,1.2727272727272727,19,0.015788369582336304,0.0,0.0,2.03503188846826,2.95407215128257,372482715.1460735,all_failed,0,,,1,22,126,5.7272727272727275,0,20,20,97,27,0.0,0.0,0.0,0,0,8.7,10.0,0.0,0.0,440,0,1.0,1.0,0.4578947368421052,8.699999999999998,26373313.084533107,1.0,1.0,0.25396825396825395,0.23015873015873015,0.5158730158730159,0.6666666666666666,0.10692348264899929,0.07806104734728389,0.18498452999628315,0.6666666666666666,0.6666666666666666,0.6666666666666666,0.9920634920634921,1.567959364218615e-05,126,0.8125,0.1875,0.0,0.034482758620689655,0.7241379310344828,0.2413793103448276,0.0,0.4307692307692308,0.5692307692307692,0.005981430373042049,0.0,0.03440451206607172,0.005981430373042049,0.03726027407972137,1.0,0.03726027407972137,0.0,0.0,0.0,0.0,0.0,0.0,0.0,0.0,0.0,0,0,0.0,0,0,,,,78,0,,,,,,0.0,0.0,0.0,0,0.0,0.0,0.0,0.10000000000000081,0.10000000000000081,0.0,0.0,0.0,0.0,0.0,0.0,0.005079463908528186,0.005079463908528186,0.0640290716444933,0.03335185975675421,0.0177378104742254,0.029460607421812418,0.16225826416585773,0.1536656625288999,0.8463343374711001,unified_mainline
37,EFT,0.0008030721014821781,0.023289090942983166,0.55,0.55,0.9128205128205128,0.9333333333333333,0.17894736842105263,0.3263157894736842,0.49473684210526314,0.17894736842105263,0.3263157894736842,0.49473684210526314,9.803991156139855e-05,0.0003645073634975074,0.0,0.28070065843545267,0.0,2.9000000000000012,2.011504413491294,2.011504413491294,2.9000000000000012,2.011504413491294,2.492122387504958,0.45,0.55,0.0,0.2807006584354525,0.9906515888436513,0.0,0.6724137931034483,0.3275862068965517,0.3275862068965517,0.0,0.0,1.3430989176735353e-12,0.0,7.68503403275611e-12,1.288967738967417e-12,7.468869706733759e-12,156,0.0,0.0,0.0,0.4896551724137931,2.689655172413793,11,0.029250994690807882,0.0,0.0,2.5079083600938796,3.200058766831139,1461903293.313645,all_failed,0,,,9,29,190,6.551724137931035,0,20,20,152,34,0.0,0.0,0.0,0,0,8.8,10.0,0.0,0.0,580,0,1.0,1.0,0.4631578947368419,8.800000000000004,17646726.008311223,1.0,1.0,0.14210526315789473,0.32105263157894737,0.5368421052631579,0.5894736842105263,0.11107200318390395,0.17549764437924312,0.286569647563147,0.7263157894736842,0.7263157894736842,0.7263157894736842,0.9631578947368421,0.0020131401451594874,190,0.9259259259259259,0.07407407407407407,0.0,0.13114754098360656,0.5901639344262295,0.2786885245901639,0.00980392156862745,0.23529411764705882,0.7549019607843137,0.016714672947156322,0.0,0.09489498101748144,0.016714672947156322,0.12615212085918692,0.9680851063829787,0.1312861302332557,0.0,0.0,0.0,0.0,0.0,0.0,0.0,0.0,0.0,0,0,0.0,0,0,,,,187,0,,,,,,0.0,0.0,0.0,0,0.0,0.0,0.0,0.10000000000000095,0.10000000000000095,0.0,0.0,0.0,0.0,0.0,0.0,0.0010336772508989138,0.0010336772508989138,0.006997043763922856,0.07459228567899999,0.00315543581853354,0.0730491107680757,0.03725507210709054,0.66225150183785,0.33774849816214997,unified_mainline
38,EFT,-0.001158432690143712,-0.03359454801416765,0.2,0.2,0.7286432160804021,0.7580645161290323,0.23809523809523808,0.35119047619047616,0.4107142857142857,0.23809523809523808,0.35119047619047616,0.4107142857142857,6.539805232176858e-05,0.00029633492458301387,0.0,0.36445063754571977,0.0,2.9000000000000012,1.9831131282134442,1.9831131282134442,2.9000000000000012,1.9831131282134442,2.229501322628067,0.8,0.19999999999999996,0.0,0.3644506375457203,0.992491006757391,0.0,0.7103448275862069,0.2896551724137931,0.2896551724137931,0.0,0.0,3.2343286035518837e-12,0.0,1.967367570937508e-11,3.212763388660278e-12,1.9615415628587668e-11,128,0.0,0.0,0.0,0.3448275862068966,2.0689655172413794,4,0.03752935157479669,0.0,0.0,2.5056036316996986,3.161169689396212,1344184160.1789193,all_failed,0,,,16,29,168,5.793103448275862,0,20,20,121,40,0.0,0.0,0.0,0,0,8.941379310344828,10.0,0.0,0.0,580,0,1.0,1.0,0.4705989110707802,8.94137931034483,17488875.375421636,1.0,1.0,0.18452380952380953,0.5952380952380952,0.22023809523809523,0.30357142857142855,0.3350291250249625,0.1752931841661963,0.5103223091911587,0.7083333333333334,0.7083333333333334,0.7083333333333334,0.9583333333333334,0.0004988324261497253,168,0.8709677419354839,0.06451612903225806,0.06451612903225806,0.13,0.56,0.31,0.0,0.02702702702702703,0.972972972972973,0.016447241632391276,0.0,0.1007216448766987,0.016447241632391276,0.09804798136249562,0.9420289855072463,0.11017296623054082,0.0,0.0,0.0,0.0,0.0,0.0,0.0,0.0,0.0,0,0,0.0,0,0,,,,136,0,,,,,,0.0,0.0,0.0,0,0.0,0.0,0.0,0.10000000000000095,0.10000000000000095,0.0,0.0,0.0,0.0,0.0,0.0,0.008328207697846993,0.008328207697846993,-0.019912534599284104,0.09759044662952644,0.028752145623519344,0.09203694452901325,0.028777615511629443,0.7618034158966561,0.23819658410334396,unified_mainline
39,EFT,0.0007502897708388356,0.021008113583487396,0.5,0.5,0.8725490196078431,0.9166666666666666,0.18974358974358974,0.3384615384615385,0.4717948717948718,0.18974358974358974,0.3384615384615385,0.4717948717948718,0.0010053536008577712,0.003563278585318683,0.005129412551576462,0.3391853825712989,0.0,2.800000000000001,2.2784841464150523,2.2784841464150523,2.800000000000001,2.2784841464150523,2.708350733800001,0.5,0.5,0.0,0.3391853825712987,0.9782687608891701,0.0,0.6517857142857143,0.3482142857142857,0.3482142857142857,0.005847953216374269,0.0,1.7684100711568007e-11,0.0,2.0741738621793146e-11,4.071572506231247e-12,1.897971788414331e-11,158,0.0,0.0,0.0,0.5767857142857142,2.3214285714285716,10,0.03545049289623384,0.0,0.0,2.52741647784724,3.1124122570592228,1406509035.1172485,all_failed,0,,,10,28,195,6.964285714285714,0,20,20,150,37,0.0,0.0,0.0,0,0,7.8,9.0,0.0,0.0,560,0,1.0,1.0,0.41052631578947363,7.799999999999999,15059845.356496358,1.0,1.0,0.15384615384615385,0.49230769230769234,0.35384615384615387,0.40512820512820513,0.2941221917118557,0.16156662239235683,0.4556888141042126,0.6923076923076923,0.6923076923076923,0.6923076923076923,0.9333333333333333,0.003753078462922516,195,0.9333333333333333,0.03333333333333333,0.03333333333333333,0.08333333333333333,0.5416666666666666,0.375,0.014492753623188406,0.18840579710144928,0.7971014492753623,0.026955957009923117,0.0,0.13040861952720822,0.026955957009923117,0.12862052565963286,0.9347826086956522,0.1502397503113225,0.0,0.0,0.0,0.0,0.0,0.0,0.0,0.0,0.0,0,0,0.0,0,0,,,,171,1,,,,,,0.0,0.0,0.0,0,0.0,0.0,0.0,0.10000000000000094,0.10000000000000094,0.0,0.0,0.0,0.0,0.0,0.0,0.005951207214183807,0.005951207214183807,0.001551690494204551,0.1841057481611196,0.017090646358681683,0.10759191483734151,0.040155703295109355,0.7282142087792502,0.2717857912207498,unified_mainline
40,EFT,-0.0011475838787235802,-0.030984764725536663,0.3,0.3,0.7563451776649747,0.8260869565217391,0.25595238095238093,0.31547619047619047,0.42857142857142855,0.25595238095238093,0.31547619047619047,0.42857142857142855,0.0,0.0,0.0,0.3695100146014651,0.0,2.700000000000001,1.8992995013895062,1.8992995013895062,2.700000000000001,1.8992995013895062,2.1666932649360553,0.7,0.30000000000000004,0.0,0.36951001460146515,0.9693296169662302,0.0,0.6888888888888889,0.3111111111111111,0.3111111111111111,0.007194244604316547,0.0,1.3950088480207956e-11,0.0,2.158574066019045e-11,2.837451194143137e-12,1.4150433212331559e-11,125,0.0,0.0,0.0,0.35,2.3703703703703702,6,0.03929451624885803,0.0,0.0,2.4784377692134076,3.1100057266823646,1372370393.965838,all_failed,0,,,14,27,168,6.222222222222222,0,20,20,122,43,0.0,0.0,0.0,0,0,8.47037037037037,12.0,0.0,0.0,621,0,1.0,1.0,0.44580896686159865,8.470370370370372,13401912.689420983,1.0,1.0,0.23214285714285715,0.30952380952380953,0.4583333333333333,0.5952380952380952,0.18686986595512461,0.20033354811560564,0.3872034140707302,0.7440476190476191,0.7440476190476191,0.7440476190476191,0.9226190476190477,0.003753185778314454,168,0.8717948717948718,0.07692307692307693,0.05128205128205128,0.1346153846153846,0.6346153846153846,0.23076923076923078,0.025974025974025976,0.22077922077922077,0.7532467532467533,0.02124715218470752,0.0,0.09259172388239678,0.02124715218470752,0.09618454574399295,0.9444444444444444,0.11539305166109583,0.0,0.0,0.0,0.0,0.0,0.0,0.0,0.0,0.0,0,0,0.0,0,0,,,,139,1,,,,,,0.0,0.0,0.0,0,0.0,0.0,0.0,0.10000000000000092,0.10000000000000092,0.0,0.0,0.0,0.0,0.0,0.0,0.0013237807108279745,0.0013237807108279745,-0.012799619498063774,0.13010970673807712,0.00425500942766135,0.08865124588739137,0.04908427434988557,0.6436338697140135,0.3563661302859865,unified_mainline
41,EFT,0.0010251071424638828,0.029728107131452602,0.5,0.5,0.8542713567839196,0.9466666666666667,0.23595505617977527,0.3258426966292135,0.43820224719101125,0.23595505617977527,0.3258426966292135,0.43820224719101125,9.252702054371682e-05,0.0003946005287893806,0.0,0.3635825974477763,0.0,2.9000000000000012,1.9842572687880604,1.9842572687880604,2.9000000000000012,1.9842572687880604,2.3811604585299464,0.5,0.5,0.0,0.36358259744777593,0.9715728787602554,0.0,0.6931034482758621,0.3068965517241379,0.3068965517241379,0.0,0.0,3.1471383658832064e-12,0.0,1.6240049409421464e-11,3.112764820206726e-12,1.9221713370293184e-11,136,0.0,0.0,0.0,0.5051724137931034,1.8275862068965518,10,0.03797234943268338,0.0,0.0,2.565268757270802,3.2148973218042514,1271274919.1341705,all_failed,0,,,10,29,178,6.137931034482759,0,20,20,133,42,0.0,0.0,0.0,0,0,9.1,10.0,0.0,0.0,580,0,1.0,1.0,0.47894736842105295,9.099999999999998,19756582.034884326,1.0,1.0,0.20224719101123595,0.46629213483146065,0.33146067415730335,0.42134831460674155,0.3113409387138463,0.1625994835339126,0.4739404222477588,0.702247191011236,0.702247191011236,0.702247191011236,0.949438202247191,0.0018938680690654484,178,0.8333333333333334,0.1111111111111111,0.05555555555555555,0.14457831325301204,0.5421686746987951,0.3132530120481928,0.0,0.15254237288135594,0.847457627118644,0.01510132536852121,0.0,0.09195355387347616,0.01510132536852121,0.14539391915333896,0.9615384615384616,0.15275753521296656,0.0,0.0,0.0,0.0,0.0,0.0,0.0,0.0,0.0,0,0,0.0,0,0,,,,152,0,,,,,,0.0,0.0,0.0,0,0.0,0.0,0.0,0.10000000000000095,0.10000000000000095,0.0,0.0,0.0,0.0,0.0,0.0,0.006887712653597934,0.006887712653597934,0.0033633587710409094,0.11861995715159926,0.022443108646555035,0.08950502331930435,0.04804363553142525,0.6507153473334618,0.3492846526665383,unified_mainline
42,EFT,0.0051337257771221076,0.11807569287380847,0.8,0.8,0.9090909090909091,0.875,0.232,0.448,0.32,0.232,0.448,0.32,0.0007748000383024285,0.003712583516865804,0.008479857846813491,0.23684715820538252,0.0,2.3000000000000007,0.8776992089103124,0.8776992089103124,2.3000000000000007,0.8776992089103124,1.3519772085000001,0.2,0.8,0.0,0.23684715820538263,0.985072447862319,0.0,0.7282608695652174,0.2717391304347826,0.2717391304347826,0.0,0.0,1.721620567461668e-12,0.0,9.271464759125122e-12,1.714728836352264e-12,1.1215881869086577e-11,96,0.0,0.0,0.0,0.058695652173913045,1.0434782608695652,16,0.024209912209617,0.0,0.0,2.071402543293019,2.9674980690245762,347116249.44719493,all_failed,0,,,4,23,125,5.434782608695652,0,20,20,96,29,0.0,0.0,0.0,0,0,7.9,9.0,0.0,0.0,460,0,1.0,1.0,0.41578947368421043,7.900000000000003,21893770.755974527,1.0,1.0,0.256,0.376,0.368,0.568,0.030187407251846172,0.07266455272209923,0.10285195997394542,0.728,0.728,0.728,1.0,0.0,125,0.84375,0.15625,0.0,0.02127659574468085,0.7446808510638298,0.23404255319148937,0.021739130434782608,0.34782608695652173,0.6304347826086957,0.005013907856929732,0.0,0.02487054308235667,0.005013907856929732,0.026157496030275885,1.0,0.026157496030275885,0.0,0.0,0.0,0.0,0.0,0.0,0.0,0.0,0.0,0,0,0.0,0,0,,,,74,0,,,,,,0.0,0.0,0.0,0,0.0,0.0,0.0,0.10000000000000084,0.10000000000000084,0.0,0.0,0.0,0.0,0.0,0.0,0.005128498740689746,0.005128498740689746,0.04620875903053135,0.03889908280713624,0.018872875365738253,0.027309403040719653,0.18996997155442868,0.12568796781380945,0.8743120321861905,unified_mainline
43,EFT,-0.000949308402438393,-0.027529943670713396,0.3,0.3,0.772020725388601,0.8823529411764706,0.20118343195266272,0.3609467455621302,0.4378698224852071,0.20118343195266272,0.3609467455621302,0.4378698224852071,0.00016033615410232692,0.0006888516250322194,0.0,0.2771794160206933,0.0,2.9000000000000012,1.7746113221116013,1.7746113221116013,2.9000000000000012,1.7746113221116013,2.352126041780515,0.7,0.30000000000000004,0.0,0.27717941602069357,0.9912785115692713,0.0,0.7086206896551724,0.29137931034482756,0.29137931034482756,0.0,0.0,3.748472886255794e-12,0.0,8.462300001357792e-12,2.977226538219968e-12,7.840442487958001e-13,135,0.0,0.0,0.0,0.6448275862068965,3.0344827586206895,6,0.028803461637988425,0.0,0.0,2.5217044011191185,3.2219559294409628,1418115058.3179078,all_failed,0,,,14,29,169,5.827586206896552,0,20,20,129,34,0.0,0.0,0.0,0,0,11.389655172413793,15.0,0.0,0.0,790,0,1.0,1.0,0.5994555353901996,11.38965517241379,15627494.495672213,1.0,1.0,0.1893491124260355,0.3905325443786982,0.42011834319526625,0.5207100591715976,0.1513430423925892,0.20479850558010895,0.35614154797269815,0.757396449704142,0.757396449704142,0.757396449704142,0.9053254437869822,0.0036214321275941717,169,0.875,0.125,0.0,0.09090909090909091,0.6515151515151515,0.25757575757575757,0.0,0.19718309859154928,0.8028169014084507,0.01604431837551771,0.0,0.06228426386587642,0.01604431837551771,0.2523596601884244,0.9864864864864865,0.2558869390572599,0.0,0.0,0.0,0.0,0.0,0.0,0.0,0.0,0.0,0,0,0.0,0,0,,,,135,0,,,,,,0.0,0.0,0.0,0,0.0,0.0,0.0,0.10000000000000095,0.10000000000000095,0.0,0.0,0.0,0.0,0.0,0.0,0.001888316500572903,0.001888316500572903,-0.011381400524956831,0.12114414809639343,0.006480612842202876,0.09624116937747587,0.042370930267445525,0.6943201179696008,0.3056798820303993,unified_mainline
44,EFT,0.006598044414872533,0.14515697712719572,0.9,0.9,0.9699248120300752,1.0,0.2074074074074074,0.37777777777777777,0.4148148148148148,0.2074074074074074,0.37777777777777777,0.4148148148148148,0.0,0.0,0.0,0.16686746904732377,0.0,2.2000000000000006,0.8583704040020229,0.8583704040020229,2.2000000000000006,0.8583704040020229,1.2261564756,0.1,0.9,0.0,0.16686746904732372,0.9844558569748811,0.0,0.6931818181818182,0.30681818181818177,0.30681818181818177,0.029411764705882353,0.0,5.581978022167755e-13,0.0,2.6920225895460044e-13,5.389273012232354e-13,8.512857607690547e-14,107,0.0,0.0,0.0,0.08181818181818182,1.4545454545454546,18,0.017086957190761136,0.0,0.0,2.0397267634231846,2.9199278512975537,370510827.5337323,all_failed,0,,,2,22,135,6.136363636363637,0,20,20,103,28,0.0,0.0,0.0,0,0,6.8,10.049999999999955,0.0,0.0,484,0,1.0,1.0,0.35789473684210527,6.8,24261950.98695508,1.0,1.0,0.2518518518518518,0.25925925925925924,0.4888888888888889,0.674074074074074,0.07087124917983821,0.10747843674083689,0.17834968592067507,0.8,0.8,0.8,0.9925925925925926,0.00025703760854601984,135,0.8235294117647058,0.14705882352941177,0.029411764705882353,0.0,0.8571428571428571,0.14285714285714285,0.0,0.24242424242424243,0.7575757575757576,0.0043635502231015545,0.0,0.03553467067754023,0.0043635502231015545,0.02309511140473784,0.9821428571428571,0.02423887046388581,0.0,0.0,0.0,0.0,0.0,0.0,0.0,0.0,0.0,0,0,0.0,0,0,,,,102,3,,,,,,0.0,0.0,0.0,0,0.0,0.0,0.0,0.10000000000000081,0.10000000000000081,0.0,0.0,0.0,0.0,0.0,0.0,0.006182254508134933,0.006182254508134933,0.05979818964059039,0.052283605882785814,0.020149570248736072,0.03178705715822114,0.1515920625274092,0.17334065739171495,0.8266593426082851,unified_mainline
45,EFT,-0.0019722328052272425,-0.05719475135159003,0.15,0.15,0.6989795918367347,0.8208955223880597,0.19753086419753085,0.37037037037037035,0.43209876543209874,0.19753086419753085,0.37037037037037035,0.43209876543209874,0.0,0.0,0.0,0.36559898841091903,0.0,2.9000000000000012,1.4333084528952027,1.4333084528952027,2.9000000000000012,1.4333084528952027,1.7952373499047423,0.85,0.15000000000000002,0.0,0.3655989884109188,0.9772302514354788,0.0,0.7206896551724138,0.2793103448275862,0.2793103448275862,0.0,0.0,4.232544870141908e-11,0.0,2.0843221940070024e-10,8.667302119069742e-12,4.478611960456729e-11,130,0.0,0.0,0.0,0.29482758620689653,2.310344827586207,3,0.03894289241047331,0.0,0.0,2.510622340331808,3.165153860566543,1290257057.0558429,all_failed,0,,,17,29,162,5.586206896551724,0,20,20,127,32,0.0,0.0,0.0,0,0,14.1,17.0,0.0,0.0,901,0,1.0,1.0,0.7421052631578948,14.100000000000005,11962624.910123153,0.9499999999999995,1.0,0.24691358024691357,0.3148148148148148,0.4382716049382716,0.58,0.20100389633194535,0.22260239349960687,0.42775572324576805,0.7530864197530864,0.7530864197530864,0.7530864197530864,0.8518518518518519,0.0029849291762015524,162,0.7,0.225,0.075,0.0784313725490196,0.7254901960784313,0.19607843137254902,0.0,0.19718309859154928,0.8028169014084507,0.023301519122646643,0.0,0.08516925406895491,0.023301519122646643,0.06875799052567094,0.9142857142857143,0.10585561963898443,0.0,0.0,0.0,0.0,0.0,0.0,0.0,0.0,0.0,0,0,0.0,0,0,,,,123,0,,,,,,0.0,0.0,0.0,0,0.0,0.0,0.0,0.10000000000000095,0.10000000000000095,0.0,0.0,0.0,0.0,0.0,0.0,0.0027766556148043266,0.0027766556148043266,-0.02249898366707676,0.1307224866237619,0.009941112694978476,0.10886996303956906,0.023110869887140527,0.8248922258281681,0.17510777417183182,unified_mainline
46,EFT,0.0017984661657587673,0.04855858647548671,0.6,0.6,0.8802083333333334,0.9295774647887324,0.22395833333333334,0.328125,0.4479166666666667,0.22395833333333334,0.328125,0.4479166666666667,0.0003223389844359315,0.0011682083999691479,0.0,0.25654266987518887,0.0,2.700000000000001,2.032082422415467,2.032082422415467,2.700000000000001,2.032082422415467,2.408029671938028,0.4,0.6,0.0,0.25654266987518876,0.9807503914617383,0.0,0.6444444444444445,0.3555555555555555,0.3555555555555555,0.04819277108433735,0.0,1.3393957817853241e-11,0.0,3.484909583129081e-11,3.5756935606867657e-12,1.9890655008486523e-11,149,0.0,0.0,0.0,0.49074074074074076,2.6296296296296298,13,0.02665941918842228,0.0,0.0,2.493367632257386,3.206784622461555,1271108556.0762134,all_failed,0,,,8,27,192,7.111111111111111,0,20,20,134,43,0.0,0.0,0.0,0,0,6.95925925925926,9.0,0.0,0.0,563,0,1.0,1.0,0.36627680311890826,6.9592592592592615,16353267.85548747,1.0,1.0,0.21354166666666666,0.4322916666666667,0.3541666666666667,0.4583333333333333,0.15132602745006396,0.20562213712195124,0.3569481645720152,0.6770833333333334,0.6770833333333334,0.6770833333333334,0.9322916666666666,0.0032793033487106137,192,0.8536585365853658,0.0975609756097561,0.04878048780487805,0.0963855421686747,0.5180722891566265,0.3855421686746988,0.0,0.23529411764705882,0.7647058823529411,0.01932807782929263,0.0,0.10083171759845047,0.01932807782929263,0.12180428857806641,0.9534883720930233,0.12981329436663017,0.0,0.0,0.0,0.0,0.0,0.0,0.0,0.0,0.0,0,0,0.0,0,0,,,,166,8,,,,,,0.0,0.0,0.0,0,0.0,0.0,0.0,0.10000000000000092,0.10000000000000092,0.0,0.0,0.0,0.0,0.0,0.0,0.00627370827683878,0.00627370827683878,0.011710953380748883,0.1424267783536069,0.017644804528609077,0.0884871479673318,0.024183864291581675,0.785358595731721,0.21464140426827907,unified_mainline
47,EFT,0.0005737232153781484,0.016064250030588156,0.5,0.5,0.845771144278607,0.8904109589041096,0.2512820512820513,0.3076923076923077,0.441025641025641,0.2512820512820513,0.3076923076923077,0.441025641025641,0.00014582362807843724,0.0005593235049583894,0.0,0.2629097943394591,0.0,2.800000000000001,1.9207004368036409,1.9207004368036409,2.800000000000001,1.9207004368036409,2.2549604416000006,0.5,0.5,0.0,0.26290979433945905,0.9879588041262664,0.0,0.6517857142857143,0.3482142857142857,0.3482142857142857,0.052941176470588235,0.0,1.8013200306365995e-11,0.0,1.0822851295722025e-11,2.008920373802736e-12,1.035857762413105e-11,146,0.0,0.0,0.0,0.5053571428571428,3.142857142857143,10,0.02679553638075344,0.0,0.0,2.5266257126261373,3.1880855101082908,1363806684.6740913,all_failed,0,,,10,28,195,6.964285714285714,0,20,20,133,49,0.0,0.0,0.0,0,0,6.6,8.0,0.0,0.0,602,0,1.0,1.0,0.3473684210526315,6.599999999999996,15073082.245705636,1.0,1.0,0.2358974358974359,0.3641025641025641,0.4,0.5538461538461539,0.11169514837765208,0.26611855328649453,0.37781370166414663,0.6820512820512821,0.6820512820512821,0.6820512820512821,0.9435897435897436,0.0018401320822642635,195,0.8260869565217391,0.17391304347826086,0.0,0.14084507042253522,0.49295774647887325,0.36619718309859156,0.01282051282051282,0.21794871794871795,0.7692307692307693,0.02087013327903085,0.0,0.09019643338355249,0.02087013327903085,0.14160006667704406,0.9651162790697675,0.1576051812264726,0.0,0.0,0.0,0.0,0.0,0.0,0.0,0.0,0.0,0,0,0.0,0,0,,,,170,9,,,,,,0.0,0.0,0.0,0,0.0,0.0,0.0,0.10000000000000094,0.10000000000000094,0.0,0.0,0.0,0.0,0.0,0.0,0.0015642018135414144,0.0015642018135414144,0.0041730303402400725,0.09998140360436518,0.004492066746580469,0.09179695587398945,0.03228759107569549,0.7397936175824715,0.2602063824175285,unified_mainline
48,EFT,0.003924265111421217,0.09025809756268798,0.7,0.7,0.8805970149253731,0.9375,0.25396825396825395,0.35714285714285715,0.3888888888888889,0.25396825396825395,0.35714285714285715,0.3888888888888889,1.1669724711339021e-05,5.710716348102074e-05,0.0,0.22847879431599782,0.0,2.3000000000000007,0.9197170634761702,0.9197170634761702,2.3000000000000007,0.9197170634761702,1.6586093426934205,0.3,0.7,0.0,0.22847879431599774,0.9892026772145026,0.0,0.7260869565217392,0.27391304347826084,0.27391304347826084,0.01098901098901099,0.0,3.923625313539958e-11,0.0,6.726200221795968e-11,3.016428253010961e-12,1.4740198558266138e-11,94,0.0,0.0,0.0,0.1108695652173913,0.8695652173913043,14,0.023173710277804044,0.0,0.0,2.086428547378303,2.9223059625385104,386035845.53826404,all_failed,0,,,6,23,126,5.478260869565218,0,20,20,93,32,0.0,0.0,0.0,0,0,6.656521739130435,9.0,0.0,0.0,522,0,1.0,1.0,0.3503432494279175,6.656521739130433,18499812.568861056,1.0,1.0,0.23809523809523808,0.35714285714285715,0.40476190476190477,0.6031746031746031,-0.06340000335374926,0.25758605403970014,0.19418605068595093,0.7777777777777778,0.7777777777777778,0.7777777777777778,0.9761904761904762,0.0002441613402777778,126,0.8333333333333334,0.13333333333333333,0.03333333333333333,0.13333333333333333,0.7111111111111111,0.15555555555555556,0.0196078431372549,0.17647058823529413,0.803921568627451,0.00987578822630061,0.0,0.02869234282535918,0.00987578822630061,0.0028002711313443725,0.9795918367346939,0.019901715597558347,0.0,0.0,0.0,0.0,0.0,0.0,0.0,0.0,0.0,0,0,0.0,0,0,,,,91,1,,,,,,0.0,0.0,0.0,0,0.0,0.0,0.0,0.10000000000000084,0.10000000000000084,0.0,0.0,0.0,0.0,0.0,0.0,0.0051111531281929894,0.0051111531281929894,0.03413149798601918,0.04509320196970392,0.018659765388641066,0.0393563090537029,0.1475490468072316,0.21056811813881707,0.7894318818611828,unified_mainline
49,EFT,0.005257937710384166,0.12093256733883583,0.8,0.8,0.9307692307692308,0.9230769230769231,0.21705426356589147,0.4573643410852713,0.32558139534883723,0.21705426356589147,0.4573643410852713,0.32558139534883723,0.00016242360791094798,0.0007397510855350106,0.0,0.1185551771678337,0.0,2.3000000000000007,0.8064093238176537,0.8064093238176537,2.3000000000000007,0.8064093238176537,1.0362244975026265,0.2,0.8,0.0,0.11855517716783368,0.9935807038848615,0.0,0.7195652173913043,0.2804347826086957,0.2804347826086957,0.012987012987012988,0.0,3.474693102689663e-11,0.0,2.538399802853856e-11,2.174776634819575e-12,1.0830127246397314e-11,101,0.0,0.0,0.0,0.09565217391304348,1.2608695652173914,16,0.012025674635525216,0.0,0.0,2.0706019396544217,2.9674910552006133,352515622.3952456,all_failed,0,,,4,23,129,5.608695652173913,0,20,20,98,28,0.0,0.0,0.0,0,0,7.121739130434783,10.099999999999909,0.0,0.0,538,0,1.0,1.0,0.37482837528604107,7.121739130434778,24835765.0745752,1.0,1.0,0.2558139534883721,0.20930232558139536,0.5348837209302325,0.7441860465116279,-0.016595943338698103,0.08619094868648348,0.06959500534778539,0.6356589147286822,0.6356589147286822,0.6356589147286822,0.9767441860465116,0.00020666943752091247,129,0.8181818181818182,0.15151515151515152,0.030303030303030304,0.037037037037037035,0.7407407407407407,0.2222222222222222,0.0,0.4927536231884058,0.5072463768115942,0.006942273955028415,0.0,0.043946081417474546,0.006942273955028415,0.025512692977586765,0.9761904761904762,0.026439079775105852,0.0,0.0,0.0,0.0,0.0,0.0,0.0,0.0,0.0,0,0,0.0,0,0,,,,77,1,,,,,,0.0,0.0,0.0,0,0.0,0.0,0.0,0.10000000000000084,0.10000000000000084,0.0,0.0,0.0,0.0,0.0,0.0,0.00543647239111145,0.00543647239111145,0.04714290471273023,0.04281747819135965,0.019385870541947778,0.029062258937516534,0.18698319732420318,0.13451918610271632,0.8654808138972836,unified_mainline
50,EFT,-0.003094200504671355,-0.1175796191775115,0.0,0.0,0.676,0.8433734939759037,0.16494845360824742,0.4072164948453608,0.42783505154639173,0.16494845360824742,0.4072164948453608,0.42783505154639173,0.0,0.0,0.0,0.29057215410236914,0.0,3.800000000000002,0.0,0.0,3.800000000000002,0.0,0.0,1.0,0.0,0.0,0.2905721541023689,0.9683673249836862,0.0,0.7447368421052631,0.25526315789473686,0.25526315789473686,0.0,0.0,9.202884287962121e-11,0.0,1.5820282653344888e-10,1.0828503024806757e-11,3.179220914306622e-11,162,0.0,0.0,0.0,0.3907894736842105,4.026315789473684,0,0.03088005731655628,0.0,0.0,3.276641448411726,3.8045860652774066,2038848653.160118,all_failed,0,,,20,38,194,5.105263157894737,0,20,20,162,32,0.0,0.0,0.0,0,0,18.9,19.0,0.0,0.0,1242,0,1.0,1.0,0.9947368421052624,18.899999999999988,19606593.78661601,1.0,1.0,0.13402061855670103,0.4484536082474227,0.4175257731958763,0.4793814432989691,0.30508221886529047,0.23130653500712697,0.5363887538724174,0.7577319587628866,0.7577319587628866,0.7577319587628866,0.9278350515463918,0.0028353810498493834,194,0.9230769230769231,0.07692307692307693,0.0,0.08045977011494253,0.6896551724137931,0.22988505747126436,0.012345679012345678,0.20987654320987653,0.7777777777777778,0.015228592946471546,0.0,0.06608436222994994,0.015228592946471546,0.12234417888615304,0.9879518072289156,0.12734284487470574,0.0,0.0,0.0,0.0,0.0,0.0,0.0,0.0,0.0,0,0,0.0,0,0,,,,151,0,,,,,,0.0,0.0,0.0,0,0.0,0.0,0.0,0.09999999999999995,0.09999999999999995,0.0,0.0,0.0,0.0,0.0,0.0,-0.004109775326065548,-0.004109775326065548,-0.026832229720648002,0.04980285078437468,-0.0161001507619063,0.10298685345696695,0.01047109992575271,0.907709423503954,0.092290576496046,unified_mainline
